File "case-resumption-patch.pv", line 291, characters 44-56:
Warning: identifier resumption_id rebound.
File "case-resumption-patch.pv", line 294, characters 9-21:
Warning: identifier resumption_id rebound.
Linear part:
mul_point(mul_point(P,a),b) = mul_point(mul_point(P,b),a)
Completing equations...
Completed equations:
mul_point(mul_point(P,a),b) = mul_point(mul_point(P,b),a)
Convergent part: No equation.
Process 0 (that is, the initial process):
{1}new ipk: key;
{2}new seed_x: bitstring;
{3}new seed_y: bitstring;
{4}let noc_verification_key: group = mul_point(P,noc_signing_key) in
{5}out(c, noc_verification_key);
(
    {6}!
    {7}new initiator_noc_key: key;
    {8}let initiator_noc: group = mul_point(P,initiator_noc_key) in
    {9}let initiator_noc_signature: bitstring = sign(noc_signing_key,initiator_noc) in
    {10}let seed_x_1: bitstring = seed_x in
    {11}let initiator_noc_key_1: key = initiator_noc_key in
    {12}let ipk_1: key = ipk in
    {13}new fresh_x: bitstring;
    {14}let x: bitstring = hash((seed_x_1,fresh_x)) in
    {15}new initiator_random: bitstring;
    {16}let gx: group = mul_point(P,x) in
    {17}let msg1: bitstring = (gx,initiator_random) in
    {18}out(c, msg1);
    {19}in(c, msg2: bitstring);
    {20}let (responder_random: bitstring,gy: group,cb: bitstring) = msg2 in
    {21}event start_session_with_responder(gy,responder_random);
    {22}let shared_secret: group = mul_point(gy,x) in
    {23}let s2k: key = kdf(shared_secret,(ipk_1,responder_random,gy,hash(msg1)),sigma2_info) in
    {24}let (responder_noc: group,responder_noc_signature: bitstring,sig_b: bitstring,resumption_id: bitstring) = aead_dec(s2k,cb,ncase_sigma2n,nil) in
    {25}if (sign_verif(noc_verification_key,responder_noc_signature,responder_noc) && sign_verif(responder_noc,sig_b,(responder_noc,gy,gx))) then
    {26}event accept_responder_identity(responder_noc,gy,responder_random);
    {27}let sig_i: bitstring = sign(initiator_noc_key_1,(initiator_noc,gx,gy)) in
    {28}let s3k: key = kdf(shared_secret,(ipk_1,hash((msg1,msg2))),sigma3_info) in
    {29}let msg3: bitstring = aead_enc(s3k,(initiator_noc,initiator_noc_signature,sig_i),ncase_sigma3n,nil) in
    {30}out(c, msg3);
    {31}let keys: key = kdf(shared_secret,(ipk_1,hash((msg1,msg2,msg3))),sekeys_info) in
    {32}let resumption_prekey: key = kdf(shared_secret,(ipk_1,hash((msg1,msg2,msg3))),resumption_prekey_info) in
    {33}event initiator_end(initiator_noc,gx,initiator_random);
    {34}out(c, enc(initiator_noc,q_id_i_i));
    {35}out(c, enc(responder_noc,q_id_r_i));
    {36}out(c, fresh_x);
    {37}out(c, enc(x,q_eph_x));
    {38}out(c, enc(shared_secret,q_shared_secret_i));
    {39}out(c, enc(keys,q_session_keys_i));
    {40}out(c, enc(resumption_prekey,q_resumption_prekeys_i));
    {41}new res_initiator_random: bitstring;
    {42}let s1rk: key = kdf(resumption_prekey,(res_initiator_random,resumption_id),sigma1_resume) in
    {43}let initiator_resume1_mic: bitstring = aead_enc(s1rk,nil,resume1mic_nonce,nil) in
    {44}out(c, (res_initiator_random,resumption_id,initiator_resume1_mic));
    {45}in(c, (res_resumption_id: bitstring,responder_resume2_mic: bitstring));
    {46}let s2rk: key = kdf(resumption_prekey,(res_initiator_random,res_resumption_id),sigma2_resume) in
    {47}let ignored_v: bitstring = aead_dec(s2rk,responder_resume2_mic,resume2mic_nonce,nil) in
    {48}let resumption_keys: key = kdf(resumption_prekey,(res_initiator_random,res_resumption_id),sessionresumptionkeys) in
    {49}out(c, enc(resumption_keys,q_resumption_session_keys_i));
    {50}new dummy: bitstring;
    {51}event did_not_reach_end_initiator(dummy)
) | (
    {52}!
    {53}new responder_noc_key: key;
    {54}let responder_noc_1: group = mul_point(P,responder_noc_key) in
    {55}let responder_noc_signature_1: bitstring = sign(noc_signing_key,responder_noc_1) in
    {56}let seed_y_1: bitstring = seed_y in
    {57}let responder_noc_key_1: key = responder_noc_key in
    {58}let ipk_2: key = ipk in
    {59}in(c, msg1_1: bitstring);
    {60}let (gx_1: group,initiator_random_1: bitstring) = msg1_1 in
    {61}event start_session_with_initiator(gx_1,initiator_random_1);
    {62}new fresh_y: bitstring;
    {63}let y: bitstring = hash((seed_y_1,fresh_y)) in
    {64}new responder_random_1: bitstring;
    {65}new resumption_id_1: bitstring;
    {66}let gy_1: group = mul_point(P,y) in
    {67}let shared_secret_1: group = mul_point(gx_1,y) in
    {68}let s2k_1: key = kdf(shared_secret_1,(ipk_2,responder_random_1,gy_1,hash(msg1_1)),sigma2_info) in
    {69}let sig_r: bitstring = sign(responder_noc_key_1,(responder_noc_1,gy_1,gx_1)) in
    {70}let c_r: bitstring = aead_enc(s2k_1,(responder_noc_1,responder_noc_signature_1,sig_r,resumption_id_1),ncase_sigma2n,nil) in
    {71}let msg2_1: bitstring = (responder_random_1,gy_1,c_r) in
    {72}out(c, msg2_1);
    {73}in(c, msg3_1: bitstring);
    {74}let s3k_1: key = kdf(shared_secret_1,(ipk_2,hash((msg1_1,msg2_1))),sigma3_info) in
    {75}let (initiator_noc_1: group,initiator_noc_signature_1: bitstring,sig_i_1: bitstring) = aead_dec(s3k_1,msg3_1,ncase_sigma3n,nil) in
    {76}if (sign_verif(noc_verification_key,initiator_noc_signature_1,initiator_noc_1) && sign_verif(initiator_noc_1,sig_i_1,(initiator_noc_1,gx_1,gy_1))) then
    {77}let keys_1: key = kdf(shared_secret_1,(ipk_2,hash((msg1_1,msg2_1,msg3_1))),sekeys_info) in
    {78}let resumption_prekey_1: key = kdf(shared_secret_1,(ipk_2,hash((msg1_1,msg2_1,msg3_1))),resumption_prekey_info) in
    {79}out(c, sigma_finished);
    {80}event responder_end(responder_noc_1,gy_1,responder_random_1);
    {81}out(c, enc(initiator_noc_1,q_id_i_r));
    {82}out(c, enc(responder_noc_1,q_id_r_r));
    {83}out(c, fresh_y);
    {84}out(c, enc(y,q_eph_y));
    {85}out(c, enc(shared_secret_1,q_shared_secret_r));
    {86}out(c, enc(keys_1,q_session_keys_r));
    {87}out(c, enc(resumption_prekey_1,q_resumption_prekeys_r));
    {88}in(c, (res_initiator_random_1: bitstring,resumption_id_2: bitstring,initiator_resume1_mic_1: bitstring));
    {89}let s1rk_1: key = kdf(resumption_prekey_1,(res_initiator_random_1,resumption_id_2),sigma1_resume) in
    {90}let ignored_v_1: bitstring = aead_dec(s1rk_1,initiator_resume1_mic_1,resume1mic_nonce,nil) in
    {91}new resumption_id_3: bitstring;
    {92}let s2rk_1: key = kdf(resumption_prekey_1,(res_initiator_random_1,resumption_id_3),sigma2_resume) in
    {93}let responder_resume2_mic_1: bitstring = aead_enc(s2rk_1,nil,resume2mic_nonce,nil) in
    {94}out(c, (resumption_id_3,responder_resume2_mic_1));
    {95}let resumption_keys_1: key = kdf(resumption_prekey_1,(res_initiator_random_1,resumption_id_3),sessionresumptionkeys) in
    {96}out(c, enc(resumption_keys_1,q_resumption_session_keys_r));
    {97}new dummy_1: bitstring;
    {98}event did_not_reach_end_responder(dummy_1)
) | (
    {99}!
    {100}phase 1;
    {101}out(c, seed_x)
) | (
    {102}!
    {103}phase 2;
    {104}out(c, seed_y)
)

--  Process 1 (that is, process 0, with let moved downwards):
{1}new ipk: key;
{2}new seed_x: bitstring;
{3}new seed_y: bitstring;
{4}let noc_verification_key: group = mul_point(P,noc_signing_key) in
{5}out(c, noc_verification_key);
(
    {6}!
    {7}new initiator_noc_key: key;
    {13}new fresh_x: bitstring;
    {15}new initiator_random: bitstring;
    {10}let seed_x_1: bitstring = seed_x in
    {14}let x: bitstring = hash((seed_x_1,fresh_x)) in
    {16}let gx: group = mul_point(P,x) in
    {17}let msg1: bitstring = (gx,initiator_random) in
    {18}out(c, msg1);
    {19}in(c, msg2: bitstring);
    {20}let (responder_random: bitstring,gy: group,cb: bitstring) = msg2 in
    {21}event start_session_with_responder(gy,responder_random);
    {22}let shared_secret: group = mul_point(gy,x) in
    {12}let ipk_1: key = ipk in
    {23}let s2k: key = kdf(shared_secret,(ipk_1,responder_random,gy,hash(msg1)),sigma2_info) in
    {24}let (responder_noc: group,responder_noc_signature: bitstring,sig_b: bitstring,resumption_id: bitstring) = aead_dec(s2k,cb,ncase_sigma2n,nil) in
    {25}if (sign_verif(noc_verification_key,responder_noc_signature,responder_noc) && sign_verif(responder_noc,sig_b,(responder_noc,gy,gx))) then
    {26}event accept_responder_identity(responder_noc,gy,responder_random);
    {28}let s3k: key = kdf(shared_secret,(ipk_1,hash((msg1,msg2))),sigma3_info) in
    {11}let initiator_noc_key_1: key = initiator_noc_key in
    {8}let initiator_noc: group = mul_point(P,initiator_noc_key) in
    {27}let sig_i: bitstring = sign(initiator_noc_key_1,(initiator_noc,gx,gy)) in
    {9}let initiator_noc_signature: bitstring = sign(noc_signing_key,initiator_noc) in
    {29}let msg3: bitstring = aead_enc(s3k,(initiator_noc,initiator_noc_signature,sig_i),ncase_sigma3n,nil) in
    {30}out(c, msg3);
    {33}event initiator_end(initiator_noc,gx,initiator_random);
    {34}out(c, enc(initiator_noc,q_id_i_i));
    {35}out(c, enc(responder_noc,q_id_r_i));
    {36}out(c, fresh_x);
    {37}out(c, enc(x,q_eph_x));
    {38}out(c, enc(shared_secret,q_shared_secret_i));
    {31}let keys: key = kdf(shared_secret,(ipk_1,hash((msg1,msg2,msg3))),sekeys_info) in
    {39}out(c, enc(keys,q_session_keys_i));
    {32}let resumption_prekey: key = kdf(shared_secret,(ipk_1,hash((msg1,msg2,msg3))),resumption_prekey_info) in
    {40}out(c, enc(resumption_prekey,q_resumption_prekeys_i));
    {41}new res_initiator_random: bitstring;
    {42}let s1rk: key = kdf(resumption_prekey,(res_initiator_random,resumption_id),sigma1_resume) in
    {43}let initiator_resume1_mic: bitstring = aead_enc(s1rk,nil,resume1mic_nonce,nil) in
    {44}out(c, (res_initiator_random,resumption_id,initiator_resume1_mic));
    {45}in(c, (res_resumption_id: bitstring,responder_resume2_mic: bitstring));
    {46}let s2rk: key = kdf(resumption_prekey,(res_initiator_random,res_resumption_id),sigma2_resume) in
    {47}let ignored_v: bitstring = aead_dec(s2rk,responder_resume2_mic,resume2mic_nonce,nil) in
    {48}let resumption_keys: key = kdf(resumption_prekey,(res_initiator_random,res_resumption_id),sessionresumptionkeys) in
    {49}out(c, enc(resumption_keys,q_resumption_session_keys_i));
    {50}new dummy: bitstring;
    {51}event did_not_reach_end_initiator(dummy)
) | (
    {52}!
    {53}new responder_noc_key: key;
    {59}in(c, msg1_1: bitstring);
    {60}let (gx_1: group,initiator_random_1: bitstring) = msg1_1 in
    {61}event start_session_with_initiator(gx_1,initiator_random_1);
    {62}new fresh_y: bitstring;
    {64}new responder_random_1: bitstring;
    {65}new resumption_id_1: bitstring;
    {56}let seed_y_1: bitstring = seed_y in
    {63}let y: bitstring = hash((seed_y_1,fresh_y)) in
    {66}let gy_1: group = mul_point(P,y) in
    {57}let responder_noc_key_1: key = responder_noc_key in
    {54}let responder_noc_1: group = mul_point(P,responder_noc_key) in
    {69}let sig_r: bitstring = sign(responder_noc_key_1,(responder_noc_1,gy_1,gx_1)) in
    {67}let shared_secret_1: group = mul_point(gx_1,y) in
    {58}let ipk_2: key = ipk in
    {68}let s2k_1: key = kdf(shared_secret_1,(ipk_2,responder_random_1,gy_1,hash(msg1_1)),sigma2_info) in
    {55}let responder_noc_signature_1: bitstring = sign(noc_signing_key,responder_noc_1) in
    {70}let c_r: bitstring = aead_enc(s2k_1,(responder_noc_1,responder_noc_signature_1,sig_r,resumption_id_1),ncase_sigma2n,nil) in
    {71}let msg2_1: bitstring = (responder_random_1,gy_1,c_r) in
    {72}out(c, msg2_1);
    {73}in(c, msg3_1: bitstring);
    {74}let s3k_1: key = kdf(shared_secret_1,(ipk_2,hash((msg1_1,msg2_1))),sigma3_info) in
    {75}let (initiator_noc_1: group,initiator_noc_signature_1: bitstring,sig_i_1: bitstring) = aead_dec(s3k_1,msg3_1,ncase_sigma3n,nil) in
    {76}if (sign_verif(noc_verification_key,initiator_noc_signature_1,initiator_noc_1) && sign_verif(initiator_noc_1,sig_i_1,(initiator_noc_1,gx_1,gy_1))) then
    {79}out(c, sigma_finished);
    {80}event responder_end(responder_noc_1,gy_1,responder_random_1);
    {81}out(c, enc(initiator_noc_1,q_id_i_r));
    {82}out(c, enc(responder_noc_1,q_id_r_r));
    {83}out(c, fresh_y);
    {84}out(c, enc(y,q_eph_y));
    {85}out(c, enc(shared_secret_1,q_shared_secret_r));
    {77}let keys_1: key = kdf(shared_secret_1,(ipk_2,hash((msg1_1,msg2_1,msg3_1))),sekeys_info) in
    {86}out(c, enc(keys_1,q_session_keys_r));
    {78}let resumption_prekey_1: key = kdf(shared_secret_1,(ipk_2,hash((msg1_1,msg2_1,msg3_1))),resumption_prekey_info) in
    {87}out(c, enc(resumption_prekey_1,q_resumption_prekeys_r));
    {88}in(c, (res_initiator_random_1: bitstring,resumption_id_2: bitstring,initiator_resume1_mic_1: bitstring));
    {89}let s1rk_1: key = kdf(resumption_prekey_1,(res_initiator_random_1,resumption_id_2),sigma1_resume) in
    {90}let ignored_v_1: bitstring = aead_dec(s1rk_1,initiator_resume1_mic_1,resume1mic_nonce,nil) in
    {91}new resumption_id_3: bitstring;
    {92}let s2rk_1: key = kdf(resumption_prekey_1,(res_initiator_random_1,resumption_id_3),sigma2_resume) in
    {93}let responder_resume2_mic_1: bitstring = aead_enc(s2rk_1,nil,resume2mic_nonce,nil) in
    {94}out(c, (resumption_id_3,responder_resume2_mic_1));
    {95}let resumption_keys_1: key = kdf(resumption_prekey_1,(res_initiator_random_1,resumption_id_3),sessionresumptionkeys) in
    {96}out(c, enc(resumption_keys_1,q_resumption_session_keys_r));
    {97}new dummy_1: bitstring;
    {98}event did_not_reach_end_responder(dummy_1)
) | (
    {99}!
    {100}phase 1;
    {101}out(c, seed_x)
) | (
    {102}!
    {103}phase 2;
    {104}out(c, seed_y)
)

-- Query inj-event(responder_end(noc,k,r)) ==> inj-event(start_session_with_responder(k,r)) && inj-event(accept_responder_identity(noc,k,r)) in process 1.
Translating the process into Horn clauses...
Completing...
200 rules inserted. Base: 197 rules (103 with conclusion selected). Queue: 77 rules.
400 rules inserted. Base: 371 rules (116 with conclusion selected). Queue: 181 rules.
600 rules inserted. Base: 507 rules (120 with conclusion selected). Queue: 336 rules.
800 rules inserted. Base: 607 rules (120 with conclusion selected). Queue: 376 rules.
1000 rules inserted. Base: 706 rules (120 with conclusion selected). Queue: 492 rules.
1200 rules inserted. Base: 821 rules (131 with conclusion selected). Queue: 518 rules.
1400 rules inserted. Base: 915 rules (131 with conclusion selected). Queue: 557 rules.
1600 rules inserted. Base: 1047 rules (142 with conclusion selected). Queue: 583 rules.
1800 rules inserted. Base: 1097 rules (142 with conclusion selected). Queue: 649 rules.
2000 rules inserted. Base: 1227 rules (142 with conclusion selected). Queue: 662 rules.
2200 rules inserted. Base: 1375 rules (142 with conclusion selected). Queue: 717 rules.
2400 rules inserted. Base: 1433 rules (142 with conclusion selected). Queue: 718 rules.
2600 rules inserted. Base: 1555 rules (142 with conclusion selected). Queue: 761 rules.
2800 rules inserted. Base: 1702 rules (142 with conclusion selected). Queue: 781 rules.
3000 rules inserted. Base: 1767 rules (150 with conclusion selected). Queue: 801 rules.
3200 rules inserted. Base: 1804 rules (150 with conclusion selected). Queue: 794 rules.
3400 rules inserted. Base: 1951 rules (150 with conclusion selected). Queue: 711 rules.
3600 rules inserted. Base: 2065 rules (158 with conclusion selected). Queue: 750 rules.
3800 rules inserted. Base: 2002 rules (158 with conclusion selected). Queue: 798 rules.
4000 rules inserted. Base: 2060 rules (158 with conclusion selected). Queue: 779 rules.
4200 rules inserted. Base: 2180 rules (158 with conclusion selected). Queue: 779 rules.
4400 rules inserted. Base: 2246 rules (159 with conclusion selected). Queue: 848 rules.
4600 rules inserted. Base: 2290 rules (159 with conclusion selected). Queue: 876 rules.
4800 rules inserted. Base: 2384 rules (159 with conclusion selected). Queue: 860 rules.
5000 rules inserted. Base: 2463 rules (160 with conclusion selected). Queue: 908 rules.
5200 rules inserted. Base: 2585 rules (163 with conclusion selected). Queue: 965 rules.
5400 rules inserted. Base: 2550 rules (163 with conclusion selected). Queue: 943 rules.
5600 rules inserted. Base: 2549 rules (166 with conclusion selected). Queue: 942 rules.
5800 rules inserted. Base: 2674 rules (166 with conclusion selected). Queue: 1036 rules.
6000 rules inserted. Base: 2752 rules (166 with conclusion selected). Queue: 1073 rules.
6200 rules inserted. Base: 2852 rules (166 with conclusion selected). Queue: 1162 rules.
6400 rules inserted. Base: 2854 rules (166 with conclusion selected). Queue: 1121 rules.
6600 rules inserted. Base: 2925 rules (167 with conclusion selected). Queue: 1158 rules.
6800 rules inserted. Base: 3027 rules (167 with conclusion selected). Queue: 1236 rules.
7000 rules inserted. Base: 3068 rules (168 with conclusion selected). Queue: 1278 rules.
7200 rules inserted. Base: 3144 rules (168 with conclusion selected). Queue: 1277 rules.
7400 rules inserted. Base: 3137 rules (168 with conclusion selected). Queue: 1257 rules.
7600 rules inserted. Base: 3187 rules (168 with conclusion selected). Queue: 1294 rules.
7800 rules inserted. Base: 3262 rules (168 with conclusion selected). Queue: 1303 rules.
8000 rules inserted. Base: 3360 rules (168 with conclusion selected). Queue: 1331 rules.
8200 rules inserted. Base: 3444 rules (169 with conclusion selected). Queue: 1386 rules.
8400 rules inserted. Base: 3512 rules (169 with conclusion selected). Queue: 1376 rules.
8600 rules inserted. Base: 3337 rules (169 with conclusion selected). Queue: 1320 rules.
8800 rules inserted. Base: 3421 rules (169 with conclusion selected). Queue: 1330 rules.
9000 rules inserted. Base: 3500 rules (170 with conclusion selected). Queue: 1369 rules.
9200 rules inserted. Base: 3589 rules (170 with conclusion selected). Queue: 1365 rules.
9400 rules inserted. Base: 3647 rules (170 with conclusion selected). Queue: 1368 rules.
9600 rules inserted. Base: 3712 rules (170 with conclusion selected). Queue: 1401 rules.
9800 rules inserted. Base: 3783 rules (170 with conclusion selected). Queue: 1354 rules.
10000 rules inserted. Base: 3811 rules (170 with conclusion selected). Queue: 1354 rules.
10200 rules inserted. Base: 3895 rules (172 with conclusion selected). Queue: 1399 rules.
10400 rules inserted. Base: 3965 rules (172 with conclusion selected). Queue: 1386 rules.
10600 rules inserted. Base: 4037 rules (172 with conclusion selected). Queue: 1369 rules.
10800 rules inserted. Base: 4093 rules (173 with conclusion selected). Queue: 1420 rules.
11000 rules inserted. Base: 4119 rules (173 with conclusion selected). Queue: 1403 rules.
11200 rules inserted. Base: 4191 rules (173 with conclusion selected). Queue: 1378 rules.
11400 rules inserted. Base: 4271 rules (173 with conclusion selected). Queue: 1415 rules.
11600 rules inserted. Base: 4329 rules (173 with conclusion selected). Queue: 1397 rules.
11800 rules inserted. Base: 4398 rules (173 with conclusion selected). Queue: 1353 rules.
12000 rules inserted. Base: 4459 rules (173 with conclusion selected). Queue: 1359 rules.
12200 rules inserted. Base: 4544 rules (173 with conclusion selected). Queue: 1382 rules.
12400 rules inserted. Base: 4604 rules (173 with conclusion selected). Queue: 1323 rules.
12600 rules inserted. Base: 4662 rules (173 with conclusion selected). Queue: 1313 rules.
12800 rules inserted. Base: 4753 rules (173 with conclusion selected). Queue: 1347 rules.
13000 rules inserted. Base: 4812 rules (173 with conclusion selected). Queue: 1287 rules.
13200 rules inserted. Base: 4828 rules (174 with conclusion selected). Queue: 1253 rules.
13400 rules inserted. Base: 4882 rules (174 with conclusion selected). Queue: 1249 rules.
13600 rules inserted. Base: 4836 rules (175 with conclusion selected). Queue: 1183 rules.
13800 rules inserted. Base: 4886 rules (175 with conclusion selected). Queue: 1124 rules.
14000 rules inserted. Base: 4967 rules (176 with conclusion selected). Queue: 1144 rules.
14200 rules inserted. Base: 4995 rules (176 with conclusion selected). Queue: 1089 rules.
14400 rules inserted. Base: 4976 rules (176 with conclusion selected). Queue: 1064 rules.
14600 rules inserted. Base: 5003 rules (176 with conclusion selected). Queue: 1029 rules.
14800 rules inserted. Base: 5043 rules (176 with conclusion selected). Queue: 980 rules.
15000 rules inserted. Base: 5088 rules (176 with conclusion selected). Queue: 999 rules.
15200 rules inserted. Base: 5036 rules (176 with conclusion selected). Queue: 936 rules.
15400 rules inserted. Base: 5046 rules (176 with conclusion selected). Queue: 895 rules.
15600 rules inserted. Base: 5109 rules (176 with conclusion selected). Queue: 854 rules.
15800 rules inserted. Base: 5088 rules (176 with conclusion selected). Queue: 801 rules.
16000 rules inserted. Base: 5146 rules (176 with conclusion selected). Queue: 772 rules.
16200 rules inserted. Base: 5218 rules (176 with conclusion selected). Queue: 702 rules.
16400 rules inserted. Base: 5243 rules (176 with conclusion selected). Queue: 649 rules.
16600 rules inserted. Base: 5302 rules (176 with conclusion selected). Queue: 586 rules.
16800 rules inserted. Base: 5382 rules (176 with conclusion selected). Queue: 533 rules.
17000 rules inserted. Base: 5384 rules (176 with conclusion selected). Queue: 475 rules.
17200 rules inserted. Base: 5443 rules (176 with conclusion selected). Queue: 439 rules.
17400 rules inserted. Base: 5483 rules (176 with conclusion selected). Queue: 394 rules.
17600 rules inserted. Base: 5489 rules (176 with conclusion selected). Queue: 349 rules.
17800 rules inserted. Base: 5535 rules (176 with conclusion selected). Queue: 319 rules.
18000 rules inserted. Base: 5636 rules (176 with conclusion selected). Queue: 318 rules.
18200 rules inserted. Base: 5715 rules (176 with conclusion selected). Queue: 320 rules.
18400 rules inserted. Base: 5801 rules (176 with conclusion selected). Queue: 275 rules.
18600 rules inserted. Base: 5878 rules (176 with conclusion selected). Queue: 285 rules.
18800 rules inserted. Base: 5938 rules (176 with conclusion selected). Queue: 271 rules.
19000 rules inserted. Base: 5998 rules (176 with conclusion selected). Queue: 268 rules.
19200 rules inserted. Base: 6042 rules (176 with conclusion selected). Queue: 255 rules.
19400 rules inserted. Base: 6077 rules (176 with conclusion selected). Queue: 256 rules.
19600 rules inserted. Base: 6110 rules (176 with conclusion selected). Queue: 251 rules.
19800 rules inserted. Base: 6162 rules (176 with conclusion selected). Queue: 244 rules.
20000 rules inserted. Base: 6219 rules (176 with conclusion selected). Queue: 261 rules.
20200 rules inserted. Base: 6289 rules (176 with conclusion selected). Queue: 245 rules.
20400 rules inserted. Base: 6356 rules (176 with conclusion selected). Queue: 245 rules.
20600 rules inserted. Base: 6419 rules (176 with conclusion selected). Queue: 241 rules.
20800 rules inserted. Base: 6471 rules (176 with conclusion selected). Queue: 220 rules.
21000 rules inserted. Base: 6492 rules (176 with conclusion selected). Queue: 173 rules.
21200 rules inserted. Base: 6517 rules (176 with conclusion selected). Queue: 116 rules.
21400 rules inserted. Base: 6517 rules (176 with conclusion selected). Queue: 46 rules.
ok, secrecy assumption verified: fact unreachable attacker_p2(q_id_i_i[])
ok, secrecy assumption verified: fact unreachable attacker_p1(q_id_i_i[])
ok, secrecy assumption verified: fact unreachable attacker(q_id_i_i[])
ok, secrecy assumption verified: fact unreachable attacker_p2(q_id_i_r[])
ok, secrecy assumption verified: fact unreachable attacker_p1(q_id_i_r[])
ok, secrecy assumption verified: fact unreachable attacker(q_id_i_r[])
ok, secrecy assumption verified: fact unreachable attacker_p2(q_id_r_i[])
ok, secrecy assumption verified: fact unreachable attacker_p1(q_id_r_i[])
ok, secrecy assumption verified: fact unreachable attacker(q_id_r_i[])
ok, secrecy assumption verified: fact unreachable attacker_p2(q_id_r_r[])
ok, secrecy assumption verified: fact unreachable attacker_p1(q_id_r_r[])
ok, secrecy assumption verified: fact unreachable attacker(q_id_r_r[])
ok, secrecy assumption verified: fact unreachable attacker(q_eph_x[])
ok, secrecy assumption verified: fact unreachable attacker_p1(q_eph_y[])
ok, secrecy assumption verified: fact unreachable attacker(q_eph_y[])
ok, secrecy assumption verified: fact unreachable attacker(q_shared_secret_i[])
ok, secrecy assumption verified: fact unreachable attacker(q_shared_secret_r[])
ok, secrecy assumption verified: fact unreachable attacker_p2(q_session_keys_i[])
ok, secrecy assumption verified: fact unreachable attacker_p1(q_session_keys_i[])
ok, secrecy assumption verified: fact unreachable attacker(q_session_keys_i[])
ok, secrecy assumption verified: fact unreachable attacker_p2(q_session_keys_r[])
ok, secrecy assumption verified: fact unreachable attacker_p1(q_session_keys_r[])
ok, secrecy assumption verified: fact unreachable attacker(q_session_keys_r[])
ok, secrecy assumption verified: fact unreachable attacker_p2(q_resumption_prekeys_i[])
ok, secrecy assumption verified: fact unreachable attacker_p1(q_resumption_prekeys_i[])
ok, secrecy assumption verified: fact unreachable attacker(q_resumption_prekeys_i[])
ok, secrecy assumption verified: fact unreachable attacker_p2(q_resumption_prekeys_r[])
ok, secrecy assumption verified: fact unreachable attacker_p1(q_resumption_prekeys_r[])
ok, secrecy assumption verified: fact unreachable attacker(q_resumption_prekeys_r[])
ok, secrecy assumption verified: fact unreachable attacker_p2(q_resumption_session_keys_i[])
ok, secrecy assumption verified: fact unreachable attacker_p1(q_resumption_session_keys_i[])
ok, secrecy assumption verified: fact unreachable attacker(q_resumption_session_keys_i[])
ok, secrecy assumption verified: fact unreachable attacker_p2(q_resumption_session_keys_r[])
ok, secrecy assumption verified: fact unreachable attacker_p1(q_resumption_session_keys_r[])
ok, secrecy assumption verified: fact unreachable attacker(q_resumption_session_keys_r[])
Starting query inj-event(responder_end(noc,k,r)) ==> inj-event(start_session_with_responder(k,r)) && inj-event(accept_responder_identity(noc,k,r))
goal reachable: b-inj-event(accept_responder_identity(mul_point(P,responder_noc_key_2),mul_point(P,hash((seed_y[],fresh_y_1))),responder_random_2),@occ26_1) && b-inj-event(start_session_with_responder(mul_point(P,hash((seed_y[],fresh_y_1))),responder_random_2),@occ21_1) -> inj-event(responder_end(mul_point(P,responder_noc_key_2),mul_point(P,hash((seed_y[],fresh_y_1))),responder_random_2),@occ80_1)
The 1st, 2nd hypotheses occur strictly before the conclusion.
Abbreviations:
responder_noc_key_2 = responder_noc_key[!1 = @sid]
fresh_x_1 = fresh_x[!1 = @sid_1]
initiator_random_2 = initiator_random[!1 = @sid_1]
fresh_y_1 = fresh_y[msg1_1 = (mul_point(P,hash((seed_x[],fresh_x_1))),initiator_random_2),!1 = @sid]
responder_random_2 = responder_random_1[msg1_1 = (mul_point(P,hash((seed_x[],fresh_x_1))),initiator_random_2),!1 = @sid]
resumption_id_4 = resumption_id_1[msg1_1 = (mul_point(P,hash((seed_x[],fresh_x_1))),initiator_random_2),!1 = @sid]
initiator_noc_key_2 = initiator_noc_key[!1 = @sid_1]
@occ80_1 = @occ80[msg3_1 = aead_enc(kdf(mul_point(mul_point(P,hash((seed_y[],fresh_y_1))),hash((seed_x[],fresh_x_1))),(ipk[],hash(((mul_point(P,hash((seed_x[],fresh_x_1))),initiator_random_2),(responder_random_2,mul_point(P,hash((seed_y[],fresh_y_1))),aead_enc(kdf(mul_point(mul_point(P,hash((seed_y[],fresh_y_1))),hash((seed_x[],fresh_x_1))),(ipk[],responder_random_2,mul_point(P,hash((seed_y[],fresh_y_1))),hash((mul_point(P,hash((seed_x[],fresh_x_1))),initiator_random_2))),sigma2_info),(mul_point(P,responder_noc_key_2),sign(noc_signing_key[],mul_point(P,responder_noc_key_2)),sign(responder_noc_key_2,(mul_point(P,responder_noc_key_2),mul_point(P,hash((seed_y[],fresh_y_1))),mul_point(P,hash((seed_x[],fresh_x_1))))),resumption_id_4),ncase_sigma2n,nil))))),sigma3_info),(mul_point(P,initiator_noc_key_2),sign(noc_signing_key[],mul_point(P,initiator_noc_key_2)),sign(initiator_noc_key_2,(mul_point(P,initiator_noc_key_2),mul_point(P,hash((seed_x[],fresh_x_1))),mul_point(P,hash((seed_y[],fresh_y_1)))))),ncase_sigma3n,nil),msg1_1 = (mul_point(P,hash((seed_x[],fresh_x_1))),initiator_random_2),!1 = @sid]
@occ26_1 = @occ26[msg2 = (responder_random_2,mul_point(P,hash((seed_y[],fresh_y_1))),aead_enc(kdf(mul_point(mul_point(P,hash((seed_y[],fresh_y_1))),hash((seed_x[],fresh_x_1))),(ipk[],responder_random_2,mul_point(P,hash((seed_y[],fresh_y_1))),hash((mul_point(P,hash((seed_x[],fresh_x_1))),initiator_random_2))),sigma2_info),(mul_point(P,responder_noc_key_2),sign(noc_signing_key[],mul_point(P,responder_noc_key_2)),sign(responder_noc_key_2,(mul_point(P,responder_noc_key_2),mul_point(P,hash((seed_y[],fresh_y_1))),mul_point(P,hash((seed_x[],fresh_x_1))))),resumption_id_4),ncase_sigma2n,nil)),!1 = @sid_1]
@occ21_1 = @occ21[msg2 = (responder_random_2,mul_point(P,hash((seed_y[],fresh_y_1))),aead_enc(kdf(mul_point(mul_point(P,hash((seed_y[],fresh_y_1))),hash((seed_x[],fresh_x_1))),(ipk[],responder_random_2,mul_point(P,hash((seed_y[],fresh_y_1))),hash((mul_point(P,hash((seed_x[],fresh_x_1))),initiator_random_2))),sigma2_info),(mul_point(P,responder_noc_key_2),sign(noc_signing_key[],mul_point(P,responder_noc_key_2)),sign(responder_noc_key_2,(mul_point(P,responder_noc_key_2),mul_point(P,hash((seed_y[],fresh_y_1))),mul_point(P,hash((seed_x[],fresh_x_1))))),resumption_id_4),ncase_sigma2n,nil)),!1 = @sid_1]
RESULT inj-event(responder_end(noc,k,r)) ==> inj-event(start_session_with_responder(k,r)) && inj-event(accept_responder_identity(noc,k,r)) is true.
-- Query inj-event(initiator_end(noc,k,r)) ==> inj-event(start_session_with_initiator(k,r)) in process 1.
Translating the process into Horn clauses...
Completing...
200 rules inserted. Base: 197 rules (103 with conclusion selected). Queue: 78 rules.
400 rules inserted. Base: 379 rules (116 with conclusion selected). Queue: 193 rules.
600 rules inserted. Base: 516 rules (120 with conclusion selected). Queue: 342 rules.
800 rules inserted. Base: 615 rules (120 with conclusion selected). Queue: 378 rules.
1000 rules inserted. Base: 703 rules (120 with conclusion selected). Queue: 480 rules.
1200 rules inserted. Base: 825 rules (127 with conclusion selected). Queue: 511 rules.
1400 rules inserted. Base: 939 rules (127 with conclusion selected). Queue: 531 rules.
1600 rules inserted. Base: 1071 rules (139 with conclusion selected). Queue: 577 rules.
1800 rules inserted. Base: 1155 rules (139 with conclusion selected). Queue: 611 rules.
2000 rules inserted. Base: 1286 rules (139 with conclusion selected). Queue: 641 rules.
2200 rules inserted. Base: 1411 rules (139 with conclusion selected). Queue: 648 rules.
2400 rules inserted. Base: 1507 rules (139 with conclusion selected). Queue: 665 rules.
2600 rules inserted. Base: 1626 rules (139 with conclusion selected). Queue: 691 rules.
2800 rules inserted. Base: 1785 rules (146 with conclusion selected). Queue: 726 rules.
3000 rules inserted. Base: 1839 rules (146 with conclusion selected). Queue: 685 rules.
3200 rules inserted. Base: 1982 rules (146 with conclusion selected). Queue: 619 rules.
3400 rules inserted. Base: 2100 rules (153 with conclusion selected). Queue: 683 rules.
3600 rules inserted. Base: 2127 rules (153 with conclusion selected). Queue: 737 rules.
3800 rules inserted. Base: 2251 rules (153 with conclusion selected). Queue: 672 rules.
4000 rules inserted. Base: 2328 rules (153 with conclusion selected). Queue: 736 rules.
4200 rules inserted. Base: 2415 rules (153 with conclusion selected). Queue: 813 rules.
4400 rules inserted. Base: 2486 rules (153 with conclusion selected). Queue: 837 rules.
4600 rules inserted. Base: 2566 rules (154 with conclusion selected). Queue: 862 rules.
4800 rules inserted. Base: 2668 rules (157 with conclusion selected). Queue: 870 rules.
5000 rules inserted. Base: 2780 rules (157 with conclusion selected). Queue: 902 rules.
5200 rules inserted. Base: 2780 rules (160 with conclusion selected). Queue: 886 rules.
5400 rules inserted. Base: 2923 rules (160 with conclusion selected). Queue: 917 rules.
5600 rules inserted. Base: 2994 rules (160 with conclusion selected). Queue: 940 rules.
5800 rules inserted. Base: 3106 rules (160 with conclusion selected). Queue: 1026 rules.
6000 rules inserted. Base: 3141 rules (160 with conclusion selected). Queue: 973 rules.
6200 rules inserted. Base: 3243 rules (162 with conclusion selected). Queue: 991 rules.
6400 rules inserted. Base: 3365 rules (162 with conclusion selected). Queue: 1050 rules.
6600 rules inserted. Base: 3393 rules (161 with conclusion selected). Queue: 1055 rules.
6800 rules inserted. Base: 3415 rules (161 with conclusion selected). Queue: 1055 rules.
7000 rules inserted. Base: 3476 rules (161 with conclusion selected). Queue: 1051 rules.
7200 rules inserted. Base: 3557 rules (161 with conclusion selected). Queue: 1018 rules.
7400 rules inserted. Base: 3665 rules (161 with conclusion selected). Queue: 1079 rules.
7600 rules inserted. Base: 3734 rules (162 with conclusion selected). Queue: 1091 rules.
7800 rules inserted. Base: 3728 rules (162 with conclusion selected). Queue: 1053 rules.
8000 rules inserted. Base: 3838 rules (163 with conclusion selected). Queue: 1042 rules.
8200 rules inserted. Base: 3967 rules (163 with conclusion selected). Queue: 1013 rules.
8400 rules inserted. Base: 4043 rules (163 with conclusion selected). Queue: 1068 rules.
8600 rules inserted. Base: 4099 rules (163 with conclusion selected). Queue: 1028 rules.
8800 rules inserted. Base: 4092 rules (163 with conclusion selected). Queue: 984 rules.
9000 rules inserted. Base: 4199 rules (164 with conclusion selected). Queue: 1024 rules.
9200 rules inserted. Base: 4297 rules (164 with conclusion selected). Queue: 1032 rules.
9400 rules inserted. Base: 4364 rules (165 with conclusion selected). Queue: 1083 rules.
9600 rules inserted. Base: 4447 rules (165 with conclusion selected). Queue: 1013 rules.
9800 rules inserted. Base: 4531 rules (165 with conclusion selected). Queue: 1002 rules.
10000 rules inserted. Base: 4609 rules (165 with conclusion selected). Queue: 1038 rules.
10200 rules inserted. Base: 4689 rules (165 with conclusion selected). Queue: 1006 rules.
10400 rules inserted. Base: 4785 rules (165 with conclusion selected). Queue: 1049 rules.
10600 rules inserted. Base: 4833 rules (165 with conclusion selected). Queue: 973 rules.
10800 rules inserted. Base: 4924 rules (165 with conclusion selected). Queue: 990 rules.
11000 rules inserted. Base: 5004 rules (165 with conclusion selected). Queue: 974 rules.
11200 rules inserted. Base: 5026 rules (166 with conclusion selected). Queue: 914 rules.
11400 rules inserted. Base: 5030 rules (166 with conclusion selected). Queue: 877 rules.
11600 rules inserted. Base: 5009 rules (167 with conclusion selected). Queue: 839 rules.
11800 rules inserted. Base: 5092 rules (167 with conclusion selected). Queue: 856 rules.
12000 rules inserted. Base: 5092 rules (168 with conclusion selected). Queue: 803 rules.
12200 rules inserted. Base: 5089 rules (168 with conclusion selected). Queue: 788 rules.
12400 rules inserted. Base: 5035 rules (168 with conclusion selected). Queue: 724 rules.
12600 rules inserted. Base: 5108 rules (168 with conclusion selected). Queue: 746 rules.
12800 rules inserted. Base: 5043 rules (168 with conclusion selected). Queue: 700 rules.
13000 rules inserted. Base: 5085 rules (168 with conclusion selected). Queue: 662 rules.
13200 rules inserted. Base: 5150 rules (168 with conclusion selected). Queue: 633 rules.
13400 rules inserted. Base: 5230 rules (168 with conclusion selected). Queue: 579 rules.
13600 rules inserted. Base: 5230 rules (168 with conclusion selected). Queue: 549 rules.
13800 rules inserted. Base: 5291 rules (168 with conclusion selected). Queue: 500 rules.
14000 rules inserted. Base: 5323 rules (168 with conclusion selected). Queue: 454 rules.
14200 rules inserted. Base: 5362 rules (168 with conclusion selected). Queue: 419 rules.
14400 rules inserted. Base: 5405 rules (168 with conclusion selected). Queue: 396 rules.
14600 rules inserted. Base: 5421 rules (168 with conclusion selected). Queue: 354 rules.
14800 rules inserted. Base: 5422 rules (168 with conclusion selected). Queue: 324 rules.
15000 rules inserted. Base: 5510 rules (168 with conclusion selected). Queue: 304 rules.
15200 rules inserted. Base: 5595 rules (168 with conclusion selected). Queue: 318 rules.
15400 rules inserted. Base: 5676 rules (168 with conclusion selected). Queue: 293 rules.
15600 rules inserted. Base: 5773 rules (168 with conclusion selected). Queue: 283 rules.
15800 rules inserted. Base: 5817 rules (168 with conclusion selected). Queue: 280 rules.
16000 rules inserted. Base: 5886 rules (168 with conclusion selected). Queue: 270 rules.
16200 rules inserted. Base: 5928 rules (168 with conclusion selected). Queue: 253 rules.
16400 rules inserted. Base: 5961 rules (168 with conclusion selected). Queue: 248 rules.
16600 rules inserted. Base: 5990 rules (168 with conclusion selected). Queue: 242 rules.
16800 rules inserted. Base: 6051 rules (168 with conclusion selected). Queue: 251 rules.
17000 rules inserted. Base: 6097 rules (168 with conclusion selected). Queue: 260 rules.
17200 rules inserted. Base: 6176 rules (168 with conclusion selected). Queue: 244 rules.
17400 rules inserted. Base: 6240 rules (168 with conclusion selected). Queue: 238 rules.
17600 rules inserted. Base: 6304 rules (168 with conclusion selected). Queue: 251 rules.
17800 rules inserted. Base: 6359 rules (168 with conclusion selected). Queue: 221 rules.
18000 rules inserted. Base: 6389 rules (168 with conclusion selected). Queue: 179 rules.
18200 rules inserted. Base: 6404 rules (168 with conclusion selected). Queue: 130 rules.
18400 rules inserted. Base: 6402 rules (168 with conclusion selected). Queue: 57 rules.
ok, secrecy assumption verified: fact unreachable attacker_p2(q_id_i_i[])
ok, secrecy assumption verified: fact unreachable attacker_p1(q_id_i_i[])
ok, secrecy assumption verified: fact unreachable attacker(q_id_i_i[])
ok, secrecy assumption verified: fact unreachable attacker_p2(q_id_i_r[])
ok, secrecy assumption verified: fact unreachable attacker_p1(q_id_i_r[])
ok, secrecy assumption verified: fact unreachable attacker(q_id_i_r[])
ok, secrecy assumption verified: fact unreachable attacker_p2(q_id_r_i[])
ok, secrecy assumption verified: fact unreachable attacker_p1(q_id_r_i[])
ok, secrecy assumption verified: fact unreachable attacker(q_id_r_i[])
ok, secrecy assumption verified: fact unreachable attacker_p2(q_id_r_r[])
ok, secrecy assumption verified: fact unreachable attacker_p1(q_id_r_r[])
ok, secrecy assumption verified: fact unreachable attacker(q_id_r_r[])
ok, secrecy assumption verified: fact unreachable attacker(q_eph_x[])
ok, secrecy assumption verified: fact unreachable attacker_p1(q_eph_y[])
ok, secrecy assumption verified: fact unreachable attacker(q_eph_y[])
ok, secrecy assumption verified: fact unreachable attacker(q_shared_secret_i[])
ok, secrecy assumption verified: fact unreachable attacker(q_shared_secret_r[])
ok, secrecy assumption verified: fact unreachable attacker_p2(q_session_keys_i[])
ok, secrecy assumption verified: fact unreachable attacker_p1(q_session_keys_i[])
ok, secrecy assumption verified: fact unreachable attacker(q_session_keys_i[])
ok, secrecy assumption verified: fact unreachable attacker_p2(q_session_keys_r[])
ok, secrecy assumption verified: fact unreachable attacker_p1(q_session_keys_r[])
ok, secrecy assumption verified: fact unreachable attacker(q_session_keys_r[])
ok, secrecy assumption verified: fact unreachable attacker_p2(q_resumption_prekeys_i[])
ok, secrecy assumption verified: fact unreachable attacker_p1(q_resumption_prekeys_i[])
ok, secrecy assumption verified: fact unreachable attacker(q_resumption_prekeys_i[])
ok, secrecy assumption verified: fact unreachable attacker_p2(q_resumption_prekeys_r[])
ok, secrecy assumption verified: fact unreachable attacker_p1(q_resumption_prekeys_r[])
ok, secrecy assumption verified: fact unreachable attacker(q_resumption_prekeys_r[])
ok, secrecy assumption verified: fact unreachable attacker_p2(q_resumption_session_keys_i[])
ok, secrecy assumption verified: fact unreachable attacker_p1(q_resumption_session_keys_i[])
ok, secrecy assumption verified: fact unreachable attacker(q_resumption_session_keys_i[])
ok, secrecy assumption verified: fact unreachable attacker_p2(q_resumption_session_keys_r[])
ok, secrecy assumption verified: fact unreachable attacker_p1(q_resumption_session_keys_r[])
ok, secrecy assumption verified: fact unreachable attacker(q_resumption_session_keys_r[])
Starting query inj-event(initiator_end(noc,k,r)) ==> inj-event(start_session_with_initiator(k,r))
goal reachable: b-inj-event(start_session_with_initiator(mul_point(P,hash((seed_x[],fresh_x_1))),initiator_random_2),@occ61_1) -> inj-event(initiator_end(mul_point(P,initiator_noc_key_2),mul_point(P,hash((seed_x[],fresh_x_1))),initiator_random_2),@occ33_1)
The hypothesis occurs strictly before the conclusion.
Abbreviations:
initiator_noc_key_2 = initiator_noc_key[!1 = @sid]
fresh_x_1 = fresh_x[!1 = @sid]
initiator_random_2 = initiator_random[!1 = @sid]
responder_random_2 = responder_random_1[msg1_1 = (mul_point(P,hash((seed_x[],fresh_x_1))),initiator_random_2),!1 = @sid_1]
fresh_y_1 = fresh_y[msg1_1 = (mul_point(P,hash((seed_x[],fresh_x_1))),initiator_random_2),!1 = @sid_1]
responder_noc_key_2 = responder_noc_key[!1 = @sid_1]
resumption_id_4 = resumption_id_1[msg1_1 = (mul_point(P,hash((seed_x[],fresh_x_1))),initiator_random_2),!1 = @sid_1]
@occ33_1 = @occ33[msg2 = (responder_random_2,mul_point(P,hash((seed_y[],fresh_y_1))),aead_enc(kdf(mul_point(mul_point(P,hash((seed_y[],fresh_y_1))),hash((seed_x[],fresh_x_1))),(ipk[],responder_random_2,mul_point(P,hash((seed_y[],fresh_y_1))),hash((mul_point(P,hash((seed_x[],fresh_x_1))),initiator_random_2))),sigma2_info),(mul_point(P,responder_noc_key_2),sign(noc_signing_key[],mul_point(P,responder_noc_key_2)),sign(responder_noc_key_2,(mul_point(P,responder_noc_key_2),mul_point(P,hash((seed_y[],fresh_y_1))),mul_point(P,hash((seed_x[],fresh_x_1))))),resumption_id_4),ncase_sigma2n,nil)),!1 = @sid]
@occ61_1 = @occ61[msg1_1 = (mul_point(P,hash((seed_x[],fresh_x_1))),initiator_random_2),!1 = @sid_1]
RESULT inj-event(initiator_end(noc,k,r)) ==> inj-event(start_session_with_initiator(k,r)) is true.
-- Query not attacker_p2(q_id_i_i[]) in process 1.
Translating the process into Horn clauses...
Completing...
200 rules inserted. Base: 197 rules (103 with conclusion selected). Queue: 75 rules.
400 rules inserted. Base: 381 rules (120 with conclusion selected). Queue: 194 rules.
600 rules inserted. Base: 517 rules (120 with conclusion selected). Queue: 358 rules.
800 rules inserted. Base: 619 rules (120 with conclusion selected). Queue: 379 rules.
1000 rules inserted. Base: 695 rules (120 with conclusion selected). Queue: 466 rules.
1200 rules inserted. Base: 774 rules (126 with conclusion selected). Queue: 533 rules.
1400 rules inserted. Base: 909 rules (126 with conclusion selected). Queue: 510 rules.
1600 rules inserted. Base: 981 rules (137 with conclusion selected). Queue: 544 rules.
1800 rules inserted. Base: 1088 rules (137 with conclusion selected). Queue: 586 rules.
2000 rules inserted. Base: 1235 rules (137 with conclusion selected). Queue: 632 rules.
2200 rules inserted. Base: 1285 rules (137 with conclusion selected). Queue: 641 rules.
2400 rules inserted. Base: 1403 rules (137 with conclusion selected). Queue: 679 rules.
2600 rules inserted. Base: 1552 rules (138 with conclusion selected). Queue: 696 rules.
2800 rules inserted. Base: 1580 rules (144 with conclusion selected). Queue: 713 rules.
3000 rules inserted. Base: 1652 rules (144 with conclusion selected). Queue: 717 rules.
3200 rules inserted. Base: 1789 rules (147 with conclusion selected). Queue: 678 rules.
3400 rules inserted. Base: 1762 rules (147 with conclusion selected). Queue: 728 rules.
3600 rules inserted. Base: 1783 rules (147 with conclusion selected). Queue: 715 rules.
3800 rules inserted. Base: 1894 rules (147 with conclusion selected). Queue: 661 rules.
4000 rules inserted. Base: 1976 rules (147 with conclusion selected). Queue: 732 rules.
4200 rules inserted. Base: 2009 rules (147 with conclusion selected). Queue: 747 rules.
4400 rules inserted. Base: 2080 rules (147 with conclusion selected). Queue: 694 rules.
4600 rules inserted. Base: 2179 rules (151 with conclusion selected). Queue: 740 rules.
4800 rules inserted. Base: 2311 rules (151 with conclusion selected). Queue: 826 rules.
5000 rules inserted. Base: 2209 rules (151 with conclusion selected). Queue: 775 rules.
5200 rules inserted. Base: 2309 rules (154 with conclusion selected). Queue: 820 rules.
5400 rules inserted. Base: 2386 rules (154 with conclusion selected). Queue: 923 rules.
5600 rules inserted. Base: 2427 rules (154 with conclusion selected). Queue: 972 rules.
5800 rules inserted. Base: 2473 rules (155 with conclusion selected). Queue: 1000 rules.
6000 rules inserted. Base: 2579 rules (155 with conclusion selected). Queue: 1025 rules.
6200 rules inserted. Base: 2638 rules (156 with conclusion selected). Queue: 1102 rules.
6400 rules inserted. Base: 2705 rules (156 with conclusion selected). Queue: 1185 rules.
6600 rules inserted. Base: 2652 rules (156 with conclusion selected). Queue: 1176 rules.
6800 rules inserted. Base: 2712 rules (156 with conclusion selected). Queue: 1205 rules.
7000 rules inserted. Base: 2820 rules (156 with conclusion selected). Queue: 1229 rules.
7200 rules inserted. Base: 2888 rules (157 with conclusion selected). Queue: 1329 rules.
7400 rules inserted. Base: 2909 rules (157 with conclusion selected). Queue: 1364 rules.
7600 rules inserted. Base: 2730 rules (157 with conclusion selected). Queue: 1329 rules.
7800 rules inserted. Base: 2780 rules (157 with conclusion selected). Queue: 1339 rules.
8000 rules inserted. Base: 2821 rules (157 with conclusion selected). Queue: 1362 rules.
8200 rules inserted. Base: 2901 rules (157 with conclusion selected). Queue: 1375 rules.
8400 rules inserted. Base: 2949 rules (157 with conclusion selected). Queue: 1477 rules.
8600 rules inserted. Base: 2988 rules (157 with conclusion selected). Queue: 1471 rules.
8800 rules inserted. Base: 2971 rules (157 with conclusion selected). Queue: 1400 rules.
9000 rules inserted. Base: 3039 rules (157 with conclusion selected). Queue: 1450 rules.
9200 rules inserted. Base: 3100 rules (158 with conclusion selected). Queue: 1449 rules.
9400 rules inserted. Base: 3144 rules (158 with conclusion selected). Queue: 1430 rules.
9600 rules inserted. Base: 3200 rules (158 with conclusion selected). Queue: 1483 rules.
9800 rules inserted. Base: 3262 rules (159 with conclusion selected). Queue: 1556 rules.
10000 rules inserted. Base: 3314 rules (159 with conclusion selected). Queue: 1517 rules.
10200 rules inserted. Base: 3356 rules (159 with conclusion selected). Queue: 1504 rules.
10400 rules inserted. Base: 3424 rules (159 with conclusion selected). Queue: 1541 rules.
10600 rules inserted. Base: 3453 rules (159 with conclusion selected). Queue: 1497 rules.
10800 rules inserted. Base: 3490 rules (159 with conclusion selected). Queue: 1465 rules.
11000 rules inserted. Base: 3524 rules (159 with conclusion selected). Queue: 1469 rules.
11200 rules inserted. Base: 3575 rules (159 with conclusion selected). Queue: 1509 rules.
11400 rules inserted. Base: 3570 rules (159 with conclusion selected). Queue: 1466 rules.
11600 rules inserted. Base: 3603 rules (159 with conclusion selected). Queue: 1458 rules.
11800 rules inserted. Base: 3649 rules (159 with conclusion selected). Queue: 1480 rules.
12000 rules inserted. Base: 3699 rules (159 with conclusion selected). Queue: 1447 rules.
12200 rules inserted. Base: 3737 rules (160 with conclusion selected). Queue: 1422 rules.
12400 rules inserted. Base: 3758 rules (160 with conclusion selected). Queue: 1441 rules.
12600 rules inserted. Base: 3758 rules (160 with conclusion selected). Queue: 1431 rules.
12800 rules inserted. Base: 3706 rules (161 with conclusion selected). Queue: 1383 rules.
13000 rules inserted. Base: 3728 rules (161 with conclusion selected). Queue: 1355 rules.
13200 rules inserted. Base: 3798 rules (161 with conclusion selected). Queue: 1384 rules.
13400 rules inserted. Base: 3803 rules (161 with conclusion selected). Queue: 1348 rules.
13600 rules inserted. Base: 3799 rules (161 with conclusion selected). Queue: 1324 rules.
13800 rules inserted. Base: 3838 rules (161 with conclusion selected). Queue: 1372 rules.
14000 rules inserted. Base: 3784 rules (161 with conclusion selected). Queue: 1310 rules.
14200 rules inserted. Base: 3814 rules (161 with conclusion selected). Queue: 1280 rules.
14400 rules inserted. Base: 3856 rules (161 with conclusion selected). Queue: 1284 rules.
14600 rules inserted. Base: 3886 rules (161 with conclusion selected). Queue: 1263 rules.
14800 rules inserted. Base: 3848 rules (161 with conclusion selected). Queue: 1220 rules.
15000 rules inserted. Base: 3874 rules (161 with conclusion selected). Queue: 1220 rules.
15200 rules inserted. Base: 3915 rules (161 with conclusion selected). Queue: 1145 rules.
15400 rules inserted. Base: 3924 rules (161 with conclusion selected). Queue: 1108 rules.
15600 rules inserted. Base: 3956 rules (161 with conclusion selected). Queue: 1096 rules.
15800 rules inserted. Base: 3984 rules (161 with conclusion selected). Queue: 1077 rules.
16000 rules inserted. Base: 4019 rules (161 with conclusion selected). Queue: 1029 rules.
16200 rules inserted. Base: 4028 rules (161 with conclusion selected). Queue: 975 rules.
16400 rules inserted. Base: 4084 rules (161 with conclusion selected). Queue: 938 rules.
16600 rules inserted. Base: 4111 rules (161 with conclusion selected). Queue: 899 rules.
16800 rules inserted. Base: 4121 rules (161 with conclusion selected). Queue: 861 rules.
17000 rules inserted. Base: 4149 rules (161 with conclusion selected). Queue: 801 rules.
17200 rules inserted. Base: 4147 rules (161 with conclusion selected). Queue: 757 rules.
17400 rules inserted. Base: 4154 rules (161 with conclusion selected). Queue: 718 rules.
17600 rules inserted. Base: 4185 rules (161 with conclusion selected). Queue: 696 rules.
17800 rules inserted. Base: 4184 rules (161 with conclusion selected). Queue: 639 rules.
18000 rules inserted. Base: 4175 rules (161 with conclusion selected). Queue: 600 rules.
18200 rules inserted. Base: 4168 rules (161 with conclusion selected). Queue: 584 rules.
18400 rules inserted. Base: 4214 rules (161 with conclusion selected). Queue: 548 rules.
18600 rules inserted. Base: 4270 rules (161 with conclusion selected). Queue: 525 rules.
18800 rules inserted. Base: 4324 rules (161 with conclusion selected). Queue: 551 rules.
19000 rules inserted. Base: 4358 rules (161 with conclusion selected). Queue: 509 rules.
19200 rules inserted. Base: 4361 rules (161 with conclusion selected). Queue: 495 rules.
19400 rules inserted. Base: 4397 rules (161 with conclusion selected). Queue: 492 rules.
19600 rules inserted. Base: 4441 rules (161 with conclusion selected). Queue: 492 rules.
19800 rules inserted. Base: 4461 rules (161 with conclusion selected). Queue: 536 rules.
20000 rules inserted. Base: 4490 rules (161 with conclusion selected). Queue: 532 rules.
20200 rules inserted. Base: 4523 rules (161 with conclusion selected). Queue: 516 rules.
20400 rules inserted. Base: 4554 rules (161 with conclusion selected). Queue: 504 rules.
20600 rules inserted. Base: 4563 rules (161 with conclusion selected). Queue: 488 rules.
20800 rules inserted. Base: 4575 rules (161 with conclusion selected). Queue: 497 rules.
21000 rules inserted. Base: 4600 rules (161 with conclusion selected). Queue: 490 rules.
21200 rules inserted. Base: 4606 rules (161 with conclusion selected). Queue: 500 rules.
21400 rules inserted. Base: 4629 rules (161 with conclusion selected). Queue: 481 rules.
21600 rules inserted. Base: 4639 rules (161 with conclusion selected). Queue: 465 rules.
21800 rules inserted. Base: 4664 rules (161 with conclusion selected). Queue: 464 rules.
22000 rules inserted. Base: 4689 rules (161 with conclusion selected). Queue: 447 rules.
22200 rules inserted. Base: 4728 rules (161 with conclusion selected). Queue: 467 rules.
22400 rules inserted. Base: 4755 rules (161 with conclusion selected). Queue: 463 rules.
22600 rules inserted. Base: 4751 rules (161 with conclusion selected). Queue: 495 rules.
22800 rules inserted. Base: 4769 rules (161 with conclusion selected). Queue: 497 rules.
23000 rules inserted. Base: 4786 rules (161 with conclusion selected). Queue: 535 rules.
23200 rules inserted. Base: 4817 rules (161 with conclusion selected). Queue: 527 rules.
23400 rules inserted. Base: 4851 rules (161 with conclusion selected). Queue: 514 rules.
23600 rules inserted. Base: 4866 rules (161 with conclusion selected). Queue: 508 rules.
23800 rules inserted. Base: 4890 rules (161 with conclusion selected). Queue: 494 rules.
24000 rules inserted. Base: 4897 rules (161 with conclusion selected). Queue: 485 rules.
24200 rules inserted. Base: 4913 rules (161 with conclusion selected). Queue: 465 rules.
24400 rules inserted. Base: 4919 rules (161 with conclusion selected). Queue: 443 rules.
24600 rules inserted. Base: 4956 rules (161 with conclusion selected). Queue: 404 rules.
24800 rules inserted. Base: 4959 rules (161 with conclusion selected). Queue: 373 rules.
25000 rules inserted. Base: 4972 rules (161 with conclusion selected). Queue: 327 rules.
25200 rules inserted. Base: 5003 rules (161 with conclusion selected). Queue: 267 rules.
25400 rules inserted. Base: 5014 rules (161 with conclusion selected). Queue: 222 rules.
25600 rules inserted. Base: 4992 rules (161 with conclusion selected). Queue: 167 rules.
25800 rules inserted. Base: 5017 rules (161 with conclusion selected). Queue: 99 rules.
26000 rules inserted. Base: 5033 rules (161 with conclusion selected). Queue: 14 rules.
ok, secrecy assumption verified: fact unreachable attacker_p2(q_id_i_i[])
ok, secrecy assumption verified: fact unreachable attacker_p1(q_id_i_i[])
ok, secrecy assumption verified: fact unreachable attacker(q_id_i_i[])
ok, secrecy assumption verified: fact unreachable attacker_p2(q_id_i_r[])
ok, secrecy assumption verified: fact unreachable attacker_p1(q_id_i_r[])
ok, secrecy assumption verified: fact unreachable attacker(q_id_i_r[])
ok, secrecy assumption verified: fact unreachable attacker_p2(q_id_r_i[])
ok, secrecy assumption verified: fact unreachable attacker_p1(q_id_r_i[])
ok, secrecy assumption verified: fact unreachable attacker(q_id_r_i[])
ok, secrecy assumption verified: fact unreachable attacker_p2(q_id_r_r[])
ok, secrecy assumption verified: fact unreachable attacker_p1(q_id_r_r[])
ok, secrecy assumption verified: fact unreachable attacker(q_id_r_r[])
ok, secrecy assumption verified: fact unreachable attacker(q_eph_x[])
ok, secrecy assumption verified: fact unreachable attacker_p1(q_eph_y[])
ok, secrecy assumption verified: fact unreachable attacker(q_eph_y[])
ok, secrecy assumption verified: fact unreachable attacker(q_shared_secret_i[])
ok, secrecy assumption verified: fact unreachable attacker(q_shared_secret_r[])
ok, secrecy assumption verified: fact unreachable attacker_p2(q_session_keys_i[])
ok, secrecy assumption verified: fact unreachable attacker_p1(q_session_keys_i[])
ok, secrecy assumption verified: fact unreachable attacker(q_session_keys_i[])
ok, secrecy assumption verified: fact unreachable attacker_p2(q_session_keys_r[])
ok, secrecy assumption verified: fact unreachable attacker_p1(q_session_keys_r[])
ok, secrecy assumption verified: fact unreachable attacker(q_session_keys_r[])
ok, secrecy assumption verified: fact unreachable attacker_p2(q_resumption_prekeys_i[])
ok, secrecy assumption verified: fact unreachable attacker_p1(q_resumption_prekeys_i[])
ok, secrecy assumption verified: fact unreachable attacker(q_resumption_prekeys_i[])
ok, secrecy assumption verified: fact unreachable attacker_p2(q_resumption_prekeys_r[])
ok, secrecy assumption verified: fact unreachable attacker_p1(q_resumption_prekeys_r[])
ok, secrecy assumption verified: fact unreachable attacker(q_resumption_prekeys_r[])
ok, secrecy assumption verified: fact unreachable attacker_p2(q_resumption_session_keys_i[])
ok, secrecy assumption verified: fact unreachable attacker_p1(q_resumption_session_keys_i[])
ok, secrecy assumption verified: fact unreachable attacker(q_resumption_session_keys_i[])
ok, secrecy assumption verified: fact unreachable attacker_p2(q_resumption_session_keys_r[])
ok, secrecy assumption verified: fact unreachable attacker_p1(q_resumption_session_keys_r[])
ok, secrecy assumption verified: fact unreachable attacker(q_resumption_session_keys_r[])
Starting query not attacker_p2(q_id_i_i[])
RESULT not attacker_p2(q_id_i_i[]) is true.
-- Query not attacker_p2(q_id_i_r[]) in process 1.
Translating the process into Horn clauses...
Completing...
200 rules inserted. Base: 197 rules (103 with conclusion selected). Queue: 75 rules.
400 rules inserted. Base: 381 rules (120 with conclusion selected). Queue: 194 rules.
600 rules inserted. Base: 517 rules (120 with conclusion selected). Queue: 358 rules.
800 rules inserted. Base: 619 rules (120 with conclusion selected). Queue: 379 rules.
1000 rules inserted. Base: 695 rules (120 with conclusion selected). Queue: 466 rules.
1200 rules inserted. Base: 774 rules (126 with conclusion selected). Queue: 533 rules.
1400 rules inserted. Base: 909 rules (126 with conclusion selected). Queue: 510 rules.
1600 rules inserted. Base: 981 rules (137 with conclusion selected). Queue: 544 rules.
1800 rules inserted. Base: 1088 rules (137 with conclusion selected). Queue: 586 rules.
2000 rules inserted. Base: 1235 rules (137 with conclusion selected). Queue: 632 rules.
2200 rules inserted. Base: 1285 rules (137 with conclusion selected). Queue: 641 rules.
2400 rules inserted. Base: 1403 rules (137 with conclusion selected). Queue: 679 rules.
2600 rules inserted. Base: 1552 rules (138 with conclusion selected). Queue: 696 rules.
2800 rules inserted. Base: 1580 rules (144 with conclusion selected). Queue: 713 rules.
3000 rules inserted. Base: 1652 rules (144 with conclusion selected). Queue: 717 rules.
3200 rules inserted. Base: 1789 rules (147 with conclusion selected). Queue: 678 rules.
3400 rules inserted. Base: 1762 rules (147 with conclusion selected). Queue: 728 rules.
3600 rules inserted. Base: 1783 rules (147 with conclusion selected). Queue: 715 rules.
3800 rules inserted. Base: 1894 rules (147 with conclusion selected). Queue: 661 rules.
4000 rules inserted. Base: 1976 rules (147 with conclusion selected). Queue: 732 rules.
4200 rules inserted. Base: 2009 rules (147 with conclusion selected). Queue: 747 rules.
4400 rules inserted. Base: 2080 rules (147 with conclusion selected). Queue: 694 rules.
4600 rules inserted. Base: 2179 rules (151 with conclusion selected). Queue: 740 rules.
4800 rules inserted. Base: 2311 rules (151 with conclusion selected). Queue: 826 rules.
5000 rules inserted. Base: 2209 rules (151 with conclusion selected). Queue: 775 rules.
5200 rules inserted. Base: 2309 rules (154 with conclusion selected). Queue: 820 rules.
5400 rules inserted. Base: 2386 rules (154 with conclusion selected). Queue: 923 rules.
5600 rules inserted. Base: 2427 rules (154 with conclusion selected). Queue: 972 rules.
5800 rules inserted. Base: 2473 rules (155 with conclusion selected). Queue: 1000 rules.
6000 rules inserted. Base: 2579 rules (155 with conclusion selected). Queue: 1025 rules.
6200 rules inserted. Base: 2638 rules (156 with conclusion selected). Queue: 1102 rules.
6400 rules inserted. Base: 2705 rules (156 with conclusion selected). Queue: 1185 rules.
6600 rules inserted. Base: 2652 rules (156 with conclusion selected). Queue: 1176 rules.
6800 rules inserted. Base: 2712 rules (156 with conclusion selected). Queue: 1205 rules.
7000 rules inserted. Base: 2820 rules (156 with conclusion selected). Queue: 1229 rules.
7200 rules inserted. Base: 2888 rules (157 with conclusion selected). Queue: 1329 rules.
7400 rules inserted. Base: 2909 rules (157 with conclusion selected). Queue: 1364 rules.
7600 rules inserted. Base: 2730 rules (157 with conclusion selected). Queue: 1329 rules.
7800 rules inserted. Base: 2780 rules (157 with conclusion selected). Queue: 1339 rules.
8000 rules inserted. Base: 2821 rules (157 with conclusion selected). Queue: 1362 rules.
8200 rules inserted. Base: 2901 rules (157 with conclusion selected). Queue: 1375 rules.
8400 rules inserted. Base: 2949 rules (157 with conclusion selected). Queue: 1477 rules.
8600 rules inserted. Base: 2988 rules (157 with conclusion selected). Queue: 1471 rules.
8800 rules inserted. Base: 2971 rules (157 with conclusion selected). Queue: 1400 rules.
9000 rules inserted. Base: 3039 rules (157 with conclusion selected). Queue: 1450 rules.
9200 rules inserted. Base: 3100 rules (158 with conclusion selected). Queue: 1449 rules.
9400 rules inserted. Base: 3144 rules (158 with conclusion selected). Queue: 1430 rules.
9600 rules inserted. Base: 3200 rules (158 with conclusion selected). Queue: 1483 rules.
9800 rules inserted. Base: 3262 rules (159 with conclusion selected). Queue: 1556 rules.
10000 rules inserted. Base: 3314 rules (159 with conclusion selected). Queue: 1517 rules.
10200 rules inserted. Base: 3356 rules (159 with conclusion selected). Queue: 1504 rules.
10400 rules inserted. Base: 3424 rules (159 with conclusion selected). Queue: 1541 rules.
10600 rules inserted. Base: 3453 rules (159 with conclusion selected). Queue: 1497 rules.
10800 rules inserted. Base: 3490 rules (159 with conclusion selected). Queue: 1465 rules.
11000 rules inserted. Base: 3524 rules (159 with conclusion selected). Queue: 1469 rules.
11200 rules inserted. Base: 3575 rules (159 with conclusion selected). Queue: 1509 rules.
11400 rules inserted. Base: 3570 rules (159 with conclusion selected). Queue: 1466 rules.
11600 rules inserted. Base: 3603 rules (159 with conclusion selected). Queue: 1458 rules.
11800 rules inserted. Base: 3649 rules (159 with conclusion selected). Queue: 1480 rules.
12000 rules inserted. Base: 3699 rules (159 with conclusion selected). Queue: 1447 rules.
12200 rules inserted. Base: 3737 rules (160 with conclusion selected). Queue: 1422 rules.
12400 rules inserted. Base: 3758 rules (160 with conclusion selected). Queue: 1441 rules.
12600 rules inserted. Base: 3758 rules (160 with conclusion selected). Queue: 1431 rules.
12800 rules inserted. Base: 3706 rules (161 with conclusion selected). Queue: 1383 rules.
13000 rules inserted. Base: 3728 rules (161 with conclusion selected). Queue: 1355 rules.
13200 rules inserted. Base: 3798 rules (161 with conclusion selected). Queue: 1384 rules.
13400 rules inserted. Base: 3803 rules (161 with conclusion selected). Queue: 1348 rules.
13600 rules inserted. Base: 3799 rules (161 with conclusion selected). Queue: 1324 rules.
13800 rules inserted. Base: 3838 rules (161 with conclusion selected). Queue: 1372 rules.
14000 rules inserted. Base: 3784 rules (161 with conclusion selected). Queue: 1310 rules.
14200 rules inserted. Base: 3814 rules (161 with conclusion selected). Queue: 1280 rules.
14400 rules inserted. Base: 3856 rules (161 with conclusion selected). Queue: 1284 rules.
14600 rules inserted. Base: 3886 rules (161 with conclusion selected). Queue: 1263 rules.
14800 rules inserted. Base: 3848 rules (161 with conclusion selected). Queue: 1220 rules.
15000 rules inserted. Base: 3874 rules (161 with conclusion selected). Queue: 1220 rules.
15200 rules inserted. Base: 3915 rules (161 with conclusion selected). Queue: 1145 rules.
15400 rules inserted. Base: 3924 rules (161 with conclusion selected). Queue: 1108 rules.
15600 rules inserted. Base: 3956 rules (161 with conclusion selected). Queue: 1096 rules.
15800 rules inserted. Base: 3984 rules (161 with conclusion selected). Queue: 1077 rules.
16000 rules inserted. Base: 4019 rules (161 with conclusion selected). Queue: 1029 rules.
16200 rules inserted. Base: 4028 rules (161 with conclusion selected). Queue: 975 rules.
16400 rules inserted. Base: 4084 rules (161 with conclusion selected). Queue: 938 rules.
16600 rules inserted. Base: 4111 rules (161 with conclusion selected). Queue: 899 rules.
16800 rules inserted. Base: 4121 rules (161 with conclusion selected). Queue: 861 rules.
17000 rules inserted. Base: 4149 rules (161 with conclusion selected). Queue: 801 rules.
17200 rules inserted. Base: 4147 rules (161 with conclusion selected). Queue: 757 rules.
17400 rules inserted. Base: 4154 rules (161 with conclusion selected). Queue: 718 rules.
17600 rules inserted. Base: 4185 rules (161 with conclusion selected). Queue: 696 rules.
17800 rules inserted. Base: 4184 rules (161 with conclusion selected). Queue: 639 rules.
18000 rules inserted. Base: 4175 rules (161 with conclusion selected). Queue: 600 rules.
18200 rules inserted. Base: 4168 rules (161 with conclusion selected). Queue: 584 rules.
18400 rules inserted. Base: 4214 rules (161 with conclusion selected). Queue: 548 rules.
18600 rules inserted. Base: 4270 rules (161 with conclusion selected). Queue: 525 rules.
18800 rules inserted. Base: 4324 rules (161 with conclusion selected). Queue: 551 rules.
19000 rules inserted. Base: 4358 rules (161 with conclusion selected). Queue: 509 rules.
19200 rules inserted. Base: 4361 rules (161 with conclusion selected). Queue: 495 rules.
19400 rules inserted. Base: 4397 rules (161 with conclusion selected). Queue: 492 rules.
19600 rules inserted. Base: 4441 rules (161 with conclusion selected). Queue: 492 rules.
19800 rules inserted. Base: 4461 rules (161 with conclusion selected). Queue: 536 rules.
20000 rules inserted. Base: 4490 rules (161 with conclusion selected). Queue: 532 rules.
20200 rules inserted. Base: 4523 rules (161 with conclusion selected). Queue: 516 rules.
20400 rules inserted. Base: 4554 rules (161 with conclusion selected). Queue: 504 rules.
20600 rules inserted. Base: 4563 rules (161 with conclusion selected). Queue: 488 rules.
20800 rules inserted. Base: 4575 rules (161 with conclusion selected). Queue: 497 rules.
21000 rules inserted. Base: 4600 rules (161 with conclusion selected). Queue: 490 rules.
21200 rules inserted. Base: 4606 rules (161 with conclusion selected). Queue: 500 rules.
21400 rules inserted. Base: 4629 rules (161 with conclusion selected). Queue: 481 rules.
21600 rules inserted. Base: 4639 rules (161 with conclusion selected). Queue: 465 rules.
21800 rules inserted. Base: 4664 rules (161 with conclusion selected). Queue: 464 rules.
22000 rules inserted. Base: 4689 rules (161 with conclusion selected). Queue: 447 rules.
22200 rules inserted. Base: 4728 rules (161 with conclusion selected). Queue: 467 rules.
22400 rules inserted. Base: 4755 rules (161 with conclusion selected). Queue: 463 rules.
22600 rules inserted. Base: 4751 rules (161 with conclusion selected). Queue: 495 rules.
22800 rules inserted. Base: 4769 rules (161 with conclusion selected). Queue: 497 rules.
23000 rules inserted. Base: 4786 rules (161 with conclusion selected). Queue: 535 rules.
23200 rules inserted. Base: 4817 rules (161 with conclusion selected). Queue: 527 rules.
23400 rules inserted. Base: 4851 rules (161 with conclusion selected). Queue: 514 rules.
23600 rules inserted. Base: 4866 rules (161 with conclusion selected). Queue: 508 rules.
23800 rules inserted. Base: 4890 rules (161 with conclusion selected). Queue: 494 rules.
24000 rules inserted. Base: 4897 rules (161 with conclusion selected). Queue: 485 rules.
24200 rules inserted. Base: 4913 rules (161 with conclusion selected). Queue: 465 rules.
24400 rules inserted. Base: 4919 rules (161 with conclusion selected). Queue: 443 rules.
24600 rules inserted. Base: 4956 rules (161 with conclusion selected). Queue: 404 rules.
24800 rules inserted. Base: 4959 rules (161 with conclusion selected). Queue: 373 rules.
25000 rules inserted. Base: 4972 rules (161 with conclusion selected). Queue: 327 rules.
25200 rules inserted. Base: 5003 rules (161 with conclusion selected). Queue: 267 rules.
25400 rules inserted. Base: 5014 rules (161 with conclusion selected). Queue: 222 rules.
25600 rules inserted. Base: 4992 rules (161 with conclusion selected). Queue: 167 rules.
25800 rules inserted. Base: 5017 rules (161 with conclusion selected). Queue: 99 rules.
26000 rules inserted. Base: 5033 rules (161 with conclusion selected). Queue: 14 rules.
ok, secrecy assumption verified: fact unreachable attacker_p2(q_id_i_i[])
ok, secrecy assumption verified: fact unreachable attacker_p1(q_id_i_i[])
ok, secrecy assumption verified: fact unreachable attacker(q_id_i_i[])
ok, secrecy assumption verified: fact unreachable attacker_p2(q_id_i_r[])
ok, secrecy assumption verified: fact unreachable attacker_p1(q_id_i_r[])
ok, secrecy assumption verified: fact unreachable attacker(q_id_i_r[])
ok, secrecy assumption verified: fact unreachable attacker_p2(q_id_r_i[])
ok, secrecy assumption verified: fact unreachable attacker_p1(q_id_r_i[])
ok, secrecy assumption verified: fact unreachable attacker(q_id_r_i[])
ok, secrecy assumption verified: fact unreachable attacker_p2(q_id_r_r[])
ok, secrecy assumption verified: fact unreachable attacker_p1(q_id_r_r[])
ok, secrecy assumption verified: fact unreachable attacker(q_id_r_r[])
ok, secrecy assumption verified: fact unreachable attacker(q_eph_x[])
ok, secrecy assumption verified: fact unreachable attacker_p1(q_eph_y[])
ok, secrecy assumption verified: fact unreachable attacker(q_eph_y[])
ok, secrecy assumption verified: fact unreachable attacker(q_shared_secret_i[])
ok, secrecy assumption verified: fact unreachable attacker(q_shared_secret_r[])
ok, secrecy assumption verified: fact unreachable attacker_p2(q_session_keys_i[])
ok, secrecy assumption verified: fact unreachable attacker_p1(q_session_keys_i[])
ok, secrecy assumption verified: fact unreachable attacker(q_session_keys_i[])
ok, secrecy assumption verified: fact unreachable attacker_p2(q_session_keys_r[])
ok, secrecy assumption verified: fact unreachable attacker_p1(q_session_keys_r[])
ok, secrecy assumption verified: fact unreachable attacker(q_session_keys_r[])
ok, secrecy assumption verified: fact unreachable attacker_p2(q_resumption_prekeys_i[])
ok, secrecy assumption verified: fact unreachable attacker_p1(q_resumption_prekeys_i[])
ok, secrecy assumption verified: fact unreachable attacker(q_resumption_prekeys_i[])
ok, secrecy assumption verified: fact unreachable attacker_p2(q_resumption_prekeys_r[])
ok, secrecy assumption verified: fact unreachable attacker_p1(q_resumption_prekeys_r[])
ok, secrecy assumption verified: fact unreachable attacker(q_resumption_prekeys_r[])
ok, secrecy assumption verified: fact unreachable attacker_p2(q_resumption_session_keys_i[])
ok, secrecy assumption verified: fact unreachable attacker_p1(q_resumption_session_keys_i[])
ok, secrecy assumption verified: fact unreachable attacker(q_resumption_session_keys_i[])
ok, secrecy assumption verified: fact unreachable attacker_p2(q_resumption_session_keys_r[])
ok, secrecy assumption verified: fact unreachable attacker_p1(q_resumption_session_keys_r[])
ok, secrecy assumption verified: fact unreachable attacker(q_resumption_session_keys_r[])
Starting query not attacker_p2(q_id_i_r[])
RESULT not attacker_p2(q_id_i_r[]) is true.
-- Query not attacker_p2(q_id_r_i[]) in process 1.
Translating the process into Horn clauses...
Completing...
200 rules inserted. Base: 197 rules (103 with conclusion selected). Queue: 75 rules.
400 rules inserted. Base: 381 rules (120 with conclusion selected). Queue: 194 rules.
600 rules inserted. Base: 517 rules (120 with conclusion selected). Queue: 358 rules.
800 rules inserted. Base: 619 rules (120 with conclusion selected). Queue: 379 rules.
1000 rules inserted. Base: 695 rules (120 with conclusion selected). Queue: 466 rules.
1200 rules inserted. Base: 774 rules (126 with conclusion selected). Queue: 533 rules.
1400 rules inserted. Base: 909 rules (126 with conclusion selected). Queue: 510 rules.
1600 rules inserted. Base: 981 rules (137 with conclusion selected). Queue: 544 rules.
1800 rules inserted. Base: 1088 rules (137 with conclusion selected). Queue: 586 rules.
2000 rules inserted. Base: 1235 rules (137 with conclusion selected). Queue: 632 rules.
2200 rules inserted. Base: 1285 rules (137 with conclusion selected). Queue: 641 rules.
2400 rules inserted. Base: 1403 rules (137 with conclusion selected). Queue: 679 rules.
2600 rules inserted. Base: 1552 rules (138 with conclusion selected). Queue: 696 rules.
2800 rules inserted. Base: 1580 rules (144 with conclusion selected). Queue: 713 rules.
3000 rules inserted. Base: 1652 rules (144 with conclusion selected). Queue: 717 rules.
3200 rules inserted. Base: 1789 rules (147 with conclusion selected). Queue: 678 rules.
3400 rules inserted. Base: 1762 rules (147 with conclusion selected). Queue: 728 rules.
3600 rules inserted. Base: 1783 rules (147 with conclusion selected). Queue: 715 rules.
3800 rules inserted. Base: 1894 rules (147 with conclusion selected). Queue: 661 rules.
4000 rules inserted. Base: 1976 rules (147 with conclusion selected). Queue: 732 rules.
4200 rules inserted. Base: 2009 rules (147 with conclusion selected). Queue: 747 rules.
4400 rules inserted. Base: 2080 rules (147 with conclusion selected). Queue: 694 rules.
4600 rules inserted. Base: 2179 rules (151 with conclusion selected). Queue: 740 rules.
4800 rules inserted. Base: 2311 rules (151 with conclusion selected). Queue: 826 rules.
5000 rules inserted. Base: 2209 rules (151 with conclusion selected). Queue: 775 rules.
5200 rules inserted. Base: 2309 rules (154 with conclusion selected). Queue: 820 rules.
5400 rules inserted. Base: 2386 rules (154 with conclusion selected). Queue: 923 rules.
5600 rules inserted. Base: 2427 rules (154 with conclusion selected). Queue: 972 rules.
5800 rules inserted. Base: 2473 rules (155 with conclusion selected). Queue: 1000 rules.
6000 rules inserted. Base: 2579 rules (155 with conclusion selected). Queue: 1025 rules.
6200 rules inserted. Base: 2638 rules (156 with conclusion selected). Queue: 1102 rules.
6400 rules inserted. Base: 2705 rules (156 with conclusion selected). Queue: 1185 rules.
6600 rules inserted. Base: 2652 rules (156 with conclusion selected). Queue: 1176 rules.
6800 rules inserted. Base: 2712 rules (156 with conclusion selected). Queue: 1205 rules.
7000 rules inserted. Base: 2820 rules (156 with conclusion selected). Queue: 1229 rules.
7200 rules inserted. Base: 2888 rules (157 with conclusion selected). Queue: 1329 rules.
7400 rules inserted. Base: 2909 rules (157 with conclusion selected). Queue: 1364 rules.
7600 rules inserted. Base: 2730 rules (157 with conclusion selected). Queue: 1329 rules.
7800 rules inserted. Base: 2780 rules (157 with conclusion selected). Queue: 1339 rules.
8000 rules inserted. Base: 2821 rules (157 with conclusion selected). Queue: 1362 rules.
8200 rules inserted. Base: 2901 rules (157 with conclusion selected). Queue: 1375 rules.
8400 rules inserted. Base: 2949 rules (157 with conclusion selected). Queue: 1477 rules.
8600 rules inserted. Base: 2988 rules (157 with conclusion selected). Queue: 1471 rules.
8800 rules inserted. Base: 2971 rules (157 with conclusion selected). Queue: 1400 rules.
9000 rules inserted. Base: 3039 rules (157 with conclusion selected). Queue: 1450 rules.
9200 rules inserted. Base: 3100 rules (158 with conclusion selected). Queue: 1449 rules.
9400 rules inserted. Base: 3144 rules (158 with conclusion selected). Queue: 1430 rules.
9600 rules inserted. Base: 3200 rules (158 with conclusion selected). Queue: 1483 rules.
9800 rules inserted. Base: 3262 rules (159 with conclusion selected). Queue: 1556 rules.
10000 rules inserted. Base: 3314 rules (159 with conclusion selected). Queue: 1517 rules.
10200 rules inserted. Base: 3356 rules (159 with conclusion selected). Queue: 1504 rules.
10400 rules inserted. Base: 3424 rules (159 with conclusion selected). Queue: 1541 rules.
10600 rules inserted. Base: 3453 rules (159 with conclusion selected). Queue: 1497 rules.
10800 rules inserted. Base: 3490 rules (159 with conclusion selected). Queue: 1465 rules.
11000 rules inserted. Base: 3524 rules (159 with conclusion selected). Queue: 1469 rules.
11200 rules inserted. Base: 3575 rules (159 with conclusion selected). Queue: 1509 rules.
11400 rules inserted. Base: 3570 rules (159 with conclusion selected). Queue: 1466 rules.
11600 rules inserted. Base: 3603 rules (159 with conclusion selected). Queue: 1458 rules.
11800 rules inserted. Base: 3649 rules (159 with conclusion selected). Queue: 1480 rules.
12000 rules inserted. Base: 3699 rules (159 with conclusion selected). Queue: 1447 rules.
12200 rules inserted. Base: 3737 rules (160 with conclusion selected). Queue: 1422 rules.
12400 rules inserted. Base: 3758 rules (160 with conclusion selected). Queue: 1441 rules.
12600 rules inserted. Base: 3758 rules (160 with conclusion selected). Queue: 1431 rules.
12800 rules inserted. Base: 3706 rules (161 with conclusion selected). Queue: 1383 rules.
13000 rules inserted. Base: 3728 rules (161 with conclusion selected). Queue: 1355 rules.
13200 rules inserted. Base: 3798 rules (161 with conclusion selected). Queue: 1384 rules.
13400 rules inserted. Base: 3803 rules (161 with conclusion selected). Queue: 1348 rules.
13600 rules inserted. Base: 3799 rules (161 with conclusion selected). Queue: 1324 rules.
13800 rules inserted. Base: 3838 rules (161 with conclusion selected). Queue: 1372 rules.
14000 rules inserted. Base: 3784 rules (161 with conclusion selected). Queue: 1310 rules.
14200 rules inserted. Base: 3814 rules (161 with conclusion selected). Queue: 1280 rules.
14400 rules inserted. Base: 3856 rules (161 with conclusion selected). Queue: 1284 rules.
14600 rules inserted. Base: 3886 rules (161 with conclusion selected). Queue: 1263 rules.
14800 rules inserted. Base: 3848 rules (161 with conclusion selected). Queue: 1220 rules.
15000 rules inserted. Base: 3874 rules (161 with conclusion selected). Queue: 1220 rules.
15200 rules inserted. Base: 3915 rules (161 with conclusion selected). Queue: 1145 rules.
15400 rules inserted. Base: 3924 rules (161 with conclusion selected). Queue: 1108 rules.
15600 rules inserted. Base: 3956 rules (161 with conclusion selected). Queue: 1096 rules.
15800 rules inserted. Base: 3984 rules (161 with conclusion selected). Queue: 1077 rules.
16000 rules inserted. Base: 4019 rules (161 with conclusion selected). Queue: 1029 rules.
16200 rules inserted. Base: 4028 rules (161 with conclusion selected). Queue: 975 rules.
16400 rules inserted. Base: 4084 rules (161 with conclusion selected). Queue: 938 rules.
16600 rules inserted. Base: 4111 rules (161 with conclusion selected). Queue: 899 rules.
16800 rules inserted. Base: 4121 rules (161 with conclusion selected). Queue: 861 rules.
17000 rules inserted. Base: 4149 rules (161 with conclusion selected). Queue: 801 rules.
17200 rules inserted. Base: 4147 rules (161 with conclusion selected). Queue: 757 rules.
17400 rules inserted. Base: 4154 rules (161 with conclusion selected). Queue: 718 rules.
17600 rules inserted. Base: 4185 rules (161 with conclusion selected). Queue: 696 rules.
17800 rules inserted. Base: 4184 rules (161 with conclusion selected). Queue: 639 rules.
18000 rules inserted. Base: 4175 rules (161 with conclusion selected). Queue: 600 rules.
18200 rules inserted. Base: 4168 rules (161 with conclusion selected). Queue: 584 rules.
18400 rules inserted. Base: 4214 rules (161 with conclusion selected). Queue: 548 rules.
18600 rules inserted. Base: 4270 rules (161 with conclusion selected). Queue: 525 rules.
18800 rules inserted. Base: 4324 rules (161 with conclusion selected). Queue: 551 rules.
19000 rules inserted. Base: 4358 rules (161 with conclusion selected). Queue: 509 rules.
19200 rules inserted. Base: 4361 rules (161 with conclusion selected). Queue: 495 rules.
19400 rules inserted. Base: 4397 rules (161 with conclusion selected). Queue: 492 rules.
19600 rules inserted. Base: 4441 rules (161 with conclusion selected). Queue: 492 rules.
19800 rules inserted. Base: 4461 rules (161 with conclusion selected). Queue: 536 rules.
20000 rules inserted. Base: 4490 rules (161 with conclusion selected). Queue: 532 rules.
20200 rules inserted. Base: 4523 rules (161 with conclusion selected). Queue: 516 rules.
20400 rules inserted. Base: 4554 rules (161 with conclusion selected). Queue: 504 rules.
20600 rules inserted. Base: 4563 rules (161 with conclusion selected). Queue: 488 rules.
20800 rules inserted. Base: 4575 rules (161 with conclusion selected). Queue: 497 rules.
21000 rules inserted. Base: 4600 rules (161 with conclusion selected). Queue: 490 rules.
21200 rules inserted. Base: 4606 rules (161 with conclusion selected). Queue: 500 rules.
21400 rules inserted. Base: 4629 rules (161 with conclusion selected). Queue: 481 rules.
21600 rules inserted. Base: 4639 rules (161 with conclusion selected). Queue: 465 rules.
21800 rules inserted. Base: 4664 rules (161 with conclusion selected). Queue: 464 rules.
22000 rules inserted. Base: 4689 rules (161 with conclusion selected). Queue: 447 rules.
22200 rules inserted. Base: 4728 rules (161 with conclusion selected). Queue: 467 rules.
22400 rules inserted. Base: 4755 rules (161 with conclusion selected). Queue: 463 rules.
22600 rules inserted. Base: 4751 rules (161 with conclusion selected). Queue: 495 rules.
22800 rules inserted. Base: 4769 rules (161 with conclusion selected). Queue: 497 rules.
23000 rules inserted. Base: 4786 rules (161 with conclusion selected). Queue: 535 rules.
23200 rules inserted. Base: 4817 rules (161 with conclusion selected). Queue: 527 rules.
23400 rules inserted. Base: 4851 rules (161 with conclusion selected). Queue: 514 rules.
23600 rules inserted. Base: 4866 rules (161 with conclusion selected). Queue: 508 rules.
23800 rules inserted. Base: 4890 rules (161 with conclusion selected). Queue: 494 rules.
24000 rules inserted. Base: 4897 rules (161 with conclusion selected). Queue: 485 rules.
24200 rules inserted. Base: 4913 rules (161 with conclusion selected). Queue: 465 rules.
24400 rules inserted. Base: 4919 rules (161 with conclusion selected). Queue: 443 rules.
24600 rules inserted. Base: 4956 rules (161 with conclusion selected). Queue: 404 rules.
24800 rules inserted. Base: 4959 rules (161 with conclusion selected). Queue: 373 rules.
25000 rules inserted. Base: 4972 rules (161 with conclusion selected). Queue: 327 rules.
25200 rules inserted. Base: 5003 rules (161 with conclusion selected). Queue: 267 rules.
25400 rules inserted. Base: 5014 rules (161 with conclusion selected). Queue: 222 rules.
25600 rules inserted. Base: 4992 rules (161 with conclusion selected). Queue: 167 rules.
25800 rules inserted. Base: 5017 rules (161 with conclusion selected). Queue: 99 rules.
26000 rules inserted. Base: 5033 rules (161 with conclusion selected). Queue: 14 rules.
ok, secrecy assumption verified: fact unreachable attacker_p2(q_id_i_i[])
ok, secrecy assumption verified: fact unreachable attacker_p1(q_id_i_i[])
ok, secrecy assumption verified: fact unreachable attacker(q_id_i_i[])
ok, secrecy assumption verified: fact unreachable attacker_p2(q_id_i_r[])
ok, secrecy assumption verified: fact unreachable attacker_p1(q_id_i_r[])
ok, secrecy assumption verified: fact unreachable attacker(q_id_i_r[])
ok, secrecy assumption verified: fact unreachable attacker_p2(q_id_r_i[])
ok, secrecy assumption verified: fact unreachable attacker_p1(q_id_r_i[])
ok, secrecy assumption verified: fact unreachable attacker(q_id_r_i[])
ok, secrecy assumption verified: fact unreachable attacker_p2(q_id_r_r[])
ok, secrecy assumption verified: fact unreachable attacker_p1(q_id_r_r[])
ok, secrecy assumption verified: fact unreachable attacker(q_id_r_r[])
ok, secrecy assumption verified: fact unreachable attacker(q_eph_x[])
ok, secrecy assumption verified: fact unreachable attacker_p1(q_eph_y[])
ok, secrecy assumption verified: fact unreachable attacker(q_eph_y[])
ok, secrecy assumption verified: fact unreachable attacker(q_shared_secret_i[])
ok, secrecy assumption verified: fact unreachable attacker(q_shared_secret_r[])
ok, secrecy assumption verified: fact unreachable attacker_p2(q_session_keys_i[])
ok, secrecy assumption verified: fact unreachable attacker_p1(q_session_keys_i[])
ok, secrecy assumption verified: fact unreachable attacker(q_session_keys_i[])
ok, secrecy assumption verified: fact unreachable attacker_p2(q_session_keys_r[])
ok, secrecy assumption verified: fact unreachable attacker_p1(q_session_keys_r[])
ok, secrecy assumption verified: fact unreachable attacker(q_session_keys_r[])
ok, secrecy assumption verified: fact unreachable attacker_p2(q_resumption_prekeys_i[])
ok, secrecy assumption verified: fact unreachable attacker_p1(q_resumption_prekeys_i[])
ok, secrecy assumption verified: fact unreachable attacker(q_resumption_prekeys_i[])
ok, secrecy assumption verified: fact unreachable attacker_p2(q_resumption_prekeys_r[])
ok, secrecy assumption verified: fact unreachable attacker_p1(q_resumption_prekeys_r[])
ok, secrecy assumption verified: fact unreachable attacker(q_resumption_prekeys_r[])
ok, secrecy assumption verified: fact unreachable attacker_p2(q_resumption_session_keys_i[])
ok, secrecy assumption verified: fact unreachable attacker_p1(q_resumption_session_keys_i[])
ok, secrecy assumption verified: fact unreachable attacker(q_resumption_session_keys_i[])
ok, secrecy assumption verified: fact unreachable attacker_p2(q_resumption_session_keys_r[])
ok, secrecy assumption verified: fact unreachable attacker_p1(q_resumption_session_keys_r[])
ok, secrecy assumption verified: fact unreachable attacker(q_resumption_session_keys_r[])
Starting query not attacker_p2(q_id_r_i[])
RESULT not attacker_p2(q_id_r_i[]) is true.
-- Query not attacker_p2(q_id_r_r[]) in process 1.
Translating the process into Horn clauses...
Completing...
200 rules inserted. Base: 197 rules (103 with conclusion selected). Queue: 75 rules.
400 rules inserted. Base: 381 rules (120 with conclusion selected). Queue: 194 rules.
600 rules inserted. Base: 517 rules (120 with conclusion selected). Queue: 358 rules.
800 rules inserted. Base: 619 rules (120 with conclusion selected). Queue: 379 rules.
1000 rules inserted. Base: 695 rules (120 with conclusion selected). Queue: 466 rules.
1200 rules inserted. Base: 774 rules (126 with conclusion selected). Queue: 533 rules.
1400 rules inserted. Base: 909 rules (126 with conclusion selected). Queue: 510 rules.
1600 rules inserted. Base: 981 rules (137 with conclusion selected). Queue: 544 rules.
1800 rules inserted. Base: 1088 rules (137 with conclusion selected). Queue: 586 rules.
2000 rules inserted. Base: 1235 rules (137 with conclusion selected). Queue: 632 rules.
2200 rules inserted. Base: 1285 rules (137 with conclusion selected). Queue: 641 rules.
2400 rules inserted. Base: 1403 rules (137 with conclusion selected). Queue: 679 rules.
2600 rules inserted. Base: 1552 rules (138 with conclusion selected). Queue: 696 rules.
2800 rules inserted. Base: 1580 rules (144 with conclusion selected). Queue: 713 rules.
3000 rules inserted. Base: 1652 rules (144 with conclusion selected). Queue: 717 rules.
3200 rules inserted. Base: 1789 rules (147 with conclusion selected). Queue: 678 rules.
3400 rules inserted. Base: 1762 rules (147 with conclusion selected). Queue: 728 rules.
3600 rules inserted. Base: 1783 rules (147 with conclusion selected). Queue: 715 rules.
3800 rules inserted. Base: 1894 rules (147 with conclusion selected). Queue: 661 rules.
4000 rules inserted. Base: 1976 rules (147 with conclusion selected). Queue: 732 rules.
4200 rules inserted. Base: 2009 rules (147 with conclusion selected). Queue: 747 rules.
4400 rules inserted. Base: 2080 rules (147 with conclusion selected). Queue: 694 rules.
4600 rules inserted. Base: 2179 rules (151 with conclusion selected). Queue: 740 rules.
4800 rules inserted. Base: 2311 rules (151 with conclusion selected). Queue: 826 rules.
5000 rules inserted. Base: 2209 rules (151 with conclusion selected). Queue: 775 rules.
5200 rules inserted. Base: 2309 rules (154 with conclusion selected). Queue: 820 rules.
5400 rules inserted. Base: 2386 rules (154 with conclusion selected). Queue: 923 rules.
5600 rules inserted. Base: 2427 rules (154 with conclusion selected). Queue: 972 rules.
5800 rules inserted. Base: 2473 rules (155 with conclusion selected). Queue: 1000 rules.
6000 rules inserted. Base: 2579 rules (155 with conclusion selected). Queue: 1025 rules.
6200 rules inserted. Base: 2638 rules (156 with conclusion selected). Queue: 1102 rules.
6400 rules inserted. Base: 2705 rules (156 with conclusion selected). Queue: 1185 rules.
6600 rules inserted. Base: 2652 rules (156 with conclusion selected). Queue: 1176 rules.
6800 rules inserted. Base: 2712 rules (156 with conclusion selected). Queue: 1205 rules.
7000 rules inserted. Base: 2820 rules (156 with conclusion selected). Queue: 1229 rules.
7200 rules inserted. Base: 2888 rules (157 with conclusion selected). Queue: 1329 rules.
7400 rules inserted. Base: 2909 rules (157 with conclusion selected). Queue: 1364 rules.
7600 rules inserted. Base: 2730 rules (157 with conclusion selected). Queue: 1329 rules.
7800 rules inserted. Base: 2780 rules (157 with conclusion selected). Queue: 1339 rules.
8000 rules inserted. Base: 2821 rules (157 with conclusion selected). Queue: 1362 rules.
8200 rules inserted. Base: 2901 rules (157 with conclusion selected). Queue: 1375 rules.
8400 rules inserted. Base: 2949 rules (157 with conclusion selected). Queue: 1477 rules.
8600 rules inserted. Base: 2988 rules (157 with conclusion selected). Queue: 1471 rules.
8800 rules inserted. Base: 2971 rules (157 with conclusion selected). Queue: 1400 rules.
9000 rules inserted. Base: 3039 rules (157 with conclusion selected). Queue: 1450 rules.
9200 rules inserted. Base: 3100 rules (158 with conclusion selected). Queue: 1449 rules.
9400 rules inserted. Base: 3144 rules (158 with conclusion selected). Queue: 1430 rules.
9600 rules inserted. Base: 3200 rules (158 with conclusion selected). Queue: 1483 rules.
9800 rules inserted. Base: 3262 rules (159 with conclusion selected). Queue: 1556 rules.
10000 rules inserted. Base: 3314 rules (159 with conclusion selected). Queue: 1517 rules.
10200 rules inserted. Base: 3356 rules (159 with conclusion selected). Queue: 1504 rules.
10400 rules inserted. Base: 3424 rules (159 with conclusion selected). Queue: 1541 rules.
10600 rules inserted. Base: 3453 rules (159 with conclusion selected). Queue: 1497 rules.
10800 rules inserted. Base: 3490 rules (159 with conclusion selected). Queue: 1465 rules.
11000 rules inserted. Base: 3524 rules (159 with conclusion selected). Queue: 1469 rules.
11200 rules inserted. Base: 3575 rules (159 with conclusion selected). Queue: 1509 rules.
11400 rules inserted. Base: 3570 rules (159 with conclusion selected). Queue: 1466 rules.
11600 rules inserted. Base: 3603 rules (159 with conclusion selected). Queue: 1458 rules.
11800 rules inserted. Base: 3649 rules (159 with conclusion selected). Queue: 1480 rules.
12000 rules inserted. Base: 3699 rules (159 with conclusion selected). Queue: 1447 rules.
12200 rules inserted. Base: 3737 rules (160 with conclusion selected). Queue: 1422 rules.
12400 rules inserted. Base: 3758 rules (160 with conclusion selected). Queue: 1441 rules.
12600 rules inserted. Base: 3758 rules (160 with conclusion selected). Queue: 1431 rules.
12800 rules inserted. Base: 3706 rules (161 with conclusion selected). Queue: 1383 rules.
13000 rules inserted. Base: 3728 rules (161 with conclusion selected). Queue: 1355 rules.
13200 rules inserted. Base: 3798 rules (161 with conclusion selected). Queue: 1384 rules.
13400 rules inserted. Base: 3803 rules (161 with conclusion selected). Queue: 1348 rules.
13600 rules inserted. Base: 3799 rules (161 with conclusion selected). Queue: 1324 rules.
13800 rules inserted. Base: 3838 rules (161 with conclusion selected). Queue: 1372 rules.
14000 rules inserted. Base: 3784 rules (161 with conclusion selected). Queue: 1310 rules.
14200 rules inserted. Base: 3814 rules (161 with conclusion selected). Queue: 1280 rules.
14400 rules inserted. Base: 3856 rules (161 with conclusion selected). Queue: 1284 rules.
14600 rules inserted. Base: 3886 rules (161 with conclusion selected). Queue: 1263 rules.
14800 rules inserted. Base: 3848 rules (161 with conclusion selected). Queue: 1220 rules.
15000 rules inserted. Base: 3874 rules (161 with conclusion selected). Queue: 1220 rules.
15200 rules inserted. Base: 3915 rules (161 with conclusion selected). Queue: 1145 rules.
15400 rules inserted. Base: 3924 rules (161 with conclusion selected). Queue: 1108 rules.
15600 rules inserted. Base: 3956 rules (161 with conclusion selected). Queue: 1096 rules.
15800 rules inserted. Base: 3984 rules (161 with conclusion selected). Queue: 1077 rules.
16000 rules inserted. Base: 4019 rules (161 with conclusion selected). Queue: 1029 rules.
16200 rules inserted. Base: 4028 rules (161 with conclusion selected). Queue: 975 rules.
16400 rules inserted. Base: 4084 rules (161 with conclusion selected). Queue: 938 rules.
16600 rules inserted. Base: 4111 rules (161 with conclusion selected). Queue: 899 rules.
16800 rules inserted. Base: 4121 rules (161 with conclusion selected). Queue: 861 rules.
17000 rules inserted. Base: 4149 rules (161 with conclusion selected). Queue: 801 rules.
17200 rules inserted. Base: 4147 rules (161 with conclusion selected). Queue: 757 rules.
17400 rules inserted. Base: 4154 rules (161 with conclusion selected). Queue: 718 rules.
17600 rules inserted. Base: 4185 rules (161 with conclusion selected). Queue: 696 rules.
17800 rules inserted. Base: 4184 rules (161 with conclusion selected). Queue: 639 rules.
18000 rules inserted. Base: 4175 rules (161 with conclusion selected). Queue: 600 rules.
18200 rules inserted. Base: 4168 rules (161 with conclusion selected). Queue: 584 rules.
18400 rules inserted. Base: 4214 rules (161 with conclusion selected). Queue: 548 rules.
18600 rules inserted. Base: 4270 rules (161 with conclusion selected). Queue: 525 rules.
18800 rules inserted. Base: 4324 rules (161 with conclusion selected). Queue: 551 rules.
19000 rules inserted. Base: 4358 rules (161 with conclusion selected). Queue: 509 rules.
19200 rules inserted. Base: 4361 rules (161 with conclusion selected). Queue: 495 rules.
19400 rules inserted. Base: 4397 rules (161 with conclusion selected). Queue: 492 rules.
19600 rules inserted. Base: 4441 rules (161 with conclusion selected). Queue: 492 rules.
19800 rules inserted. Base: 4461 rules (161 with conclusion selected). Queue: 536 rules.
20000 rules inserted. Base: 4490 rules (161 with conclusion selected). Queue: 532 rules.
20200 rules inserted. Base: 4523 rules (161 with conclusion selected). Queue: 516 rules.
20400 rules inserted. Base: 4554 rules (161 with conclusion selected). Queue: 504 rules.
20600 rules inserted. Base: 4563 rules (161 with conclusion selected). Queue: 488 rules.
20800 rules inserted. Base: 4575 rules (161 with conclusion selected). Queue: 497 rules.
21000 rules inserted. Base: 4600 rules (161 with conclusion selected). Queue: 490 rules.
21200 rules inserted. Base: 4606 rules (161 with conclusion selected). Queue: 500 rules.
21400 rules inserted. Base: 4629 rules (161 with conclusion selected). Queue: 481 rules.
21600 rules inserted. Base: 4639 rules (161 with conclusion selected). Queue: 465 rules.
21800 rules inserted. Base: 4664 rules (161 with conclusion selected). Queue: 464 rules.
22000 rules inserted. Base: 4689 rules (161 with conclusion selected). Queue: 447 rules.
22200 rules inserted. Base: 4728 rules (161 with conclusion selected). Queue: 467 rules.
22400 rules inserted. Base: 4755 rules (161 with conclusion selected). Queue: 463 rules.
22600 rules inserted. Base: 4751 rules (161 with conclusion selected). Queue: 495 rules.
22800 rules inserted. Base: 4769 rules (161 with conclusion selected). Queue: 497 rules.
23000 rules inserted. Base: 4786 rules (161 with conclusion selected). Queue: 535 rules.
23200 rules inserted. Base: 4817 rules (161 with conclusion selected). Queue: 527 rules.
23400 rules inserted. Base: 4851 rules (161 with conclusion selected). Queue: 514 rules.
23600 rules inserted. Base: 4866 rules (161 with conclusion selected). Queue: 508 rules.
23800 rules inserted. Base: 4890 rules (161 with conclusion selected). Queue: 494 rules.
24000 rules inserted. Base: 4897 rules (161 with conclusion selected). Queue: 485 rules.
24200 rules inserted. Base: 4913 rules (161 with conclusion selected). Queue: 465 rules.
24400 rules inserted. Base: 4919 rules (161 with conclusion selected). Queue: 443 rules.
24600 rules inserted. Base: 4956 rules (161 with conclusion selected). Queue: 404 rules.
24800 rules inserted. Base: 4959 rules (161 with conclusion selected). Queue: 373 rules.
25000 rules inserted. Base: 4972 rules (161 with conclusion selected). Queue: 327 rules.
25200 rules inserted. Base: 5003 rules (161 with conclusion selected). Queue: 267 rules.
25400 rules inserted. Base: 5014 rules (161 with conclusion selected). Queue: 222 rules.
25600 rules inserted. Base: 4992 rules (161 with conclusion selected). Queue: 167 rules.
25800 rules inserted. Base: 5017 rules (161 with conclusion selected). Queue: 99 rules.
26000 rules inserted. Base: 5033 rules (161 with conclusion selected). Queue: 14 rules.
ok, secrecy assumption verified: fact unreachable attacker_p2(q_id_i_i[])
ok, secrecy assumption verified: fact unreachable attacker_p1(q_id_i_i[])
ok, secrecy assumption verified: fact unreachable attacker(q_id_i_i[])
ok, secrecy assumption verified: fact unreachable attacker_p2(q_id_i_r[])
ok, secrecy assumption verified: fact unreachable attacker_p1(q_id_i_r[])
ok, secrecy assumption verified: fact unreachable attacker(q_id_i_r[])
ok, secrecy assumption verified: fact unreachable attacker_p2(q_id_r_i[])
ok, secrecy assumption verified: fact unreachable attacker_p1(q_id_r_i[])
ok, secrecy assumption verified: fact unreachable attacker(q_id_r_i[])
ok, secrecy assumption verified: fact unreachable attacker_p2(q_id_r_r[])
ok, secrecy assumption verified: fact unreachable attacker_p1(q_id_r_r[])
ok, secrecy assumption verified: fact unreachable attacker(q_id_r_r[])
ok, secrecy assumption verified: fact unreachable attacker(q_eph_x[])
ok, secrecy assumption verified: fact unreachable attacker_p1(q_eph_y[])
ok, secrecy assumption verified: fact unreachable attacker(q_eph_y[])
ok, secrecy assumption verified: fact unreachable attacker(q_shared_secret_i[])
ok, secrecy assumption verified: fact unreachable attacker(q_shared_secret_r[])
ok, secrecy assumption verified: fact unreachable attacker_p2(q_session_keys_i[])
ok, secrecy assumption verified: fact unreachable attacker_p1(q_session_keys_i[])
ok, secrecy assumption verified: fact unreachable attacker(q_session_keys_i[])
ok, secrecy assumption verified: fact unreachable attacker_p2(q_session_keys_r[])
ok, secrecy assumption verified: fact unreachable attacker_p1(q_session_keys_r[])
ok, secrecy assumption verified: fact unreachable attacker(q_session_keys_r[])
ok, secrecy assumption verified: fact unreachable attacker_p2(q_resumption_prekeys_i[])
ok, secrecy assumption verified: fact unreachable attacker_p1(q_resumption_prekeys_i[])
ok, secrecy assumption verified: fact unreachable attacker(q_resumption_prekeys_i[])
ok, secrecy assumption verified: fact unreachable attacker_p2(q_resumption_prekeys_r[])
ok, secrecy assumption verified: fact unreachable attacker_p1(q_resumption_prekeys_r[])
ok, secrecy assumption verified: fact unreachable attacker(q_resumption_prekeys_r[])
ok, secrecy assumption verified: fact unreachable attacker_p2(q_resumption_session_keys_i[])
ok, secrecy assumption verified: fact unreachable attacker_p1(q_resumption_session_keys_i[])
ok, secrecy assumption verified: fact unreachable attacker(q_resumption_session_keys_i[])
ok, secrecy assumption verified: fact unreachable attacker_p2(q_resumption_session_keys_r[])
ok, secrecy assumption verified: fact unreachable attacker_p1(q_resumption_session_keys_r[])
ok, secrecy assumption verified: fact unreachable attacker(q_resumption_session_keys_r[])
Starting query not attacker_p2(q_id_r_r[])
RESULT not attacker_p2(q_id_r_r[]) is true.
-- Query not attacker_p2(q_eph_x[]) in process 1.
Translating the process into Horn clauses...
Completing...
200 rules inserted. Base: 197 rules (103 with conclusion selected). Queue: 75 rules.
400 rules inserted. Base: 381 rules (120 with conclusion selected). Queue: 194 rules.
600 rules inserted. Base: 517 rules (120 with conclusion selected). Queue: 358 rules.
800 rules inserted. Base: 619 rules (120 with conclusion selected). Queue: 379 rules.
1000 rules inserted. Base: 695 rules (120 with conclusion selected). Queue: 466 rules.
1200 rules inserted. Base: 774 rules (126 with conclusion selected). Queue: 533 rules.
1400 rules inserted. Base: 909 rules (126 with conclusion selected). Queue: 510 rules.
1600 rules inserted. Base: 981 rules (137 with conclusion selected). Queue: 544 rules.
1800 rules inserted. Base: 1088 rules (137 with conclusion selected). Queue: 586 rules.
2000 rules inserted. Base: 1235 rules (137 with conclusion selected). Queue: 632 rules.
2200 rules inserted. Base: 1285 rules (137 with conclusion selected). Queue: 641 rules.
2400 rules inserted. Base: 1403 rules (137 with conclusion selected). Queue: 679 rules.
2600 rules inserted. Base: 1552 rules (138 with conclusion selected). Queue: 696 rules.
2800 rules inserted. Base: 1580 rules (144 with conclusion selected). Queue: 713 rules.
3000 rules inserted. Base: 1652 rules (144 with conclusion selected). Queue: 717 rules.
3200 rules inserted. Base: 1789 rules (147 with conclusion selected). Queue: 678 rules.
3400 rules inserted. Base: 1762 rules (147 with conclusion selected). Queue: 728 rules.
3600 rules inserted. Base: 1783 rules (147 with conclusion selected). Queue: 715 rules.
3800 rules inserted. Base: 1894 rules (147 with conclusion selected). Queue: 661 rules.
4000 rules inserted. Base: 1976 rules (147 with conclusion selected). Queue: 732 rules.
4200 rules inserted. Base: 2009 rules (147 with conclusion selected). Queue: 747 rules.
4400 rules inserted. Base: 2080 rules (147 with conclusion selected). Queue: 694 rules.
4600 rules inserted. Base: 2179 rules (151 with conclusion selected). Queue: 740 rules.
4800 rules inserted. Base: 2311 rules (151 with conclusion selected). Queue: 826 rules.
5000 rules inserted. Base: 2209 rules (151 with conclusion selected). Queue: 775 rules.
5200 rules inserted. Base: 2309 rules (154 with conclusion selected). Queue: 820 rules.
5400 rules inserted. Base: 2386 rules (154 with conclusion selected). Queue: 923 rules.
5600 rules inserted. Base: 2427 rules (154 with conclusion selected). Queue: 972 rules.
5800 rules inserted. Base: 2473 rules (155 with conclusion selected). Queue: 1000 rules.
6000 rules inserted. Base: 2579 rules (155 with conclusion selected). Queue: 1025 rules.
6200 rules inserted. Base: 2638 rules (156 with conclusion selected). Queue: 1102 rules.
6400 rules inserted. Base: 2705 rules (156 with conclusion selected). Queue: 1185 rules.
6600 rules inserted. Base: 2652 rules (156 with conclusion selected). Queue: 1176 rules.
6800 rules inserted. Base: 2712 rules (156 with conclusion selected). Queue: 1205 rules.
7000 rules inserted. Base: 2820 rules (156 with conclusion selected). Queue: 1229 rules.
7200 rules inserted. Base: 2888 rules (157 with conclusion selected). Queue: 1329 rules.
7400 rules inserted. Base: 2909 rules (157 with conclusion selected). Queue: 1364 rules.
7600 rules inserted. Base: 2730 rules (157 with conclusion selected). Queue: 1329 rules.
7800 rules inserted. Base: 2780 rules (157 with conclusion selected). Queue: 1339 rules.
8000 rules inserted. Base: 2821 rules (157 with conclusion selected). Queue: 1362 rules.
8200 rules inserted. Base: 2901 rules (157 with conclusion selected). Queue: 1375 rules.
8400 rules inserted. Base: 2949 rules (157 with conclusion selected). Queue: 1477 rules.
8600 rules inserted. Base: 2988 rules (157 with conclusion selected). Queue: 1471 rules.
8800 rules inserted. Base: 2971 rules (157 with conclusion selected). Queue: 1400 rules.
9000 rules inserted. Base: 3039 rules (157 with conclusion selected). Queue: 1450 rules.
9200 rules inserted. Base: 3100 rules (158 with conclusion selected). Queue: 1449 rules.
9400 rules inserted. Base: 3144 rules (158 with conclusion selected). Queue: 1430 rules.
9600 rules inserted. Base: 3200 rules (158 with conclusion selected). Queue: 1483 rules.
9800 rules inserted. Base: 3262 rules (159 with conclusion selected). Queue: 1556 rules.
10000 rules inserted. Base: 3314 rules (159 with conclusion selected). Queue: 1517 rules.
10200 rules inserted. Base: 3356 rules (159 with conclusion selected). Queue: 1504 rules.
10400 rules inserted. Base: 3424 rules (159 with conclusion selected). Queue: 1541 rules.
10600 rules inserted. Base: 3453 rules (159 with conclusion selected). Queue: 1497 rules.
10800 rules inserted. Base: 3490 rules (159 with conclusion selected). Queue: 1465 rules.
11000 rules inserted. Base: 3524 rules (159 with conclusion selected). Queue: 1469 rules.
11200 rules inserted. Base: 3575 rules (159 with conclusion selected). Queue: 1509 rules.
11400 rules inserted. Base: 3570 rules (159 with conclusion selected). Queue: 1466 rules.
11600 rules inserted. Base: 3603 rules (159 with conclusion selected). Queue: 1458 rules.
11800 rules inserted. Base: 3649 rules (159 with conclusion selected). Queue: 1480 rules.
12000 rules inserted. Base: 3699 rules (159 with conclusion selected). Queue: 1447 rules.
12200 rules inserted. Base: 3737 rules (160 with conclusion selected). Queue: 1422 rules.
12400 rules inserted. Base: 3758 rules (160 with conclusion selected). Queue: 1441 rules.
12600 rules inserted. Base: 3758 rules (160 with conclusion selected). Queue: 1431 rules.
12800 rules inserted. Base: 3706 rules (161 with conclusion selected). Queue: 1383 rules.
13000 rules inserted. Base: 3728 rules (161 with conclusion selected). Queue: 1355 rules.
13200 rules inserted. Base: 3798 rules (161 with conclusion selected). Queue: 1384 rules.
13400 rules inserted. Base: 3803 rules (161 with conclusion selected). Queue: 1348 rules.
13600 rules inserted. Base: 3799 rules (161 with conclusion selected). Queue: 1324 rules.
13800 rules inserted. Base: 3838 rules (161 with conclusion selected). Queue: 1372 rules.
14000 rules inserted. Base: 3784 rules (161 with conclusion selected). Queue: 1310 rules.
14200 rules inserted. Base: 3814 rules (161 with conclusion selected). Queue: 1280 rules.
14400 rules inserted. Base: 3856 rules (161 with conclusion selected). Queue: 1284 rules.
14600 rules inserted. Base: 3886 rules (161 with conclusion selected). Queue: 1263 rules.
14800 rules inserted. Base: 3848 rules (161 with conclusion selected). Queue: 1220 rules.
15000 rules inserted. Base: 3874 rules (161 with conclusion selected). Queue: 1220 rules.
15200 rules inserted. Base: 3915 rules (161 with conclusion selected). Queue: 1145 rules.
15400 rules inserted. Base: 3924 rules (161 with conclusion selected). Queue: 1108 rules.
15600 rules inserted. Base: 3956 rules (161 with conclusion selected). Queue: 1096 rules.
15800 rules inserted. Base: 3984 rules (161 with conclusion selected). Queue: 1077 rules.
16000 rules inserted. Base: 4019 rules (161 with conclusion selected). Queue: 1029 rules.
16200 rules inserted. Base: 4028 rules (161 with conclusion selected). Queue: 975 rules.
16400 rules inserted. Base: 4084 rules (161 with conclusion selected). Queue: 938 rules.
16600 rules inserted. Base: 4111 rules (161 with conclusion selected). Queue: 899 rules.
16800 rules inserted. Base: 4121 rules (161 with conclusion selected). Queue: 861 rules.
17000 rules inserted. Base: 4149 rules (161 with conclusion selected). Queue: 801 rules.
17200 rules inserted. Base: 4147 rules (161 with conclusion selected). Queue: 757 rules.
17400 rules inserted. Base: 4154 rules (161 with conclusion selected). Queue: 718 rules.
17600 rules inserted. Base: 4185 rules (161 with conclusion selected). Queue: 696 rules.
17800 rules inserted. Base: 4184 rules (161 with conclusion selected). Queue: 639 rules.
18000 rules inserted. Base: 4175 rules (161 with conclusion selected). Queue: 600 rules.
18200 rules inserted. Base: 4168 rules (161 with conclusion selected). Queue: 584 rules.
18400 rules inserted. Base: 4214 rules (161 with conclusion selected). Queue: 548 rules.
18600 rules inserted. Base: 4270 rules (161 with conclusion selected). Queue: 525 rules.
18800 rules inserted. Base: 4324 rules (161 with conclusion selected). Queue: 551 rules.
19000 rules inserted. Base: 4358 rules (161 with conclusion selected). Queue: 509 rules.
19200 rules inserted. Base: 4361 rules (161 with conclusion selected). Queue: 495 rules.
19400 rules inserted. Base: 4397 rules (161 with conclusion selected). Queue: 492 rules.
19600 rules inserted. Base: 4441 rules (161 with conclusion selected). Queue: 492 rules.
19800 rules inserted. Base: 4461 rules (161 with conclusion selected). Queue: 536 rules.
20000 rules inserted. Base: 4490 rules (161 with conclusion selected). Queue: 532 rules.
20200 rules inserted. Base: 4523 rules (161 with conclusion selected). Queue: 516 rules.
20400 rules inserted. Base: 4554 rules (161 with conclusion selected). Queue: 504 rules.
20600 rules inserted. Base: 4563 rules (161 with conclusion selected). Queue: 488 rules.
20800 rules inserted. Base: 4575 rules (161 with conclusion selected). Queue: 497 rules.
21000 rules inserted. Base: 4600 rules (161 with conclusion selected). Queue: 490 rules.
21200 rules inserted. Base: 4606 rules (161 with conclusion selected). Queue: 500 rules.
21400 rules inserted. Base: 4629 rules (161 with conclusion selected). Queue: 481 rules.
21600 rules inserted. Base: 4639 rules (161 with conclusion selected). Queue: 465 rules.
21800 rules inserted. Base: 4664 rules (161 with conclusion selected). Queue: 464 rules.
22000 rules inserted. Base: 4689 rules (161 with conclusion selected). Queue: 447 rules.
22200 rules inserted. Base: 4728 rules (161 with conclusion selected). Queue: 467 rules.
22400 rules inserted. Base: 4755 rules (161 with conclusion selected). Queue: 463 rules.
22600 rules inserted. Base: 4751 rules (161 with conclusion selected). Queue: 495 rules.
22800 rules inserted. Base: 4769 rules (161 with conclusion selected). Queue: 497 rules.
23000 rules inserted. Base: 4786 rules (161 with conclusion selected). Queue: 535 rules.
23200 rules inserted. Base: 4817 rules (161 with conclusion selected). Queue: 527 rules.
23400 rules inserted. Base: 4851 rules (161 with conclusion selected). Queue: 514 rules.
23600 rules inserted. Base: 4866 rules (161 with conclusion selected). Queue: 508 rules.
23800 rules inserted. Base: 4890 rules (161 with conclusion selected). Queue: 494 rules.
24000 rules inserted. Base: 4897 rules (161 with conclusion selected). Queue: 485 rules.
24200 rules inserted. Base: 4913 rules (161 with conclusion selected). Queue: 465 rules.
24400 rules inserted. Base: 4919 rules (161 with conclusion selected). Queue: 443 rules.
24600 rules inserted. Base: 4956 rules (161 with conclusion selected). Queue: 404 rules.
24800 rules inserted. Base: 4959 rules (161 with conclusion selected). Queue: 373 rules.
25000 rules inserted. Base: 4972 rules (161 with conclusion selected). Queue: 327 rules.
25200 rules inserted. Base: 5003 rules (161 with conclusion selected). Queue: 267 rules.
25400 rules inserted. Base: 5014 rules (161 with conclusion selected). Queue: 222 rules.
25600 rules inserted. Base: 4992 rules (161 with conclusion selected). Queue: 167 rules.
25800 rules inserted. Base: 5017 rules (161 with conclusion selected). Queue: 99 rules.
26000 rules inserted. Base: 5033 rules (161 with conclusion selected). Queue: 14 rules.
ok, secrecy assumption verified: fact unreachable attacker_p2(q_id_i_i[])
ok, secrecy assumption verified: fact unreachable attacker_p1(q_id_i_i[])
ok, secrecy assumption verified: fact unreachable attacker(q_id_i_i[])
ok, secrecy assumption verified: fact unreachable attacker_p2(q_id_i_r[])
ok, secrecy assumption verified: fact unreachable attacker_p1(q_id_i_r[])
ok, secrecy assumption verified: fact unreachable attacker(q_id_i_r[])
ok, secrecy assumption verified: fact unreachable attacker_p2(q_id_r_i[])
ok, secrecy assumption verified: fact unreachable attacker_p1(q_id_r_i[])
ok, secrecy assumption verified: fact unreachable attacker(q_id_r_i[])
ok, secrecy assumption verified: fact unreachable attacker_p2(q_id_r_r[])
ok, secrecy assumption verified: fact unreachable attacker_p1(q_id_r_r[])
ok, secrecy assumption verified: fact unreachable attacker(q_id_r_r[])
ok, secrecy assumption verified: fact unreachable attacker(q_eph_x[])
ok, secrecy assumption verified: fact unreachable attacker_p1(q_eph_y[])
ok, secrecy assumption verified: fact unreachable attacker(q_eph_y[])
ok, secrecy assumption verified: fact unreachable attacker(q_shared_secret_i[])
ok, secrecy assumption verified: fact unreachable attacker(q_shared_secret_r[])
ok, secrecy assumption verified: fact unreachable attacker_p2(q_session_keys_i[])
ok, secrecy assumption verified: fact unreachable attacker_p1(q_session_keys_i[])
ok, secrecy assumption verified: fact unreachable attacker(q_session_keys_i[])
ok, secrecy assumption verified: fact unreachable attacker_p2(q_session_keys_r[])
ok, secrecy assumption verified: fact unreachable attacker_p1(q_session_keys_r[])
ok, secrecy assumption verified: fact unreachable attacker(q_session_keys_r[])
ok, secrecy assumption verified: fact unreachable attacker_p2(q_resumption_prekeys_i[])
ok, secrecy assumption verified: fact unreachable attacker_p1(q_resumption_prekeys_i[])
ok, secrecy assumption verified: fact unreachable attacker(q_resumption_prekeys_i[])
ok, secrecy assumption verified: fact unreachable attacker_p2(q_resumption_prekeys_r[])
ok, secrecy assumption verified: fact unreachable attacker_p1(q_resumption_prekeys_r[])
ok, secrecy assumption verified: fact unreachable attacker(q_resumption_prekeys_r[])
ok, secrecy assumption verified: fact unreachable attacker_p2(q_resumption_session_keys_i[])
ok, secrecy assumption verified: fact unreachable attacker_p1(q_resumption_session_keys_i[])
ok, secrecy assumption verified: fact unreachable attacker(q_resumption_session_keys_i[])
ok, secrecy assumption verified: fact unreachable attacker_p2(q_resumption_session_keys_r[])
ok, secrecy assumption verified: fact unreachable attacker_p1(q_resumption_session_keys_r[])
ok, secrecy assumption verified: fact unreachable attacker(q_resumption_session_keys_r[])
Starting query not attacker_p2(q_eph_x[])
goal reachable: attacker_p2(q_eph_x[])

Derivation:
Abbreviations:
fresh_x_1 = fresh_x[!1 = @sid]
initiator_random_2 = initiator_random[!1 = @sid]
responder_random_2 = responder_random_1[msg1_1 = (mul_point(P,hash((seed_x[],fresh_x_1))),initiator_random_2),!1 = @sid_1]
fresh_y_1 = fresh_y[msg1_1 = (mul_point(P,hash((seed_x[],fresh_x_1))),initiator_random_2),!1 = @sid_1]
responder_noc_key_2 = responder_noc_key[!1 = @sid_1]
resumption_id_4 = resumption_id_1[msg1_1 = (mul_point(P,hash((seed_x[],fresh_x_1))),initiator_random_2),!1 = @sid_1]
responder_random_3 = responder_random_1[msg1_1 = (mul_point(P,hash((seed_x[],fresh_x_1))),initiator_random_2),!1 = @sid_2]
fresh_y_2 = fresh_y[msg1_1 = (mul_point(P,hash((seed_x[],fresh_x_1))),initiator_random_2),!1 = @sid_2]
responder_noc_key_3 = responder_noc_key[!1 = @sid_2]
resumption_id_5 = resumption_id_1[msg1_1 = (mul_point(P,hash((seed_x[],fresh_x_1))),initiator_random_2),!1 = @sid_2]

1. The message (mul_point(P,hash((seed_x[],fresh_x_1))),initiator_random_2) may be sent to the attacker at output {18}.
attacker((mul_point(P,hash((seed_x[],fresh_x_1))),initiator_random_2)).

2. By 1, the attacker may know (mul_point(P,hash((seed_x[],fresh_x_1))),initiator_random_2).
Using the function 2-proj-2-tuple the attacker may obtain initiator_random_2.
attacker(initiator_random_2).

3. By 1, the attacker may know (mul_point(P,hash((seed_x[],fresh_x_1))),initiator_random_2).
Using the function 1-proj-2-tuple the attacker may obtain mul_point(P,hash((seed_x[],fresh_x_1))).
attacker(mul_point(P,hash((seed_x[],fresh_x_1)))).

4. By 3, the attacker may know mul_point(P,hash((seed_x[],fresh_x_1))).
By 2, the attacker may know initiator_random_2.
Using the function 2-tuple the attacker may obtain (mul_point(P,hash((seed_x[],fresh_x_1))),initiator_random_2).
attacker((mul_point(P,hash((seed_x[],fresh_x_1))),initiator_random_2)).

5. The message (mul_point(P,hash((seed_x[],fresh_x_1))),initiator_random_2) that the attacker may have by 4 may be received at input {59}.
So the message (responder_random_3,mul_point(P,hash((seed_y[],fresh_y_2))),aead_enc(kdf(mul_point(mul_point(P,hash((seed_y[],fresh_y_2))),hash((seed_x[],fresh_x_1))),(ipk[],responder_random_3,mul_point(P,hash((seed_y[],fresh_y_2))),hash((mul_point(P,hash((seed_x[],fresh_x_1))),initiator_random_2))),sigma2_info),(mul_point(P,responder_noc_key_3),sign(noc_signing_key[],mul_point(P,responder_noc_key_3)),sign(responder_noc_key_3,(mul_point(P,responder_noc_key_3),mul_point(P,hash((seed_y[],fresh_y_2))),mul_point(P,hash((seed_x[],fresh_x_1))))),resumption_id_5),ncase_sigma2n,nil)) may be sent to the attacker at output {72}.
attacker((responder_random_3,mul_point(P,hash((seed_y[],fresh_y_2))),aead_enc(kdf(mul_point(mul_point(P,hash((seed_y[],fresh_y_2))),hash((seed_x[],fresh_x_1))),(ipk[],responder_random_3,mul_point(P,hash((seed_y[],fresh_y_2))),hash((mul_point(P,hash((seed_x[],fresh_x_1))),initiator_random_2))),sigma2_info),(mul_point(P,responder_noc_key_3),sign(noc_signing_key[],mul_point(P,responder_noc_key_3)),sign(responder_noc_key_3,(mul_point(P,responder_noc_key_3),mul_point(P,hash((seed_y[],fresh_y_2))),mul_point(P,hash((seed_x[],fresh_x_1))))),resumption_id_5),ncase_sigma2n,nil))).

6. By 5, the attacker may know (responder_random_3,mul_point(P,hash((seed_y[],fresh_y_2))),aead_enc(kdf(mul_point(mul_point(P,hash((seed_y[],fresh_y_2))),hash((seed_x[],fresh_x_1))),(ipk[],responder_random_3,mul_point(P,hash((seed_y[],fresh_y_2))),hash((mul_point(P,hash((seed_x[],fresh_x_1))),initiator_random_2))),sigma2_info),(mul_point(P,responder_noc_key_3),sign(noc_signing_key[],mul_point(P,responder_noc_key_3)),sign(responder_noc_key_3,(mul_point(P,responder_noc_key_3),mul_point(P,hash((seed_y[],fresh_y_2))),mul_point(P,hash((seed_x[],fresh_x_1))))),resumption_id_5),ncase_sigma2n,nil)).
Using the function 3-proj-3-tuple the attacker may obtain aead_enc(kdf(mul_point(mul_point(P,hash((seed_y[],fresh_y_2))),hash((seed_x[],fresh_x_1))),(ipk[],responder_random_3,mul_point(P,hash((seed_y[],fresh_y_2))),hash((mul_point(P,hash((seed_x[],fresh_x_1))),initiator_random_2))),sigma2_info),(mul_point(P,responder_noc_key_3),sign(noc_signing_key[],mul_point(P,responder_noc_key_3)),sign(responder_noc_key_3,(mul_point(P,responder_noc_key_3),mul_point(P,hash((seed_y[],fresh_y_2))),mul_point(P,hash((seed_x[],fresh_x_1))))),resumption_id_5),ncase_sigma2n,nil).
attacker(aead_enc(kdf(mul_point(mul_point(P,hash((seed_y[],fresh_y_2))),hash((seed_x[],fresh_x_1))),(ipk[],responder_random_3,mul_point(P,hash((seed_y[],fresh_y_2))),hash((mul_point(P,hash((seed_x[],fresh_x_1))),initiator_random_2))),sigma2_info),(mul_point(P,responder_noc_key_3),sign(noc_signing_key[],mul_point(P,responder_noc_key_3)),sign(responder_noc_key_3,(mul_point(P,responder_noc_key_3),mul_point(P,hash((seed_y[],fresh_y_2))),mul_point(P,hash((seed_x[],fresh_x_1))))),resumption_id_5),ncase_sigma2n,nil)).

7. The message (mul_point(P,hash((seed_x[],fresh_x_1))),initiator_random_2) that the attacker may have by 4 may be received at input {59}.
So the message (responder_random_3,mul_point(P,hash((seed_y[],fresh_y_2))),aead_enc(kdf(mul_point(mul_point(P,hash((seed_x[],fresh_x_1))),hash((seed_y[],fresh_y_2))),(ipk[],responder_random_3,mul_point(P,hash((seed_y[],fresh_y_2))),hash((mul_point(P,hash((seed_x[],fresh_x_1))),initiator_random_2))),sigma2_info),(mul_point(P,responder_noc_key_3),sign(noc_signing_key[],mul_point(P,responder_noc_key_3)),sign(responder_noc_key_3,(mul_point(P,responder_noc_key_3),mul_point(P,hash((seed_y[],fresh_y_2))),mul_point(P,hash((seed_x[],fresh_x_1))))),resumption_id_5),ncase_sigma2n,nil)) may be sent to the attacker at output {72}.
attacker((responder_random_3,mul_point(P,hash((seed_y[],fresh_y_2))),aead_enc(kdf(mul_point(mul_point(P,hash((seed_x[],fresh_x_1))),hash((seed_y[],fresh_y_2))),(ipk[],responder_random_3,mul_point(P,hash((seed_y[],fresh_y_2))),hash((mul_point(P,hash((seed_x[],fresh_x_1))),initiator_random_2))),sigma2_info),(mul_point(P,responder_noc_key_3),sign(noc_signing_key[],mul_point(P,responder_noc_key_3)),sign(responder_noc_key_3,(mul_point(P,responder_noc_key_3),mul_point(P,hash((seed_y[],fresh_y_2))),mul_point(P,hash((seed_x[],fresh_x_1))))),resumption_id_5),ncase_sigma2n,nil))).

8. By 7, the attacker may know (responder_random_3,mul_point(P,hash((seed_y[],fresh_y_2))),aead_enc(kdf(mul_point(mul_point(P,hash((seed_x[],fresh_x_1))),hash((seed_y[],fresh_y_2))),(ipk[],responder_random_3,mul_point(P,hash((seed_y[],fresh_y_2))),hash((mul_point(P,hash((seed_x[],fresh_x_1))),initiator_random_2))),sigma2_info),(mul_point(P,responder_noc_key_3),sign(noc_signing_key[],mul_point(P,responder_noc_key_3)),sign(responder_noc_key_3,(mul_point(P,responder_noc_key_3),mul_point(P,hash((seed_y[],fresh_y_2))),mul_point(P,hash((seed_x[],fresh_x_1))))),resumption_id_5),ncase_sigma2n,nil)).
Using the function 2-proj-3-tuple the attacker may obtain mul_point(P,hash((seed_y[],fresh_y_2))).
attacker(mul_point(P,hash((seed_y[],fresh_y_2)))).

9. By 7, the attacker may know (responder_random_3,mul_point(P,hash((seed_y[],fresh_y_2))),aead_enc(kdf(mul_point(mul_point(P,hash((seed_x[],fresh_x_1))),hash((seed_y[],fresh_y_2))),(ipk[],responder_random_3,mul_point(P,hash((seed_y[],fresh_y_2))),hash((mul_point(P,hash((seed_x[],fresh_x_1))),initiator_random_2))),sigma2_info),(mul_point(P,responder_noc_key_3),sign(noc_signing_key[],mul_point(P,responder_noc_key_3)),sign(responder_noc_key_3,(mul_point(P,responder_noc_key_3),mul_point(P,hash((seed_y[],fresh_y_2))),mul_point(P,hash((seed_x[],fresh_x_1))))),resumption_id_5),ncase_sigma2n,nil)).
Using the function 1-proj-3-tuple the attacker may obtain responder_random_3.
attacker(responder_random_3).

10. By 9, the attacker may know responder_random_3.
By 8, the attacker may know mul_point(P,hash((seed_y[],fresh_y_2))).
By 6, the attacker may know aead_enc(kdf(mul_point(mul_point(P,hash((seed_y[],fresh_y_2))),hash((seed_x[],fresh_x_1))),(ipk[],responder_random_3,mul_point(P,hash((seed_y[],fresh_y_2))),hash((mul_point(P,hash((seed_x[],fresh_x_1))),initiator_random_2))),sigma2_info),(mul_point(P,responder_noc_key_3),sign(noc_signing_key[],mul_point(P,responder_noc_key_3)),sign(responder_noc_key_3,(mul_point(P,responder_noc_key_3),mul_point(P,hash((seed_y[],fresh_y_2))),mul_point(P,hash((seed_x[],fresh_x_1))))),resumption_id_5),ncase_sigma2n,nil).
Using the function 3-tuple the attacker may obtain (responder_random_3,mul_point(P,hash((seed_y[],fresh_y_2))),aead_enc(kdf(mul_point(mul_point(P,hash((seed_y[],fresh_y_2))),hash((seed_x[],fresh_x_1))),(ipk[],responder_random_3,mul_point(P,hash((seed_y[],fresh_y_2))),hash((mul_point(P,hash((seed_x[],fresh_x_1))),initiator_random_2))),sigma2_info),(mul_point(P,responder_noc_key_3),sign(noc_signing_key[],mul_point(P,responder_noc_key_3)),sign(responder_noc_key_3,(mul_point(P,responder_noc_key_3),mul_point(P,hash((seed_y[],fresh_y_2))),mul_point(P,hash((seed_x[],fresh_x_1))))),resumption_id_5),ncase_sigma2n,nil)).
attacker((responder_random_3,mul_point(P,hash((seed_y[],fresh_y_2))),aead_enc(kdf(mul_point(mul_point(P,hash((seed_y[],fresh_y_2))),hash((seed_x[],fresh_x_1))),(ipk[],responder_random_3,mul_point(P,hash((seed_y[],fresh_y_2))),hash((mul_point(P,hash((seed_x[],fresh_x_1))),initiator_random_2))),sigma2_info),(mul_point(P,responder_noc_key_3),sign(noc_signing_key[],mul_point(P,responder_noc_key_3)),sign(responder_noc_key_3,(mul_point(P,responder_noc_key_3),mul_point(P,hash((seed_y[],fresh_y_2))),mul_point(P,hash((seed_x[],fresh_x_1))))),resumption_id_5),ncase_sigma2n,nil))).

11. The message (responder_random_3,mul_point(P,hash((seed_y[],fresh_y_2))),aead_enc(kdf(mul_point(mul_point(P,hash((seed_y[],fresh_y_2))),hash((seed_x[],fresh_x_1))),(ipk[],responder_random_3,mul_point(P,hash((seed_y[],fresh_y_2))),hash((mul_point(P,hash((seed_x[],fresh_x_1))),initiator_random_2))),sigma2_info),(mul_point(P,responder_noc_key_3),sign(noc_signing_key[],mul_point(P,responder_noc_key_3)),sign(responder_noc_key_3,(mul_point(P,responder_noc_key_3),mul_point(P,hash((seed_y[],fresh_y_2))),mul_point(P,hash((seed_x[],fresh_x_1))))),resumption_id_5),ncase_sigma2n,nil)) that the attacker may have by 10 may be received at input {19}.
So the message enc(hash((seed_x[],fresh_x_1)),q_eph_x[]) may be sent to the attacker at output {37}.
attacker(enc(hash((seed_x[],fresh_x_1)),q_eph_x[])).

12. By 11, the attacker may know enc(hash((seed_x[],fresh_x_1)),q_eph_x[]).
So the attacker may know enc(hash((seed_x[],fresh_x_1)),q_eph_x[]) in phase 1.
attacker_p1(enc(hash((seed_x[],fresh_x_1)),q_eph_x[])).

13. The message (mul_point(P,hash((seed_x[],fresh_x_1))),initiator_random_2) that the attacker may have by 4 may be received at input {59}.
So the message (responder_random_2,mul_point(P,hash((seed_y[],fresh_y_1))),aead_enc(kdf(mul_point(mul_point(P,hash((seed_y[],fresh_y_1))),hash((seed_x[],fresh_x_1))),(ipk[],responder_random_2,mul_point(P,hash((seed_y[],fresh_y_1))),hash((mul_point(P,hash((seed_x[],fresh_x_1))),initiator_random_2))),sigma2_info),(mul_point(P,responder_noc_key_2),sign(noc_signing_key[],mul_point(P,responder_noc_key_2)),sign(responder_noc_key_2,(mul_point(P,responder_noc_key_2),mul_point(P,hash((seed_y[],fresh_y_1))),mul_point(P,hash((seed_x[],fresh_x_1))))),resumption_id_4),ncase_sigma2n,nil)) may be sent to the attacker at output {72}.
attacker((responder_random_2,mul_point(P,hash((seed_y[],fresh_y_1))),aead_enc(kdf(mul_point(mul_point(P,hash((seed_y[],fresh_y_1))),hash((seed_x[],fresh_x_1))),(ipk[],responder_random_2,mul_point(P,hash((seed_y[],fresh_y_1))),hash((mul_point(P,hash((seed_x[],fresh_x_1))),initiator_random_2))),sigma2_info),(mul_point(P,responder_noc_key_2),sign(noc_signing_key[],mul_point(P,responder_noc_key_2)),sign(responder_noc_key_2,(mul_point(P,responder_noc_key_2),mul_point(P,hash((seed_y[],fresh_y_1))),mul_point(P,hash((seed_x[],fresh_x_1))))),resumption_id_4),ncase_sigma2n,nil))).

14. By 13, the attacker may know (responder_random_2,mul_point(P,hash((seed_y[],fresh_y_1))),aead_enc(kdf(mul_point(mul_point(P,hash((seed_y[],fresh_y_1))),hash((seed_x[],fresh_x_1))),(ipk[],responder_random_2,mul_point(P,hash((seed_y[],fresh_y_1))),hash((mul_point(P,hash((seed_x[],fresh_x_1))),initiator_random_2))),sigma2_info),(mul_point(P,responder_noc_key_2),sign(noc_signing_key[],mul_point(P,responder_noc_key_2)),sign(responder_noc_key_2,(mul_point(P,responder_noc_key_2),mul_point(P,hash((seed_y[],fresh_y_1))),mul_point(P,hash((seed_x[],fresh_x_1))))),resumption_id_4),ncase_sigma2n,nil)).
Using the function 3-proj-3-tuple the attacker may obtain aead_enc(kdf(mul_point(mul_point(P,hash((seed_y[],fresh_y_1))),hash((seed_x[],fresh_x_1))),(ipk[],responder_random_2,mul_point(P,hash((seed_y[],fresh_y_1))),hash((mul_point(P,hash((seed_x[],fresh_x_1))),initiator_random_2))),sigma2_info),(mul_point(P,responder_noc_key_2),sign(noc_signing_key[],mul_point(P,responder_noc_key_2)),sign(responder_noc_key_2,(mul_point(P,responder_noc_key_2),mul_point(P,hash((seed_y[],fresh_y_1))),mul_point(P,hash((seed_x[],fresh_x_1))))),resumption_id_4),ncase_sigma2n,nil).
attacker(aead_enc(kdf(mul_point(mul_point(P,hash((seed_y[],fresh_y_1))),hash((seed_x[],fresh_x_1))),(ipk[],responder_random_2,mul_point(P,hash((seed_y[],fresh_y_1))),hash((mul_point(P,hash((seed_x[],fresh_x_1))),initiator_random_2))),sigma2_info),(mul_point(P,responder_noc_key_2),sign(noc_signing_key[],mul_point(P,responder_noc_key_2)),sign(responder_noc_key_2,(mul_point(P,responder_noc_key_2),mul_point(P,hash((seed_y[],fresh_y_1))),mul_point(P,hash((seed_x[],fresh_x_1))))),resumption_id_4),ncase_sigma2n,nil)).

15. The message (mul_point(P,hash((seed_x[],fresh_x_1))),initiator_random_2) that the attacker may have by 4 may be received at input {59}.
So the message (responder_random_2,mul_point(P,hash((seed_y[],fresh_y_1))),aead_enc(kdf(mul_point(mul_point(P,hash((seed_x[],fresh_x_1))),hash((seed_y[],fresh_y_1))),(ipk[],responder_random_2,mul_point(P,hash((seed_y[],fresh_y_1))),hash((mul_point(P,hash((seed_x[],fresh_x_1))),initiator_random_2))),sigma2_info),(mul_point(P,responder_noc_key_2),sign(noc_signing_key[],mul_point(P,responder_noc_key_2)),sign(responder_noc_key_2,(mul_point(P,responder_noc_key_2),mul_point(P,hash((seed_y[],fresh_y_1))),mul_point(P,hash((seed_x[],fresh_x_1))))),resumption_id_4),ncase_sigma2n,nil)) may be sent to the attacker at output {72}.
attacker((responder_random_2,mul_point(P,hash((seed_y[],fresh_y_1))),aead_enc(kdf(mul_point(mul_point(P,hash((seed_x[],fresh_x_1))),hash((seed_y[],fresh_y_1))),(ipk[],responder_random_2,mul_point(P,hash((seed_y[],fresh_y_1))),hash((mul_point(P,hash((seed_x[],fresh_x_1))),initiator_random_2))),sigma2_info),(mul_point(P,responder_noc_key_2),sign(noc_signing_key[],mul_point(P,responder_noc_key_2)),sign(responder_noc_key_2,(mul_point(P,responder_noc_key_2),mul_point(P,hash((seed_y[],fresh_y_1))),mul_point(P,hash((seed_x[],fresh_x_1))))),resumption_id_4),ncase_sigma2n,nil))).

16. By 15, the attacker may know (responder_random_2,mul_point(P,hash((seed_y[],fresh_y_1))),aead_enc(kdf(mul_point(mul_point(P,hash((seed_x[],fresh_x_1))),hash((seed_y[],fresh_y_1))),(ipk[],responder_random_2,mul_point(P,hash((seed_y[],fresh_y_1))),hash((mul_point(P,hash((seed_x[],fresh_x_1))),initiator_random_2))),sigma2_info),(mul_point(P,responder_noc_key_2),sign(noc_signing_key[],mul_point(P,responder_noc_key_2)),sign(responder_noc_key_2,(mul_point(P,responder_noc_key_2),mul_point(P,hash((seed_y[],fresh_y_1))),mul_point(P,hash((seed_x[],fresh_x_1))))),resumption_id_4),ncase_sigma2n,nil)).
Using the function 2-proj-3-tuple the attacker may obtain mul_point(P,hash((seed_y[],fresh_y_1))).
attacker(mul_point(P,hash((seed_y[],fresh_y_1)))).

17. By 15, the attacker may know (responder_random_2,mul_point(P,hash((seed_y[],fresh_y_1))),aead_enc(kdf(mul_point(mul_point(P,hash((seed_x[],fresh_x_1))),hash((seed_y[],fresh_y_1))),(ipk[],responder_random_2,mul_point(P,hash((seed_y[],fresh_y_1))),hash((mul_point(P,hash((seed_x[],fresh_x_1))),initiator_random_2))),sigma2_info),(mul_point(P,responder_noc_key_2),sign(noc_signing_key[],mul_point(P,responder_noc_key_2)),sign(responder_noc_key_2,(mul_point(P,responder_noc_key_2),mul_point(P,hash((seed_y[],fresh_y_1))),mul_point(P,hash((seed_x[],fresh_x_1))))),resumption_id_4),ncase_sigma2n,nil)).
Using the function 1-proj-3-tuple the attacker may obtain responder_random_2.
attacker(responder_random_2).

18. By 17, the attacker may know responder_random_2.
By 16, the attacker may know mul_point(P,hash((seed_y[],fresh_y_1))).
By 14, the attacker may know aead_enc(kdf(mul_point(mul_point(P,hash((seed_y[],fresh_y_1))),hash((seed_x[],fresh_x_1))),(ipk[],responder_random_2,mul_point(P,hash((seed_y[],fresh_y_1))),hash((mul_point(P,hash((seed_x[],fresh_x_1))),initiator_random_2))),sigma2_info),(mul_point(P,responder_noc_key_2),sign(noc_signing_key[],mul_point(P,responder_noc_key_2)),sign(responder_noc_key_2,(mul_point(P,responder_noc_key_2),mul_point(P,hash((seed_y[],fresh_y_1))),mul_point(P,hash((seed_x[],fresh_x_1))))),resumption_id_4),ncase_sigma2n,nil).
Using the function 3-tuple the attacker may obtain (responder_random_2,mul_point(P,hash((seed_y[],fresh_y_1))),aead_enc(kdf(mul_point(mul_point(P,hash((seed_y[],fresh_y_1))),hash((seed_x[],fresh_x_1))),(ipk[],responder_random_2,mul_point(P,hash((seed_y[],fresh_y_1))),hash((mul_point(P,hash((seed_x[],fresh_x_1))),initiator_random_2))),sigma2_info),(mul_point(P,responder_noc_key_2),sign(noc_signing_key[],mul_point(P,responder_noc_key_2)),sign(responder_noc_key_2,(mul_point(P,responder_noc_key_2),mul_point(P,hash((seed_y[],fresh_y_1))),mul_point(P,hash((seed_x[],fresh_x_1))))),resumption_id_4),ncase_sigma2n,nil)).
attacker((responder_random_2,mul_point(P,hash((seed_y[],fresh_y_1))),aead_enc(kdf(mul_point(mul_point(P,hash((seed_y[],fresh_y_1))),hash((seed_x[],fresh_x_1))),(ipk[],responder_random_2,mul_point(P,hash((seed_y[],fresh_y_1))),hash((mul_point(P,hash((seed_x[],fresh_x_1))),initiator_random_2))),sigma2_info),(mul_point(P,responder_noc_key_2),sign(noc_signing_key[],mul_point(P,responder_noc_key_2)),sign(responder_noc_key_2,(mul_point(P,responder_noc_key_2),mul_point(P,hash((seed_y[],fresh_y_1))),mul_point(P,hash((seed_x[],fresh_x_1))))),resumption_id_4),ncase_sigma2n,nil))).

19. The message (responder_random_2,mul_point(P,hash((seed_y[],fresh_y_1))),aead_enc(kdf(mul_point(mul_point(P,hash((seed_y[],fresh_y_1))),hash((seed_x[],fresh_x_1))),(ipk[],responder_random_2,mul_point(P,hash((seed_y[],fresh_y_1))),hash((mul_point(P,hash((seed_x[],fresh_x_1))),initiator_random_2))),sigma2_info),(mul_point(P,responder_noc_key_2),sign(noc_signing_key[],mul_point(P,responder_noc_key_2)),sign(responder_noc_key_2,(mul_point(P,responder_noc_key_2),mul_point(P,hash((seed_y[],fresh_y_1))),mul_point(P,hash((seed_x[],fresh_x_1))))),resumption_id_4),ncase_sigma2n,nil)) that the attacker may have by 18 may be received at input {19}.
So the message fresh_x_1 may be sent to the attacker at output {36}.
attacker(fresh_x_1).

20. By 19, the attacker may know fresh_x_1.
So the attacker may know fresh_x_1 in phase 1.
attacker_p1(fresh_x_1).

21. The message seed_x[] may be sent to the attacker in phase 1 at output {101}.
attacker_p1(seed_x[]).

22. By 21, the attacker may know seed_x[] in phase 1.
By 20, the attacker may know fresh_x_1 in phase 1.
Using the function 2-tuple the attacker may obtain (seed_x[],fresh_x_1) in phase 1.
attacker_p1((seed_x[],fresh_x_1)).

23. By 22, the attacker may know (seed_x[],fresh_x_1) in phase 1.
Using the function hash the attacker may obtain hash((seed_x[],fresh_x_1)) in phase 1.
attacker_p1(hash((seed_x[],fresh_x_1))).

24. By 23, the attacker may know hash((seed_x[],fresh_x_1)) in phase 1.
By 12, the attacker may know enc(hash((seed_x[],fresh_x_1)),q_eph_x[]) in phase 1.
Using the function dec the attacker may obtain q_eph_x[] in phase 1.
attacker_p1(q_eph_x[]).

25. By 24, the attacker may know q_eph_x[] in phase 1.
So the attacker may know q_eph_x[] in phase 2.
attacker_p2(q_eph_x[]).

26. By 25, attacker_p2(q_eph_x[]).
The goal is reached, represented in the following fact:
attacker_p2(q_eph_x[]).


Unified @sid_2 with @sid_1
The clause after UnifyDerivationPrecise is
attacker_p2(q_eph_x[])
This clause still contradicts the query.
A more detailed output of the traces is available with
  set traceDisplay = long.

new ipk: key creating ipk_3 at {1}

new seed_x: bitstring creating seed_x_2 at {2}

new seed_y: bitstring creating seed_y_2 at {3}

out(c, ~M) with ~M = mul_point(P,noc_signing_key) at {5}

new responder_noc_key: key creating responder_noc_key_4 at {53} in copy a

new initiator_noc_key: key creating initiator_noc_key_2 at {7} in copy a_1

new fresh_x: bitstring creating fresh_x_2 at {13} in copy a_1

new initiator_random: bitstring creating initiator_random_3 at {15} in copy a_1

out(c, (~M_1,~M_2)) with ~M_1 = mul_point(P,hash((seed_x_2,fresh_x_2))), ~M_2 = initiator_random_3 at {18} in copy a_1

in(c, (~M_1,~M_2)) with ~M_1 = mul_point(P,hash((seed_x_2,fresh_x_2))), ~M_2 = initiator_random_3 at {59} in copy a

event start_session_with_initiator(mul_point(P,hash((seed_x_2,fresh_x_2))),initiator_random_3) at {61} in copy a

new fresh_y: bitstring creating fresh_y_3 at {62} in copy a

new responder_random_1: bitstring creating responder_random_4 at {64} in copy a

new resumption_id_1: bitstring creating resumption_id_6 at {65} in copy a

out(c, (~M_3,~M_4,~M_5)) with ~M_3 = responder_random_4, ~M_4 = mul_point(P,hash((seed_y_2,fresh_y_3))), ~M_5 = aead_enc(kdf(mul_point(mul_point(P,hash((seed_x_2,fresh_x_2))),hash((seed_y_2,fresh_y_3))),(ipk_3,responder_random_4,mul_point(P,hash((seed_y_2,fresh_y_3))),hash((mul_point(P,hash((seed_x_2,fresh_x_2))),initiator_random_3))),sigma2_info),(mul_point(P,responder_noc_key_4),sign(noc_signing_key,mul_point(P,responder_noc_key_4)),sign(responder_noc_key_4,(mul_point(P,responder_noc_key_4),mul_point(P,hash((seed_y_2,fresh_y_3))),mul_point(P,hash((seed_x_2,fresh_x_2))))),resumption_id_6),ncase_sigma2n,nil) at {72} in copy a

in(c, (~M_3,~M_4,~M_5)) with ~M_3 = responder_random_4, ~M_4 = mul_point(P,hash((seed_y_2,fresh_y_3))), ~M_5 = aead_enc(kdf(mul_point(mul_point(P,hash((seed_y_2,fresh_y_3))),hash((seed_x_2,fresh_x_2))),(ipk_3,responder_random_4,mul_point(P,hash((seed_y_2,fresh_y_3))),hash((mul_point(P,hash((seed_x_2,fresh_x_2))),initiator_random_3))),sigma2_info),(mul_point(P,responder_noc_key_4),sign(noc_signing_key,mul_point(P,responder_noc_key_4)),sign(responder_noc_key_4,(mul_point(P,responder_noc_key_4),mul_point(P,hash((seed_y_2,fresh_y_3))),mul_point(P,hash((seed_x_2,fresh_x_2))))),resumption_id_6),ncase_sigma2n,nil) at {19} in copy a_1

event start_session_with_responder(mul_point(P,hash((seed_y_2,fresh_y_3))),responder_random_4) at {21} in copy a_1

event accept_responder_identity(mul_point(P,responder_noc_key_4),mul_point(P,hash((seed_y_2,fresh_y_3))),responder_random_4) at {26} in copy a_1

out(c, ~M_6) with ~M_6 = aead_enc(kdf(mul_point(mul_point(P,hash((seed_y_2,fresh_y_3))),hash((seed_x_2,fresh_x_2))),(ipk_3,hash(((mul_point(P,hash((seed_x_2,fresh_x_2))),initiator_random_3),(responder_random_4,mul_point(P,hash((seed_y_2,fresh_y_3))),aead_enc(kdf(mul_point(mul_point(P,hash((seed_y_2,fresh_y_3))),hash((seed_x_2,fresh_x_2))),(ipk_3,responder_random_4,mul_point(P,hash((seed_y_2,fresh_y_3))),hash((mul_point(P,hash((seed_x_2,fresh_x_2))),initiator_random_3))),sigma2_info),(mul_point(P,responder_noc_key_4),sign(noc_signing_key,mul_point(P,responder_noc_key_4)),sign(responder_noc_key_4,(mul_point(P,responder_noc_key_4),mul_point(P,hash((seed_y_2,fresh_y_3))),mul_point(P,hash((seed_x_2,fresh_x_2))))),resumption_id_6),ncase_sigma2n,nil))))),sigma3_info),(mul_point(P,initiator_noc_key_2),sign(noc_signing_key,mul_point(P,initiator_noc_key_2)),sign(initiator_noc_key_2,(mul_point(P,initiator_noc_key_2),mul_point(P,hash((seed_x_2,fresh_x_2))),mul_point(P,hash((seed_y_2,fresh_y_3)))))),ncase_sigma3n,nil) at {30} in copy a_1

event initiator_end(mul_point(P,initiator_noc_key_2),mul_point(P,hash((seed_x_2,fresh_x_2))),initiator_random_3) at {33} in copy a_1

out(c, ~M_7) with ~M_7 = enc(mul_point(P,initiator_noc_key_2),q_id_i_i) at {34} in copy a_1

out(c, ~M_8) with ~M_8 = enc(mul_point(P,responder_noc_key_4),q_id_r_i) at {35} in copy a_1

out(c, ~M_9) with ~M_9 = fresh_x_2 at {36} in copy a_1

out(c, ~M_10) with ~M_10 = enc(hash((seed_x_2,fresh_x_2)),q_eph_x) at {37} in copy a_1

out(c, ~M_11) with ~M_11 = enc(mul_point(mul_point(P,hash((seed_y_2,fresh_y_3))),hash((seed_x_2,fresh_x_2))),q_shared_secret_i) at {38} in copy a_1

out(c, ~M_12) with ~M_12 = enc(kdf(mul_point(mul_point(P,hash((seed_y_2,fresh_y_3))),hash((seed_x_2,fresh_x_2))),(ipk_3,hash(((mul_point(P,hash((seed_x_2,fresh_x_2))),initiator_random_3),(responder_random_4,mul_point(P,hash((seed_y_2,fresh_y_3))),aead_enc(kdf(mul_point(mul_point(P,hash((seed_y_2,fresh_y_3))),hash((seed_x_2,fresh_x_2))),(ipk_3,responder_random_4,mul_point(P,hash((seed_y_2,fresh_y_3))),hash((mul_point(P,hash((seed_x_2,fresh_x_2))),initiator_random_3))),sigma2_info),(mul_point(P,responder_noc_key_4),sign(noc_signing_key,mul_point(P,responder_noc_key_4)),sign(responder_noc_key_4,(mul_point(P,responder_noc_key_4),mul_point(P,hash((seed_y_2,fresh_y_3))),mul_point(P,hash((seed_x_2,fresh_x_2))))),resumption_id_6),ncase_sigma2n,nil)),aead_enc(kdf(mul_point(mul_point(P,hash((seed_y_2,fresh_y_3))),hash((seed_x_2,fresh_x_2))),(ipk_3,hash(((mul_point(P,hash((seed_x_2,fresh_x_2))),initiator_random_3),(responder_random_4,mul_point(P,hash((seed_y_2,fresh_y_3))),aead_enc(kdf(mul_point(mul_point(P,hash((seed_y_2,fresh_y_3))),hash((seed_x_2,fresh_x_2))),(ipk_3,responder_random_4,mul_point(P,hash((seed_y_2,fresh_y_3))),hash((mul_point(P,hash((seed_x_2,fresh_x_2))),initiator_random_3))),sigma2_info),(mul_point(P,responder_noc_key_4),sign(noc_signing_key,mul_point(P,responder_noc_key_4)),sign(responder_noc_key_4,(mul_point(P,responder_noc_key_4),mul_point(P,hash((seed_y_2,fresh_y_3))),mul_point(P,hash((seed_x_2,fresh_x_2))))),resumption_id_6),ncase_sigma2n,nil))))),sigma3_info),(mul_point(P,initiator_noc_key_2),sign(noc_signing_key,mul_point(P,initiator_noc_key_2)),sign(initiator_noc_key_2,(mul_point(P,initiator_noc_key_2),mul_point(P,hash((seed_x_2,fresh_x_2))),mul_point(P,hash((seed_y_2,fresh_y_3)))))),ncase_sigma3n,nil)))),sekeys_info),q_session_keys_i) at {39} in copy a_1

out(c, ~M_13) with ~M_13 = enc(kdf(mul_point(mul_point(P,hash((seed_y_2,fresh_y_3))),hash((seed_x_2,fresh_x_2))),(ipk_3,hash(((mul_point(P,hash((seed_x_2,fresh_x_2))),initiator_random_3),(responder_random_4,mul_point(P,hash((seed_y_2,fresh_y_3))),aead_enc(kdf(mul_point(mul_point(P,hash((seed_y_2,fresh_y_3))),hash((seed_x_2,fresh_x_2))),(ipk_3,responder_random_4,mul_point(P,hash((seed_y_2,fresh_y_3))),hash((mul_point(P,hash((seed_x_2,fresh_x_2))),initiator_random_3))),sigma2_info),(mul_point(P,responder_noc_key_4),sign(noc_signing_key,mul_point(P,responder_noc_key_4)),sign(responder_noc_key_4,(mul_point(P,responder_noc_key_4),mul_point(P,hash((seed_y_2,fresh_y_3))),mul_point(P,hash((seed_x_2,fresh_x_2))))),resumption_id_6),ncase_sigma2n,nil)),aead_enc(kdf(mul_point(mul_point(P,hash((seed_y_2,fresh_y_3))),hash((seed_x_2,fresh_x_2))),(ipk_3,hash(((mul_point(P,hash((seed_x_2,fresh_x_2))),initiator_random_3),(responder_random_4,mul_point(P,hash((seed_y_2,fresh_y_3))),aead_enc(kdf(mul_point(mul_point(P,hash((seed_y_2,fresh_y_3))),hash((seed_x_2,fresh_x_2))),(ipk_3,responder_random_4,mul_point(P,hash((seed_y_2,fresh_y_3))),hash((mul_point(P,hash((seed_x_2,fresh_x_2))),initiator_random_3))),sigma2_info),(mul_point(P,responder_noc_key_4),sign(noc_signing_key,mul_point(P,responder_noc_key_4)),sign(responder_noc_key_4,(mul_point(P,responder_noc_key_4),mul_point(P,hash((seed_y_2,fresh_y_3))),mul_point(P,hash((seed_x_2,fresh_x_2))))),resumption_id_6),ncase_sigma2n,nil))))),sigma3_info),(mul_point(P,initiator_noc_key_2),sign(noc_signing_key,mul_point(P,initiator_noc_key_2)),sign(initiator_noc_key_2,(mul_point(P,initiator_noc_key_2),mul_point(P,hash((seed_x_2,fresh_x_2))),mul_point(P,hash((seed_y_2,fresh_y_3)))))),ncase_sigma3n,nil)))),resumption_prekey_info),q_resumption_prekeys_i) at {40} in copy a_1

new res_initiator_random: bitstring creating res_initiator_random_2 at {41} in copy a_1

out(c, (~M_14,~M_15,~M_16)) with ~M_14 = res_initiator_random_2, ~M_15 = resumption_id_6, ~M_16 = aead_enc(kdf(kdf(mul_point(mul_point(P,hash((seed_y_2,fresh_y_3))),hash((seed_x_2,fresh_x_2))),(ipk_3,hash(((mul_point(P,hash((seed_x_2,fresh_x_2))),initiator_random_3),(responder_random_4,mul_point(P,hash((seed_y_2,fresh_y_3))),aead_enc(kdf(mul_point(mul_point(P,hash((seed_y_2,fresh_y_3))),hash((seed_x_2,fresh_x_2))),(ipk_3,responder_random_4,mul_point(P,hash((seed_y_2,fresh_y_3))),hash((mul_point(P,hash((seed_x_2,fresh_x_2))),initiator_random_3))),sigma2_info),(mul_point(P,responder_noc_key_4),sign(noc_signing_key,mul_point(P,responder_noc_key_4)),sign(responder_noc_key_4,(mul_point(P,responder_noc_key_4),mul_point(P,hash((seed_y_2,fresh_y_3))),mul_point(P,hash((seed_x_2,fresh_x_2))))),resumption_id_6),ncase_sigma2n,nil)),aead_enc(kdf(mul_point(mul_point(P,hash((seed_y_2,fresh_y_3))),hash((seed_x_2,fresh_x_2))),(ipk_3,hash(((mul_point(P,hash((seed_x_2,fresh_x_2))),initiator_random_3),(responder_random_4,mul_point(P,hash((seed_y_2,fresh_y_3))),aead_enc(kdf(mul_point(mul_point(P,hash((seed_y_2,fresh_y_3))),hash((seed_x_2,fresh_x_2))),(ipk_3,responder_random_4,mul_point(P,hash((seed_y_2,fresh_y_3))),hash((mul_point(P,hash((seed_x_2,fresh_x_2))),initiator_random_3))),sigma2_info),(mul_point(P,responder_noc_key_4),sign(noc_signing_key,mul_point(P,responder_noc_key_4)),sign(responder_noc_key_4,(mul_point(P,responder_noc_key_4),mul_point(P,hash((seed_y_2,fresh_y_3))),mul_point(P,hash((seed_x_2,fresh_x_2))))),resumption_id_6),ncase_sigma2n,nil))))),sigma3_info),(mul_point(P,initiator_noc_key_2),sign(noc_signing_key,mul_point(P,initiator_noc_key_2)),sign(initiator_noc_key_2,(mul_point(P,initiator_noc_key_2),mul_point(P,hash((seed_x_2,fresh_x_2))),mul_point(P,hash((seed_y_2,fresh_y_3)))))),ncase_sigma3n,nil)))),resumption_prekey_info),(res_initiator_random_2,resumption_id_6),sigma1_resume),nil,resume1mic_nonce,nil) at {44} in copy a_1

out(c, ~M_17) with ~M_17 = seed_x_2 at {101} in copy a_2

The attacker has the message dec(hash((~M_17,~M_9)),~M_10) = q_eph_x in phase 2.
A trace has been found.
RESULT not attacker_p2(q_eph_x[]) is false.
-- Query not attacker_p2(q_eph_y[]) in process 1.
Translating the process into Horn clauses...
Completing...
200 rules inserted. Base: 197 rules (103 with conclusion selected). Queue: 75 rules.
400 rules inserted. Base: 381 rules (120 with conclusion selected). Queue: 194 rules.
600 rules inserted. Base: 517 rules (120 with conclusion selected). Queue: 358 rules.
800 rules inserted. Base: 619 rules (120 with conclusion selected). Queue: 379 rules.
1000 rules inserted. Base: 695 rules (120 with conclusion selected). Queue: 466 rules.
1200 rules inserted. Base: 774 rules (126 with conclusion selected). Queue: 533 rules.
1400 rules inserted. Base: 909 rules (126 with conclusion selected). Queue: 510 rules.
1600 rules inserted. Base: 981 rules (137 with conclusion selected). Queue: 544 rules.
1800 rules inserted. Base: 1088 rules (137 with conclusion selected). Queue: 586 rules.
2000 rules inserted. Base: 1235 rules (137 with conclusion selected). Queue: 632 rules.
2200 rules inserted. Base: 1285 rules (137 with conclusion selected). Queue: 641 rules.
2400 rules inserted. Base: 1403 rules (137 with conclusion selected). Queue: 679 rules.
2600 rules inserted. Base: 1552 rules (138 with conclusion selected). Queue: 696 rules.
2800 rules inserted. Base: 1580 rules (144 with conclusion selected). Queue: 713 rules.
3000 rules inserted. Base: 1652 rules (144 with conclusion selected). Queue: 717 rules.
3200 rules inserted. Base: 1789 rules (147 with conclusion selected). Queue: 678 rules.
3400 rules inserted. Base: 1762 rules (147 with conclusion selected). Queue: 728 rules.
3600 rules inserted. Base: 1783 rules (147 with conclusion selected). Queue: 715 rules.
3800 rules inserted. Base: 1894 rules (147 with conclusion selected). Queue: 661 rules.
4000 rules inserted. Base: 1976 rules (147 with conclusion selected). Queue: 732 rules.
4200 rules inserted. Base: 2009 rules (147 with conclusion selected). Queue: 747 rules.
4400 rules inserted. Base: 2080 rules (147 with conclusion selected). Queue: 694 rules.
4600 rules inserted. Base: 2179 rules (151 with conclusion selected). Queue: 740 rules.
4800 rules inserted. Base: 2311 rules (151 with conclusion selected). Queue: 826 rules.
5000 rules inserted. Base: 2209 rules (151 with conclusion selected). Queue: 775 rules.
5200 rules inserted. Base: 2309 rules (154 with conclusion selected). Queue: 820 rules.
5400 rules inserted. Base: 2386 rules (154 with conclusion selected). Queue: 923 rules.
5600 rules inserted. Base: 2427 rules (154 with conclusion selected). Queue: 972 rules.
5800 rules inserted. Base: 2473 rules (155 with conclusion selected). Queue: 1000 rules.
6000 rules inserted. Base: 2579 rules (155 with conclusion selected). Queue: 1025 rules.
6200 rules inserted. Base: 2638 rules (156 with conclusion selected). Queue: 1102 rules.
6400 rules inserted. Base: 2705 rules (156 with conclusion selected). Queue: 1185 rules.
6600 rules inserted. Base: 2652 rules (156 with conclusion selected). Queue: 1176 rules.
6800 rules inserted. Base: 2712 rules (156 with conclusion selected). Queue: 1205 rules.
7000 rules inserted. Base: 2820 rules (156 with conclusion selected). Queue: 1229 rules.
7200 rules inserted. Base: 2888 rules (157 with conclusion selected). Queue: 1329 rules.
7400 rules inserted. Base: 2909 rules (157 with conclusion selected). Queue: 1364 rules.
7600 rules inserted. Base: 2730 rules (157 with conclusion selected). Queue: 1329 rules.
7800 rules inserted. Base: 2780 rules (157 with conclusion selected). Queue: 1339 rules.
8000 rules inserted. Base: 2821 rules (157 with conclusion selected). Queue: 1362 rules.
8200 rules inserted. Base: 2901 rules (157 with conclusion selected). Queue: 1375 rules.
8400 rules inserted. Base: 2949 rules (157 with conclusion selected). Queue: 1477 rules.
8600 rules inserted. Base: 2988 rules (157 with conclusion selected). Queue: 1471 rules.
8800 rules inserted. Base: 2971 rules (157 with conclusion selected). Queue: 1400 rules.
9000 rules inserted. Base: 3039 rules (157 with conclusion selected). Queue: 1450 rules.
9200 rules inserted. Base: 3100 rules (158 with conclusion selected). Queue: 1449 rules.
9400 rules inserted. Base: 3144 rules (158 with conclusion selected). Queue: 1430 rules.
9600 rules inserted. Base: 3200 rules (158 with conclusion selected). Queue: 1483 rules.
9800 rules inserted. Base: 3262 rules (159 with conclusion selected). Queue: 1556 rules.
10000 rules inserted. Base: 3314 rules (159 with conclusion selected). Queue: 1517 rules.
10200 rules inserted. Base: 3356 rules (159 with conclusion selected). Queue: 1504 rules.
10400 rules inserted. Base: 3424 rules (159 with conclusion selected). Queue: 1541 rules.
10600 rules inserted. Base: 3453 rules (159 with conclusion selected). Queue: 1497 rules.
10800 rules inserted. Base: 3490 rules (159 with conclusion selected). Queue: 1465 rules.
11000 rules inserted. Base: 3524 rules (159 with conclusion selected). Queue: 1469 rules.
11200 rules inserted. Base: 3575 rules (159 with conclusion selected). Queue: 1509 rules.
11400 rules inserted. Base: 3570 rules (159 with conclusion selected). Queue: 1466 rules.
11600 rules inserted. Base: 3603 rules (159 with conclusion selected). Queue: 1458 rules.
11800 rules inserted. Base: 3649 rules (159 with conclusion selected). Queue: 1480 rules.
12000 rules inserted. Base: 3699 rules (159 with conclusion selected). Queue: 1447 rules.
12200 rules inserted. Base: 3737 rules (160 with conclusion selected). Queue: 1422 rules.
12400 rules inserted. Base: 3758 rules (160 with conclusion selected). Queue: 1441 rules.
12600 rules inserted. Base: 3758 rules (160 with conclusion selected). Queue: 1431 rules.
12800 rules inserted. Base: 3706 rules (161 with conclusion selected). Queue: 1383 rules.
13000 rules inserted. Base: 3728 rules (161 with conclusion selected). Queue: 1355 rules.
13200 rules inserted. Base: 3798 rules (161 with conclusion selected). Queue: 1384 rules.
13400 rules inserted. Base: 3803 rules (161 with conclusion selected). Queue: 1348 rules.
13600 rules inserted. Base: 3799 rules (161 with conclusion selected). Queue: 1324 rules.
13800 rules inserted. Base: 3838 rules (161 with conclusion selected). Queue: 1372 rules.
14000 rules inserted. Base: 3784 rules (161 with conclusion selected). Queue: 1310 rules.
14200 rules inserted. Base: 3814 rules (161 with conclusion selected). Queue: 1280 rules.
14400 rules inserted. Base: 3856 rules (161 with conclusion selected). Queue: 1284 rules.
14600 rules inserted. Base: 3886 rules (161 with conclusion selected). Queue: 1263 rules.
14800 rules inserted. Base: 3848 rules (161 with conclusion selected). Queue: 1220 rules.
15000 rules inserted. Base: 3874 rules (161 with conclusion selected). Queue: 1220 rules.
15200 rules inserted. Base: 3915 rules (161 with conclusion selected). Queue: 1145 rules.
15400 rules inserted. Base: 3924 rules (161 with conclusion selected). Queue: 1108 rules.
15600 rules inserted. Base: 3956 rules (161 with conclusion selected). Queue: 1096 rules.
15800 rules inserted. Base: 3984 rules (161 with conclusion selected). Queue: 1077 rules.
16000 rules inserted. Base: 4019 rules (161 with conclusion selected). Queue: 1029 rules.
16200 rules inserted. Base: 4028 rules (161 with conclusion selected). Queue: 975 rules.
16400 rules inserted. Base: 4084 rules (161 with conclusion selected). Queue: 938 rules.
16600 rules inserted. Base: 4111 rules (161 with conclusion selected). Queue: 899 rules.
16800 rules inserted. Base: 4121 rules (161 with conclusion selected). Queue: 861 rules.
17000 rules inserted. Base: 4149 rules (161 with conclusion selected). Queue: 801 rules.
17200 rules inserted. Base: 4147 rules (161 with conclusion selected). Queue: 757 rules.
17400 rules inserted. Base: 4154 rules (161 with conclusion selected). Queue: 718 rules.
17600 rules inserted. Base: 4185 rules (161 with conclusion selected). Queue: 696 rules.
17800 rules inserted. Base: 4184 rules (161 with conclusion selected). Queue: 639 rules.
18000 rules inserted. Base: 4175 rules (161 with conclusion selected). Queue: 600 rules.
18200 rules inserted. Base: 4168 rules (161 with conclusion selected). Queue: 584 rules.
18400 rules inserted. Base: 4214 rules (161 with conclusion selected). Queue: 548 rules.
18600 rules inserted. Base: 4270 rules (161 with conclusion selected). Queue: 525 rules.
18800 rules inserted. Base: 4324 rules (161 with conclusion selected). Queue: 551 rules.
19000 rules inserted. Base: 4358 rules (161 with conclusion selected). Queue: 509 rules.
19200 rules inserted. Base: 4361 rules (161 with conclusion selected). Queue: 495 rules.
19400 rules inserted. Base: 4397 rules (161 with conclusion selected). Queue: 492 rules.
19600 rules inserted. Base: 4441 rules (161 with conclusion selected). Queue: 492 rules.
19800 rules inserted. Base: 4461 rules (161 with conclusion selected). Queue: 536 rules.
20000 rules inserted. Base: 4490 rules (161 with conclusion selected). Queue: 532 rules.
20200 rules inserted. Base: 4523 rules (161 with conclusion selected). Queue: 516 rules.
20400 rules inserted. Base: 4554 rules (161 with conclusion selected). Queue: 504 rules.
20600 rules inserted. Base: 4563 rules (161 with conclusion selected). Queue: 488 rules.
20800 rules inserted. Base: 4575 rules (161 with conclusion selected). Queue: 497 rules.
21000 rules inserted. Base: 4600 rules (161 with conclusion selected). Queue: 490 rules.
21200 rules inserted. Base: 4606 rules (161 with conclusion selected). Queue: 500 rules.
21400 rules inserted. Base: 4629 rules (161 with conclusion selected). Queue: 481 rules.
21600 rules inserted. Base: 4639 rules (161 with conclusion selected). Queue: 465 rules.
21800 rules inserted. Base: 4664 rules (161 with conclusion selected). Queue: 464 rules.
22000 rules inserted. Base: 4689 rules (161 with conclusion selected). Queue: 447 rules.
22200 rules inserted. Base: 4728 rules (161 with conclusion selected). Queue: 467 rules.
22400 rules inserted. Base: 4755 rules (161 with conclusion selected). Queue: 463 rules.
22600 rules inserted. Base: 4751 rules (161 with conclusion selected). Queue: 495 rules.
22800 rules inserted. Base: 4769 rules (161 with conclusion selected). Queue: 497 rules.
23000 rules inserted. Base: 4786 rules (161 with conclusion selected). Queue: 535 rules.
23200 rules inserted. Base: 4817 rules (161 with conclusion selected). Queue: 527 rules.
23400 rules inserted. Base: 4851 rules (161 with conclusion selected). Queue: 514 rules.
23600 rules inserted. Base: 4866 rules (161 with conclusion selected). Queue: 508 rules.
23800 rules inserted. Base: 4890 rules (161 with conclusion selected). Queue: 494 rules.
24000 rules inserted. Base: 4897 rules (161 with conclusion selected). Queue: 485 rules.
24200 rules inserted. Base: 4913 rules (161 with conclusion selected). Queue: 465 rules.
24400 rules inserted. Base: 4919 rules (161 with conclusion selected). Queue: 443 rules.
24600 rules inserted. Base: 4956 rules (161 with conclusion selected). Queue: 404 rules.
24800 rules inserted. Base: 4959 rules (161 with conclusion selected). Queue: 373 rules.
25000 rules inserted. Base: 4972 rules (161 with conclusion selected). Queue: 327 rules.
25200 rules inserted. Base: 5003 rules (161 with conclusion selected). Queue: 267 rules.
25400 rules inserted. Base: 5014 rules (161 with conclusion selected). Queue: 222 rules.
25600 rules inserted. Base: 4992 rules (161 with conclusion selected). Queue: 167 rules.
25800 rules inserted. Base: 5017 rules (161 with conclusion selected). Queue: 99 rules.
26000 rules inserted. Base: 5033 rules (161 with conclusion selected). Queue: 14 rules.
ok, secrecy assumption verified: fact unreachable attacker_p2(q_id_i_i[])
ok, secrecy assumption verified: fact unreachable attacker_p1(q_id_i_i[])
ok, secrecy assumption verified: fact unreachable attacker(q_id_i_i[])
ok, secrecy assumption verified: fact unreachable attacker_p2(q_id_i_r[])
ok, secrecy assumption verified: fact unreachable attacker_p1(q_id_i_r[])
ok, secrecy assumption verified: fact unreachable attacker(q_id_i_r[])
ok, secrecy assumption verified: fact unreachable attacker_p2(q_id_r_i[])
ok, secrecy assumption verified: fact unreachable attacker_p1(q_id_r_i[])
ok, secrecy assumption verified: fact unreachable attacker(q_id_r_i[])
ok, secrecy assumption verified: fact unreachable attacker_p2(q_id_r_r[])
ok, secrecy assumption verified: fact unreachable attacker_p1(q_id_r_r[])
ok, secrecy assumption verified: fact unreachable attacker(q_id_r_r[])
ok, secrecy assumption verified: fact unreachable attacker(q_eph_x[])
ok, secrecy assumption verified: fact unreachable attacker_p1(q_eph_y[])
ok, secrecy assumption verified: fact unreachable attacker(q_eph_y[])
ok, secrecy assumption verified: fact unreachable attacker(q_shared_secret_i[])
ok, secrecy assumption verified: fact unreachable attacker(q_shared_secret_r[])
ok, secrecy assumption verified: fact unreachable attacker_p2(q_session_keys_i[])
ok, secrecy assumption verified: fact unreachable attacker_p1(q_session_keys_i[])
ok, secrecy assumption verified: fact unreachable attacker(q_session_keys_i[])
ok, secrecy assumption verified: fact unreachable attacker_p2(q_session_keys_r[])
ok, secrecy assumption verified: fact unreachable attacker_p1(q_session_keys_r[])
ok, secrecy assumption verified: fact unreachable attacker(q_session_keys_r[])
ok, secrecy assumption verified: fact unreachable attacker_p2(q_resumption_prekeys_i[])
ok, secrecy assumption verified: fact unreachable attacker_p1(q_resumption_prekeys_i[])
ok, secrecy assumption verified: fact unreachable attacker(q_resumption_prekeys_i[])
ok, secrecy assumption verified: fact unreachable attacker_p2(q_resumption_prekeys_r[])
ok, secrecy assumption verified: fact unreachable attacker_p1(q_resumption_prekeys_r[])
ok, secrecy assumption verified: fact unreachable attacker(q_resumption_prekeys_r[])
ok, secrecy assumption verified: fact unreachable attacker_p2(q_resumption_session_keys_i[])
ok, secrecy assumption verified: fact unreachable attacker_p1(q_resumption_session_keys_i[])
ok, secrecy assumption verified: fact unreachable attacker(q_resumption_session_keys_i[])
ok, secrecy assumption verified: fact unreachable attacker_p2(q_resumption_session_keys_r[])
ok, secrecy assumption verified: fact unreachable attacker_p1(q_resumption_session_keys_r[])
ok, secrecy assumption verified: fact unreachable attacker(q_resumption_session_keys_r[])
Starting query not attacker_p2(q_eph_y[])
goal reachable: attacker_p2(q_eph_y[])

Derivation:
Abbreviations:
fresh_x_1 = fresh_x[!1 = @sid]
initiator_random_2 = initiator_random[!1 = @sid]
fresh_y_1 = fresh_y[msg1_1 = (mul_point(P,hash((seed_x[],fresh_x_1))),initiator_random_2),!1 = @sid_1]
responder_random_2 = responder_random_1[msg1_1 = (mul_point(P,hash((seed_x[],fresh_x_1))),initiator_random_2),!1 = @sid_1]
responder_noc_key_2 = responder_noc_key[!1 = @sid_1]
resumption_id_4 = resumption_id_1[msg1_1 = (mul_point(P,hash((seed_x[],fresh_x_1))),initiator_random_2),!1 = @sid_1]
initiator_noc_key_2 = initiator_noc_key[!1 = @sid]

1. The message (mul_point(P,hash((seed_x[],fresh_x_1))),initiator_random_2) may be sent to the attacker at output {18}.
attacker((mul_point(P,hash((seed_x[],fresh_x_1))),initiator_random_2)).

2. By 1, the attacker may know (mul_point(P,hash((seed_x[],fresh_x_1))),initiator_random_2).
Using the function 2-proj-2-tuple the attacker may obtain initiator_random_2.
attacker(initiator_random_2).

3. By 1, the attacker may know (mul_point(P,hash((seed_x[],fresh_x_1))),initiator_random_2).
Using the function 1-proj-2-tuple the attacker may obtain mul_point(P,hash((seed_x[],fresh_x_1))).
attacker(mul_point(P,hash((seed_x[],fresh_x_1)))).

4. By 3, the attacker may know mul_point(P,hash((seed_x[],fresh_x_1))).
By 2, the attacker may know initiator_random_2.
Using the function 2-tuple the attacker may obtain (mul_point(P,hash((seed_x[],fresh_x_1))),initiator_random_2).
attacker((mul_point(P,hash((seed_x[],fresh_x_1))),initiator_random_2)).

5. The message (mul_point(P,hash((seed_x[],fresh_x_1))),initiator_random_2) that the attacker may have by 4 may be received at input {59}.
So the message (responder_random_2,mul_point(P,hash((seed_y[],fresh_y_1))),aead_enc(kdf(mul_point(mul_point(P,hash((seed_x[],fresh_x_1))),hash((seed_y[],fresh_y_1))),(ipk[],responder_random_2,mul_point(P,hash((seed_y[],fresh_y_1))),hash((mul_point(P,hash((seed_x[],fresh_x_1))),initiator_random_2))),sigma2_info),(mul_point(P,responder_noc_key_2),sign(noc_signing_key[],mul_point(P,responder_noc_key_2)),sign(responder_noc_key_2,(mul_point(P,responder_noc_key_2),mul_point(P,hash((seed_y[],fresh_y_1))),mul_point(P,hash((seed_x[],fresh_x_1))))),resumption_id_4),ncase_sigma2n,nil)) may be sent to the attacker at output {72}.
attacker((responder_random_2,mul_point(P,hash((seed_y[],fresh_y_1))),aead_enc(kdf(mul_point(mul_point(P,hash((seed_x[],fresh_x_1))),hash((seed_y[],fresh_y_1))),(ipk[],responder_random_2,mul_point(P,hash((seed_y[],fresh_y_1))),hash((mul_point(P,hash((seed_x[],fresh_x_1))),initiator_random_2))),sigma2_info),(mul_point(P,responder_noc_key_2),sign(noc_signing_key[],mul_point(P,responder_noc_key_2)),sign(responder_noc_key_2,(mul_point(P,responder_noc_key_2),mul_point(P,hash((seed_y[],fresh_y_1))),mul_point(P,hash((seed_x[],fresh_x_1))))),resumption_id_4),ncase_sigma2n,nil))).

6. By 5, the attacker may know (responder_random_2,mul_point(P,hash((seed_y[],fresh_y_1))),aead_enc(kdf(mul_point(mul_point(P,hash((seed_x[],fresh_x_1))),hash((seed_y[],fresh_y_1))),(ipk[],responder_random_2,mul_point(P,hash((seed_y[],fresh_y_1))),hash((mul_point(P,hash((seed_x[],fresh_x_1))),initiator_random_2))),sigma2_info),(mul_point(P,responder_noc_key_2),sign(noc_signing_key[],mul_point(P,responder_noc_key_2)),sign(responder_noc_key_2,(mul_point(P,responder_noc_key_2),mul_point(P,hash((seed_y[],fresh_y_1))),mul_point(P,hash((seed_x[],fresh_x_1))))),resumption_id_4),ncase_sigma2n,nil)).
Using the function 3-proj-3-tuple the attacker may obtain aead_enc(kdf(mul_point(mul_point(P,hash((seed_x[],fresh_x_1))),hash((seed_y[],fresh_y_1))),(ipk[],responder_random_2,mul_point(P,hash((seed_y[],fresh_y_1))),hash((mul_point(P,hash((seed_x[],fresh_x_1))),initiator_random_2))),sigma2_info),(mul_point(P,responder_noc_key_2),sign(noc_signing_key[],mul_point(P,responder_noc_key_2)),sign(responder_noc_key_2,(mul_point(P,responder_noc_key_2),mul_point(P,hash((seed_y[],fresh_y_1))),mul_point(P,hash((seed_x[],fresh_x_1))))),resumption_id_4),ncase_sigma2n,nil).
attacker(aead_enc(kdf(mul_point(mul_point(P,hash((seed_x[],fresh_x_1))),hash((seed_y[],fresh_y_1))),(ipk[],responder_random_2,mul_point(P,hash((seed_y[],fresh_y_1))),hash((mul_point(P,hash((seed_x[],fresh_x_1))),initiator_random_2))),sigma2_info),(mul_point(P,responder_noc_key_2),sign(noc_signing_key[],mul_point(P,responder_noc_key_2)),sign(responder_noc_key_2,(mul_point(P,responder_noc_key_2),mul_point(P,hash((seed_y[],fresh_y_1))),mul_point(P,hash((seed_x[],fresh_x_1))))),resumption_id_4),ncase_sigma2n,nil)).

7. By 5, the attacker may know (responder_random_2,mul_point(P,hash((seed_y[],fresh_y_1))),aead_enc(kdf(mul_point(mul_point(P,hash((seed_x[],fresh_x_1))),hash((seed_y[],fresh_y_1))),(ipk[],responder_random_2,mul_point(P,hash((seed_y[],fresh_y_1))),hash((mul_point(P,hash((seed_x[],fresh_x_1))),initiator_random_2))),sigma2_info),(mul_point(P,responder_noc_key_2),sign(noc_signing_key[],mul_point(P,responder_noc_key_2)),sign(responder_noc_key_2,(mul_point(P,responder_noc_key_2),mul_point(P,hash((seed_y[],fresh_y_1))),mul_point(P,hash((seed_x[],fresh_x_1))))),resumption_id_4),ncase_sigma2n,nil)).
Using the function 2-proj-3-tuple the attacker may obtain mul_point(P,hash((seed_y[],fresh_y_1))).
attacker(mul_point(P,hash((seed_y[],fresh_y_1)))).

8. By 5, the attacker may know (responder_random_2,mul_point(P,hash((seed_y[],fresh_y_1))),aead_enc(kdf(mul_point(mul_point(P,hash((seed_x[],fresh_x_1))),hash((seed_y[],fresh_y_1))),(ipk[],responder_random_2,mul_point(P,hash((seed_y[],fresh_y_1))),hash((mul_point(P,hash((seed_x[],fresh_x_1))),initiator_random_2))),sigma2_info),(mul_point(P,responder_noc_key_2),sign(noc_signing_key[],mul_point(P,responder_noc_key_2)),sign(responder_noc_key_2,(mul_point(P,responder_noc_key_2),mul_point(P,hash((seed_y[],fresh_y_1))),mul_point(P,hash((seed_x[],fresh_x_1))))),resumption_id_4),ncase_sigma2n,nil)).
Using the function 1-proj-3-tuple the attacker may obtain responder_random_2.
attacker(responder_random_2).

9. By 8, the attacker may know responder_random_2.
By 7, the attacker may know mul_point(P,hash((seed_y[],fresh_y_1))).
By 6, the attacker may know aead_enc(kdf(mul_point(mul_point(P,hash((seed_x[],fresh_x_1))),hash((seed_y[],fresh_y_1))),(ipk[],responder_random_2,mul_point(P,hash((seed_y[],fresh_y_1))),hash((mul_point(P,hash((seed_x[],fresh_x_1))),initiator_random_2))),sigma2_info),(mul_point(P,responder_noc_key_2),sign(noc_signing_key[],mul_point(P,responder_noc_key_2)),sign(responder_noc_key_2,(mul_point(P,responder_noc_key_2),mul_point(P,hash((seed_y[],fresh_y_1))),mul_point(P,hash((seed_x[],fresh_x_1))))),resumption_id_4),ncase_sigma2n,nil).
Using the function 3-tuple the attacker may obtain (responder_random_2,mul_point(P,hash((seed_y[],fresh_y_1))),aead_enc(kdf(mul_point(mul_point(P,hash((seed_x[],fresh_x_1))),hash((seed_y[],fresh_y_1))),(ipk[],responder_random_2,mul_point(P,hash((seed_y[],fresh_y_1))),hash((mul_point(P,hash((seed_x[],fresh_x_1))),initiator_random_2))),sigma2_info),(mul_point(P,responder_noc_key_2),sign(noc_signing_key[],mul_point(P,responder_noc_key_2)),sign(responder_noc_key_2,(mul_point(P,responder_noc_key_2),mul_point(P,hash((seed_y[],fresh_y_1))),mul_point(P,hash((seed_x[],fresh_x_1))))),resumption_id_4),ncase_sigma2n,nil)).
attacker((responder_random_2,mul_point(P,hash((seed_y[],fresh_y_1))),aead_enc(kdf(mul_point(mul_point(P,hash((seed_x[],fresh_x_1))),hash((seed_y[],fresh_y_1))),(ipk[],responder_random_2,mul_point(P,hash((seed_y[],fresh_y_1))),hash((mul_point(P,hash((seed_x[],fresh_x_1))),initiator_random_2))),sigma2_info),(mul_point(P,responder_noc_key_2),sign(noc_signing_key[],mul_point(P,responder_noc_key_2)),sign(responder_noc_key_2,(mul_point(P,responder_noc_key_2),mul_point(P,hash((seed_y[],fresh_y_1))),mul_point(P,hash((seed_x[],fresh_x_1))))),resumption_id_4),ncase_sigma2n,nil))).

10. The message (responder_random_2,mul_point(P,hash((seed_y[],fresh_y_1))),aead_enc(kdf(mul_point(mul_point(P,hash((seed_x[],fresh_x_1))),hash((seed_y[],fresh_y_1))),(ipk[],responder_random_2,mul_point(P,hash((seed_y[],fresh_y_1))),hash((mul_point(P,hash((seed_x[],fresh_x_1))),initiator_random_2))),sigma2_info),(mul_point(P,responder_noc_key_2),sign(noc_signing_key[],mul_point(P,responder_noc_key_2)),sign(responder_noc_key_2,(mul_point(P,responder_noc_key_2),mul_point(P,hash((seed_y[],fresh_y_1))),mul_point(P,hash((seed_x[],fresh_x_1))))),resumption_id_4),ncase_sigma2n,nil)) that the attacker may have by 9 may be received at input {19}.
So the message aead_enc(kdf(mul_point(mul_point(P,hash((seed_x[],fresh_x_1))),hash((seed_y[],fresh_y_1))),(ipk[],hash(((mul_point(P,hash((seed_x[],fresh_x_1))),initiator_random_2),(responder_random_2,mul_point(P,hash((seed_y[],fresh_y_1))),aead_enc(kdf(mul_point(mul_point(P,hash((seed_x[],fresh_x_1))),hash((seed_y[],fresh_y_1))),(ipk[],responder_random_2,mul_point(P,hash((seed_y[],fresh_y_1))),hash((mul_point(P,hash((seed_x[],fresh_x_1))),initiator_random_2))),sigma2_info),(mul_point(P,responder_noc_key_2),sign(noc_signing_key[],mul_point(P,responder_noc_key_2)),sign(responder_noc_key_2,(mul_point(P,responder_noc_key_2),mul_point(P,hash((seed_y[],fresh_y_1))),mul_point(P,hash((seed_x[],fresh_x_1))))),resumption_id_4),ncase_sigma2n,nil))))),sigma3_info),(mul_point(P,initiator_noc_key_2),sign(noc_signing_key[],mul_point(P,initiator_noc_key_2)),sign(initiator_noc_key_2,(mul_point(P,initiator_noc_key_2),mul_point(P,hash((seed_x[],fresh_x_1))),mul_point(P,hash((seed_y[],fresh_y_1)))))),ncase_sigma3n,nil) may be sent to the attacker at output {30}.
attacker(aead_enc(kdf(mul_point(mul_point(P,hash((seed_x[],fresh_x_1))),hash((seed_y[],fresh_y_1))),(ipk[],hash(((mul_point(P,hash((seed_x[],fresh_x_1))),initiator_random_2),(responder_random_2,mul_point(P,hash((seed_y[],fresh_y_1))),aead_enc(kdf(mul_point(mul_point(P,hash((seed_x[],fresh_x_1))),hash((seed_y[],fresh_y_1))),(ipk[],responder_random_2,mul_point(P,hash((seed_y[],fresh_y_1))),hash((mul_point(P,hash((seed_x[],fresh_x_1))),initiator_random_2))),sigma2_info),(mul_point(P,responder_noc_key_2),sign(noc_signing_key[],mul_point(P,responder_noc_key_2)),sign(responder_noc_key_2,(mul_point(P,responder_noc_key_2),mul_point(P,hash((seed_y[],fresh_y_1))),mul_point(P,hash((seed_x[],fresh_x_1))))),resumption_id_4),ncase_sigma2n,nil))))),sigma3_info),(mul_point(P,initiator_noc_key_2),sign(noc_signing_key[],mul_point(P,initiator_noc_key_2)),sign(initiator_noc_key_2,(mul_point(P,initiator_noc_key_2),mul_point(P,hash((seed_x[],fresh_x_1))),mul_point(P,hash((seed_y[],fresh_y_1)))))),ncase_sigma3n,nil)).

11. The message (mul_point(P,hash((seed_x[],fresh_x_1))),initiator_random_2) that the attacker may have by 4 may be received at input {59}.
The message aead_enc(kdf(mul_point(mul_point(P,hash((seed_x[],fresh_x_1))),hash((seed_y[],fresh_y_1))),(ipk[],hash(((mul_point(P,hash((seed_x[],fresh_x_1))),initiator_random_2),(responder_random_2,mul_point(P,hash((seed_y[],fresh_y_1))),aead_enc(kdf(mul_point(mul_point(P,hash((seed_x[],fresh_x_1))),hash((seed_y[],fresh_y_1))),(ipk[],responder_random_2,mul_point(P,hash((seed_y[],fresh_y_1))),hash((mul_point(P,hash((seed_x[],fresh_x_1))),initiator_random_2))),sigma2_info),(mul_point(P,responder_noc_key_2),sign(noc_signing_key[],mul_point(P,responder_noc_key_2)),sign(responder_noc_key_2,(mul_point(P,responder_noc_key_2),mul_point(P,hash((seed_y[],fresh_y_1))),mul_point(P,hash((seed_x[],fresh_x_1))))),resumption_id_4),ncase_sigma2n,nil))))),sigma3_info),(mul_point(P,initiator_noc_key_2),sign(noc_signing_key[],mul_point(P,initiator_noc_key_2)),sign(initiator_noc_key_2,(mul_point(P,initiator_noc_key_2),mul_point(P,hash((seed_x[],fresh_x_1))),mul_point(P,hash((seed_y[],fresh_y_1)))))),ncase_sigma3n,nil) that the attacker may have by 10 may be received at input {73}.
So the message enc(hash((seed_y[],fresh_y_1)),q_eph_y[]) may be sent to the attacker at output {84}.
attacker(enc(hash((seed_y[],fresh_y_1)),q_eph_y[])).

12. By 11, the attacker may know enc(hash((seed_y[],fresh_y_1)),q_eph_y[]).
So the attacker may know enc(hash((seed_y[],fresh_y_1)),q_eph_y[]) in phase 1.
attacker_p1(enc(hash((seed_y[],fresh_y_1)),q_eph_y[])).

13. By 12, the attacker may know enc(hash((seed_y[],fresh_y_1)),q_eph_y[]) in phase 1.
So the attacker may know enc(hash((seed_y[],fresh_y_1)),q_eph_y[]) in phase 2.
attacker_p2(enc(hash((seed_y[],fresh_y_1)),q_eph_y[])).

14. The message (mul_point(P,hash((seed_x[],fresh_x_1))),initiator_random_2) that the attacker may have by 4 may be received at input {59}.
The message aead_enc(kdf(mul_point(mul_point(P,hash((seed_x[],fresh_x_1))),hash((seed_y[],fresh_y_1))),(ipk[],hash(((mul_point(P,hash((seed_x[],fresh_x_1))),initiator_random_2),(responder_random_2,mul_point(P,hash((seed_y[],fresh_y_1))),aead_enc(kdf(mul_point(mul_point(P,hash((seed_x[],fresh_x_1))),hash((seed_y[],fresh_y_1))),(ipk[],responder_random_2,mul_point(P,hash((seed_y[],fresh_y_1))),hash((mul_point(P,hash((seed_x[],fresh_x_1))),initiator_random_2))),sigma2_info),(mul_point(P,responder_noc_key_2),sign(noc_signing_key[],mul_point(P,responder_noc_key_2)),sign(responder_noc_key_2,(mul_point(P,responder_noc_key_2),mul_point(P,hash((seed_y[],fresh_y_1))),mul_point(P,hash((seed_x[],fresh_x_1))))),resumption_id_4),ncase_sigma2n,nil))))),sigma3_info),(mul_point(P,initiator_noc_key_2),sign(noc_signing_key[],mul_point(P,initiator_noc_key_2)),sign(initiator_noc_key_2,(mul_point(P,initiator_noc_key_2),mul_point(P,hash((seed_x[],fresh_x_1))),mul_point(P,hash((seed_y[],fresh_y_1)))))),ncase_sigma3n,nil) that the attacker may have by 10 may be received at input {73}.
So the message fresh_y_1 may be sent to the attacker at output {83}.
attacker(fresh_y_1).

15. By 14, the attacker may know fresh_y_1.
So the attacker may know fresh_y_1 in phase 1.
attacker_p1(fresh_y_1).

16. By 15, the attacker may know fresh_y_1 in phase 1.
So the attacker may know fresh_y_1 in phase 2.
attacker_p2(fresh_y_1).

17. The message seed_y[] may be sent to the attacker in phase 2 at output {104}.
attacker_p2(seed_y[]).

18. By 17, the attacker may know seed_y[] in phase 2.
By 16, the attacker may know fresh_y_1 in phase 2.
Using the function 2-tuple the attacker may obtain (seed_y[],fresh_y_1) in phase 2.
attacker_p2((seed_y[],fresh_y_1)).

19. By 18, the attacker may know (seed_y[],fresh_y_1) in phase 2.
Using the function hash the attacker may obtain hash((seed_y[],fresh_y_1)) in phase 2.
attacker_p2(hash((seed_y[],fresh_y_1))).

20. By 19, the attacker may know hash((seed_y[],fresh_y_1)) in phase 2.
By 13, the attacker may know enc(hash((seed_y[],fresh_y_1)),q_eph_y[]) in phase 2.
Using the function dec the attacker may obtain q_eph_y[] in phase 2.
attacker_p2(q_eph_y[]).

21. By 20, attacker_p2(q_eph_y[]).
The goal is reached, represented in the following fact:
attacker_p2(q_eph_y[]).


A more detailed output of the traces is available with
  set traceDisplay = long.

new ipk: key creating ipk_3 at {1}

new seed_x: bitstring creating seed_x_2 at {2}

new seed_y: bitstring creating seed_y_2 at {3}

out(c, ~M) with ~M = mul_point(P,noc_signing_key) at {5}

new responder_noc_key: key creating responder_noc_key_3 at {53} in copy a

new initiator_noc_key: key creating initiator_noc_key_3 at {7} in copy a_1

new fresh_x: bitstring creating fresh_x_2 at {13} in copy a_1

new initiator_random: bitstring creating initiator_random_3 at {15} in copy a_1

out(c, (~M_1,~M_2)) with ~M_1 = mul_point(P,hash((seed_x_2,fresh_x_2))), ~M_2 = initiator_random_3 at {18} in copy a_1

in(c, (~M_1,~M_2)) with ~M_1 = mul_point(P,hash((seed_x_2,fresh_x_2))), ~M_2 = initiator_random_3 at {59} in copy a

event start_session_with_initiator(mul_point(P,hash((seed_x_2,fresh_x_2))),initiator_random_3) at {61} in copy a

new fresh_y: bitstring creating fresh_y_2 at {62} in copy a

new responder_random_1: bitstring creating responder_random_3 at {64} in copy a

new resumption_id_1: bitstring creating resumption_id_5 at {65} in copy a

out(c, (~M_3,~M_4,~M_5)) with ~M_3 = responder_random_3, ~M_4 = mul_point(P,hash((seed_y_2,fresh_y_2))), ~M_5 = aead_enc(kdf(mul_point(mul_point(P,hash((seed_x_2,fresh_x_2))),hash((seed_y_2,fresh_y_2))),(ipk_3,responder_random_3,mul_point(P,hash((seed_y_2,fresh_y_2))),hash((mul_point(P,hash((seed_x_2,fresh_x_2))),initiator_random_3))),sigma2_info),(mul_point(P,responder_noc_key_3),sign(noc_signing_key,mul_point(P,responder_noc_key_3)),sign(responder_noc_key_3,(mul_point(P,responder_noc_key_3),mul_point(P,hash((seed_y_2,fresh_y_2))),mul_point(P,hash((seed_x_2,fresh_x_2))))),resumption_id_5),ncase_sigma2n,nil) at {72} in copy a

in(c, (~M_3,~M_4,~M_5)) with ~M_3 = responder_random_3, ~M_4 = mul_point(P,hash((seed_y_2,fresh_y_2))), ~M_5 = aead_enc(kdf(mul_point(mul_point(P,hash((seed_x_2,fresh_x_2))),hash((seed_y_2,fresh_y_2))),(ipk_3,responder_random_3,mul_point(P,hash((seed_y_2,fresh_y_2))),hash((mul_point(P,hash((seed_x_2,fresh_x_2))),initiator_random_3))),sigma2_info),(mul_point(P,responder_noc_key_3),sign(noc_signing_key,mul_point(P,responder_noc_key_3)),sign(responder_noc_key_3,(mul_point(P,responder_noc_key_3),mul_point(P,hash((seed_y_2,fresh_y_2))),mul_point(P,hash((seed_x_2,fresh_x_2))))),resumption_id_5),ncase_sigma2n,nil) at {19} in copy a_1

event start_session_with_responder(mul_point(P,hash((seed_y_2,fresh_y_2))),responder_random_3) at {21} in copy a_1

event accept_responder_identity(mul_point(P,responder_noc_key_3),mul_point(P,hash((seed_y_2,fresh_y_2))),responder_random_3) at {26} in copy a_1

out(c, ~M_6) with ~M_6 = aead_enc(kdf(mul_point(mul_point(P,hash((seed_y_2,fresh_y_2))),hash((seed_x_2,fresh_x_2))),(ipk_3,hash(((mul_point(P,hash((seed_x_2,fresh_x_2))),initiator_random_3),(responder_random_3,mul_point(P,hash((seed_y_2,fresh_y_2))),aead_enc(kdf(mul_point(mul_point(P,hash((seed_x_2,fresh_x_2))),hash((seed_y_2,fresh_y_2))),(ipk_3,responder_random_3,mul_point(P,hash((seed_y_2,fresh_y_2))),hash((mul_point(P,hash((seed_x_2,fresh_x_2))),initiator_random_3))),sigma2_info),(mul_point(P,responder_noc_key_3),sign(noc_signing_key,mul_point(P,responder_noc_key_3)),sign(responder_noc_key_3,(mul_point(P,responder_noc_key_3),mul_point(P,hash((seed_y_2,fresh_y_2))),mul_point(P,hash((seed_x_2,fresh_x_2))))),resumption_id_5),ncase_sigma2n,nil))))),sigma3_info),(mul_point(P,initiator_noc_key_3),sign(noc_signing_key,mul_point(P,initiator_noc_key_3)),sign(initiator_noc_key_3,(mul_point(P,initiator_noc_key_3),mul_point(P,hash((seed_x_2,fresh_x_2))),mul_point(P,hash((seed_y_2,fresh_y_2)))))),ncase_sigma3n,nil) at {30} in copy a_1

event initiator_end(mul_point(P,initiator_noc_key_3),mul_point(P,hash((seed_x_2,fresh_x_2))),initiator_random_3) at {33} in copy a_1

out(c, ~M_7) with ~M_7 = enc(mul_point(P,initiator_noc_key_3),q_id_i_i) at {34} in copy a_1

out(c, ~M_8) with ~M_8 = enc(mul_point(P,responder_noc_key_3),q_id_r_i) at {35} in copy a_1

out(c, ~M_9) with ~M_9 = fresh_x_2 at {36} in copy a_1

out(c, ~M_10) with ~M_10 = enc(hash((seed_x_2,fresh_x_2)),q_eph_x) at {37} in copy a_1

out(c, ~M_11) with ~M_11 = enc(mul_point(mul_point(P,hash((seed_y_2,fresh_y_2))),hash((seed_x_2,fresh_x_2))),q_shared_secret_i) at {38} in copy a_1

out(c, ~M_12) with ~M_12 = enc(kdf(mul_point(mul_point(P,hash((seed_y_2,fresh_y_2))),hash((seed_x_2,fresh_x_2))),(ipk_3,hash(((mul_point(P,hash((seed_x_2,fresh_x_2))),initiator_random_3),(responder_random_3,mul_point(P,hash((seed_y_2,fresh_y_2))),aead_enc(kdf(mul_point(mul_point(P,hash((seed_x_2,fresh_x_2))),hash((seed_y_2,fresh_y_2))),(ipk_3,responder_random_3,mul_point(P,hash((seed_y_2,fresh_y_2))),hash((mul_point(P,hash((seed_x_2,fresh_x_2))),initiator_random_3))),sigma2_info),(mul_point(P,responder_noc_key_3),sign(noc_signing_key,mul_point(P,responder_noc_key_3)),sign(responder_noc_key_3,(mul_point(P,responder_noc_key_3),mul_point(P,hash((seed_y_2,fresh_y_2))),mul_point(P,hash((seed_x_2,fresh_x_2))))),resumption_id_5),ncase_sigma2n,nil)),aead_enc(kdf(mul_point(mul_point(P,hash((seed_y_2,fresh_y_2))),hash((seed_x_2,fresh_x_2))),(ipk_3,hash(((mul_point(P,hash((seed_x_2,fresh_x_2))),initiator_random_3),(responder_random_3,mul_point(P,hash((seed_y_2,fresh_y_2))),aead_enc(kdf(mul_point(mul_point(P,hash((seed_x_2,fresh_x_2))),hash((seed_y_2,fresh_y_2))),(ipk_3,responder_random_3,mul_point(P,hash((seed_y_2,fresh_y_2))),hash((mul_point(P,hash((seed_x_2,fresh_x_2))),initiator_random_3))),sigma2_info),(mul_point(P,responder_noc_key_3),sign(noc_signing_key,mul_point(P,responder_noc_key_3)),sign(responder_noc_key_3,(mul_point(P,responder_noc_key_3),mul_point(P,hash((seed_y_2,fresh_y_2))),mul_point(P,hash((seed_x_2,fresh_x_2))))),resumption_id_5),ncase_sigma2n,nil))))),sigma3_info),(mul_point(P,initiator_noc_key_3),sign(noc_signing_key,mul_point(P,initiator_noc_key_3)),sign(initiator_noc_key_3,(mul_point(P,initiator_noc_key_3),mul_point(P,hash((seed_x_2,fresh_x_2))),mul_point(P,hash((seed_y_2,fresh_y_2)))))),ncase_sigma3n,nil)))),sekeys_info),q_session_keys_i) at {39} in copy a_1

out(c, ~M_13) with ~M_13 = enc(kdf(mul_point(mul_point(P,hash((seed_y_2,fresh_y_2))),hash((seed_x_2,fresh_x_2))),(ipk_3,hash(((mul_point(P,hash((seed_x_2,fresh_x_2))),initiator_random_3),(responder_random_3,mul_point(P,hash((seed_y_2,fresh_y_2))),aead_enc(kdf(mul_point(mul_point(P,hash((seed_x_2,fresh_x_2))),hash((seed_y_2,fresh_y_2))),(ipk_3,responder_random_3,mul_point(P,hash((seed_y_2,fresh_y_2))),hash((mul_point(P,hash((seed_x_2,fresh_x_2))),initiator_random_3))),sigma2_info),(mul_point(P,responder_noc_key_3),sign(noc_signing_key,mul_point(P,responder_noc_key_3)),sign(responder_noc_key_3,(mul_point(P,responder_noc_key_3),mul_point(P,hash((seed_y_2,fresh_y_2))),mul_point(P,hash((seed_x_2,fresh_x_2))))),resumption_id_5),ncase_sigma2n,nil)),aead_enc(kdf(mul_point(mul_point(P,hash((seed_y_2,fresh_y_2))),hash((seed_x_2,fresh_x_2))),(ipk_3,hash(((mul_point(P,hash((seed_x_2,fresh_x_2))),initiator_random_3),(responder_random_3,mul_point(P,hash((seed_y_2,fresh_y_2))),aead_enc(kdf(mul_point(mul_point(P,hash((seed_x_2,fresh_x_2))),hash((seed_y_2,fresh_y_2))),(ipk_3,responder_random_3,mul_point(P,hash((seed_y_2,fresh_y_2))),hash((mul_point(P,hash((seed_x_2,fresh_x_2))),initiator_random_3))),sigma2_info),(mul_point(P,responder_noc_key_3),sign(noc_signing_key,mul_point(P,responder_noc_key_3)),sign(responder_noc_key_3,(mul_point(P,responder_noc_key_3),mul_point(P,hash((seed_y_2,fresh_y_2))),mul_point(P,hash((seed_x_2,fresh_x_2))))),resumption_id_5),ncase_sigma2n,nil))))),sigma3_info),(mul_point(P,initiator_noc_key_3),sign(noc_signing_key,mul_point(P,initiator_noc_key_3)),sign(initiator_noc_key_3,(mul_point(P,initiator_noc_key_3),mul_point(P,hash((seed_x_2,fresh_x_2))),mul_point(P,hash((seed_y_2,fresh_y_2)))))),ncase_sigma3n,nil)))),resumption_prekey_info),q_resumption_prekeys_i) at {40} in copy a_1

new res_initiator_random: bitstring creating res_initiator_random_2 at {41} in copy a_1

out(c, (~M_14,~M_15,~M_16)) with ~M_14 = res_initiator_random_2, ~M_15 = resumption_id_5, ~M_16 = aead_enc(kdf(kdf(mul_point(mul_point(P,hash((seed_y_2,fresh_y_2))),hash((seed_x_2,fresh_x_2))),(ipk_3,hash(((mul_point(P,hash((seed_x_2,fresh_x_2))),initiator_random_3),(responder_random_3,mul_point(P,hash((seed_y_2,fresh_y_2))),aead_enc(kdf(mul_point(mul_point(P,hash((seed_x_2,fresh_x_2))),hash((seed_y_2,fresh_y_2))),(ipk_3,responder_random_3,mul_point(P,hash((seed_y_2,fresh_y_2))),hash((mul_point(P,hash((seed_x_2,fresh_x_2))),initiator_random_3))),sigma2_info),(mul_point(P,responder_noc_key_3),sign(noc_signing_key,mul_point(P,responder_noc_key_3)),sign(responder_noc_key_3,(mul_point(P,responder_noc_key_3),mul_point(P,hash((seed_y_2,fresh_y_2))),mul_point(P,hash((seed_x_2,fresh_x_2))))),resumption_id_5),ncase_sigma2n,nil)),aead_enc(kdf(mul_point(mul_point(P,hash((seed_y_2,fresh_y_2))),hash((seed_x_2,fresh_x_2))),(ipk_3,hash(((mul_point(P,hash((seed_x_2,fresh_x_2))),initiator_random_3),(responder_random_3,mul_point(P,hash((seed_y_2,fresh_y_2))),aead_enc(kdf(mul_point(mul_point(P,hash((seed_x_2,fresh_x_2))),hash((seed_y_2,fresh_y_2))),(ipk_3,responder_random_3,mul_point(P,hash((seed_y_2,fresh_y_2))),hash((mul_point(P,hash((seed_x_2,fresh_x_2))),initiator_random_3))),sigma2_info),(mul_point(P,responder_noc_key_3),sign(noc_signing_key,mul_point(P,responder_noc_key_3)),sign(responder_noc_key_3,(mul_point(P,responder_noc_key_3),mul_point(P,hash((seed_y_2,fresh_y_2))),mul_point(P,hash((seed_x_2,fresh_x_2))))),resumption_id_5),ncase_sigma2n,nil))))),sigma3_info),(mul_point(P,initiator_noc_key_3),sign(noc_signing_key,mul_point(P,initiator_noc_key_3)),sign(initiator_noc_key_3,(mul_point(P,initiator_noc_key_3),mul_point(P,hash((seed_x_2,fresh_x_2))),mul_point(P,hash((seed_y_2,fresh_y_2)))))),ncase_sigma3n,nil)))),resumption_prekey_info),(res_initiator_random_2,resumption_id_5),sigma1_resume),nil,resume1mic_nonce,nil) at {44} in copy a_1

in(c, ~M_6) with ~M_6 = aead_enc(kdf(mul_point(mul_point(P,hash((seed_x_2,fresh_x_2))),hash((seed_y_2,fresh_y_2))),(ipk_3,hash(((mul_point(P,hash((seed_x_2,fresh_x_2))),initiator_random_3),(responder_random_3,mul_point(P,hash((seed_y_2,fresh_y_2))),aead_enc(kdf(mul_point(mul_point(P,hash((seed_x_2,fresh_x_2))),hash((seed_y_2,fresh_y_2))),(ipk_3,responder_random_3,mul_point(P,hash((seed_y_2,fresh_y_2))),hash((mul_point(P,hash((seed_x_2,fresh_x_2))),initiator_random_3))),sigma2_info),(mul_point(P,responder_noc_key_3),sign(noc_signing_key,mul_point(P,responder_noc_key_3)),sign(responder_noc_key_3,(mul_point(P,responder_noc_key_3),mul_point(P,hash((seed_y_2,fresh_y_2))),mul_point(P,hash((seed_x_2,fresh_x_2))))),resumption_id_5),ncase_sigma2n,nil))))),sigma3_info),(mul_point(P,initiator_noc_key_3),sign(noc_signing_key,mul_point(P,initiator_noc_key_3)),sign(initiator_noc_key_3,(mul_point(P,initiator_noc_key_3),mul_point(P,hash((seed_x_2,fresh_x_2))),mul_point(P,hash((seed_y_2,fresh_y_2)))))),ncase_sigma3n,nil) at {73} in copy a

out(c, ~M_17) with ~M_17 = sigma_finished at {79} in copy a

event responder_end(mul_point(P,responder_noc_key_3),mul_point(P,hash((seed_y_2,fresh_y_2))),responder_random_3) at {80} in copy a

out(c, ~M_18) with ~M_18 = enc(mul_point(P,initiator_noc_key_3),q_id_i_r) at {81} in copy a

out(c, ~M_19) with ~M_19 = enc(mul_point(P,responder_noc_key_3),q_id_r_r) at {82} in copy a

out(c, ~M_20) with ~M_20 = fresh_y_2 at {83} in copy a

out(c, ~M_21) with ~M_21 = enc(hash((seed_y_2,fresh_y_2)),q_eph_y) at {84} in copy a

out(c, ~M_22) with ~M_22 = enc(mul_point(mul_point(P,hash((seed_x_2,fresh_x_2))),hash((seed_y_2,fresh_y_2))),q_shared_secret_r) at {85} in copy a

out(c, ~M_23) with ~M_23 = enc(kdf(mul_point(mul_point(P,hash((seed_x_2,fresh_x_2))),hash((seed_y_2,fresh_y_2))),(ipk_3,hash(((mul_point(P,hash((seed_x_2,fresh_x_2))),initiator_random_3),(responder_random_3,mul_point(P,hash((seed_y_2,fresh_y_2))),aead_enc(kdf(mul_point(mul_point(P,hash((seed_x_2,fresh_x_2))),hash((seed_y_2,fresh_y_2))),(ipk_3,responder_random_3,mul_point(P,hash((seed_y_2,fresh_y_2))),hash((mul_point(P,hash((seed_x_2,fresh_x_2))),initiator_random_3))),sigma2_info),(mul_point(P,responder_noc_key_3),sign(noc_signing_key,mul_point(P,responder_noc_key_3)),sign(responder_noc_key_3,(mul_point(P,responder_noc_key_3),mul_point(P,hash((seed_y_2,fresh_y_2))),mul_point(P,hash((seed_x_2,fresh_x_2))))),resumption_id_5),ncase_sigma2n,nil)),aead_enc(kdf(mul_point(mul_point(P,hash((seed_x_2,fresh_x_2))),hash((seed_y_2,fresh_y_2))),(ipk_3,hash(((mul_point(P,hash((seed_x_2,fresh_x_2))),initiator_random_3),(responder_random_3,mul_point(P,hash((seed_y_2,fresh_y_2))),aead_enc(kdf(mul_point(mul_point(P,hash((seed_x_2,fresh_x_2))),hash((seed_y_2,fresh_y_2))),(ipk_3,responder_random_3,mul_point(P,hash((seed_y_2,fresh_y_2))),hash((mul_point(P,hash((seed_x_2,fresh_x_2))),initiator_random_3))),sigma2_info),(mul_point(P,responder_noc_key_3),sign(noc_signing_key,mul_point(P,responder_noc_key_3)),sign(responder_noc_key_3,(mul_point(P,responder_noc_key_3),mul_point(P,hash((seed_y_2,fresh_y_2))),mul_point(P,hash((seed_x_2,fresh_x_2))))),resumption_id_5),ncase_sigma2n,nil))))),sigma3_info),(mul_point(P,initiator_noc_key_3),sign(noc_signing_key,mul_point(P,initiator_noc_key_3)),sign(initiator_noc_key_3,(mul_point(P,initiator_noc_key_3),mul_point(P,hash((seed_x_2,fresh_x_2))),mul_point(P,hash((seed_y_2,fresh_y_2)))))),ncase_sigma3n,nil)))),sekeys_info),q_session_keys_r) at {86} in copy a

out(c, ~M_24) with ~M_24 = enc(kdf(mul_point(mul_point(P,hash((seed_x_2,fresh_x_2))),hash((seed_y_2,fresh_y_2))),(ipk_3,hash(((mul_point(P,hash((seed_x_2,fresh_x_2))),initiator_random_3),(responder_random_3,mul_point(P,hash((seed_y_2,fresh_y_2))),aead_enc(kdf(mul_point(mul_point(P,hash((seed_x_2,fresh_x_2))),hash((seed_y_2,fresh_y_2))),(ipk_3,responder_random_3,mul_point(P,hash((seed_y_2,fresh_y_2))),hash((mul_point(P,hash((seed_x_2,fresh_x_2))),initiator_random_3))),sigma2_info),(mul_point(P,responder_noc_key_3),sign(noc_signing_key,mul_point(P,responder_noc_key_3)),sign(responder_noc_key_3,(mul_point(P,responder_noc_key_3),mul_point(P,hash((seed_y_2,fresh_y_2))),mul_point(P,hash((seed_x_2,fresh_x_2))))),resumption_id_5),ncase_sigma2n,nil)),aead_enc(kdf(mul_point(mul_point(P,hash((seed_x_2,fresh_x_2))),hash((seed_y_2,fresh_y_2))),(ipk_3,hash(((mul_point(P,hash((seed_x_2,fresh_x_2))),initiator_random_3),(responder_random_3,mul_point(P,hash((seed_y_2,fresh_y_2))),aead_enc(kdf(mul_point(mul_point(P,hash((seed_x_2,fresh_x_2))),hash((seed_y_2,fresh_y_2))),(ipk_3,responder_random_3,mul_point(P,hash((seed_y_2,fresh_y_2))),hash((mul_point(P,hash((seed_x_2,fresh_x_2))),initiator_random_3))),sigma2_info),(mul_point(P,responder_noc_key_3),sign(noc_signing_key,mul_point(P,responder_noc_key_3)),sign(responder_noc_key_3,(mul_point(P,responder_noc_key_3),mul_point(P,hash((seed_y_2,fresh_y_2))),mul_point(P,hash((seed_x_2,fresh_x_2))))),resumption_id_5),ncase_sigma2n,nil))))),sigma3_info),(mul_point(P,initiator_noc_key_3),sign(noc_signing_key,mul_point(P,initiator_noc_key_3)),sign(initiator_noc_key_3,(mul_point(P,initiator_noc_key_3),mul_point(P,hash((seed_x_2,fresh_x_2))),mul_point(P,hash((seed_y_2,fresh_y_2)))))),ncase_sigma3n,nil)))),resumption_prekey_info),q_resumption_prekeys_r) at {87} in copy a

out(c, ~M_25) with ~M_25 = seed_y_2 at {104} in copy a_2

The attacker has the message dec(hash((~M_25,~M_20)),~M_21) = q_eph_y in phase 2.
A trace has been found.
RESULT not attacker_p2(q_eph_y[]) is false.
-- Query not attacker_p2(q_shared_secret_i[]) in process 1.
Translating the process into Horn clauses...
Completing...
200 rules inserted. Base: 197 rules (103 with conclusion selected). Queue: 75 rules.
400 rules inserted. Base: 381 rules (120 with conclusion selected). Queue: 194 rules.
600 rules inserted. Base: 517 rules (120 with conclusion selected). Queue: 358 rules.
800 rules inserted. Base: 619 rules (120 with conclusion selected). Queue: 379 rules.
1000 rules inserted. Base: 695 rules (120 with conclusion selected). Queue: 466 rules.
1200 rules inserted. Base: 774 rules (126 with conclusion selected). Queue: 533 rules.
1400 rules inserted. Base: 909 rules (126 with conclusion selected). Queue: 510 rules.
1600 rules inserted. Base: 981 rules (137 with conclusion selected). Queue: 544 rules.
1800 rules inserted. Base: 1088 rules (137 with conclusion selected). Queue: 586 rules.
2000 rules inserted. Base: 1235 rules (137 with conclusion selected). Queue: 632 rules.
2200 rules inserted. Base: 1285 rules (137 with conclusion selected). Queue: 641 rules.
2400 rules inserted. Base: 1403 rules (137 with conclusion selected). Queue: 679 rules.
2600 rules inserted. Base: 1552 rules (138 with conclusion selected). Queue: 696 rules.
2800 rules inserted. Base: 1580 rules (144 with conclusion selected). Queue: 713 rules.
3000 rules inserted. Base: 1652 rules (144 with conclusion selected). Queue: 717 rules.
3200 rules inserted. Base: 1789 rules (147 with conclusion selected). Queue: 678 rules.
3400 rules inserted. Base: 1762 rules (147 with conclusion selected). Queue: 728 rules.
3600 rules inserted. Base: 1783 rules (147 with conclusion selected). Queue: 715 rules.
3800 rules inserted. Base: 1894 rules (147 with conclusion selected). Queue: 661 rules.
4000 rules inserted. Base: 1976 rules (147 with conclusion selected). Queue: 732 rules.
4200 rules inserted. Base: 2009 rules (147 with conclusion selected). Queue: 747 rules.
4400 rules inserted. Base: 2080 rules (147 with conclusion selected). Queue: 694 rules.
4600 rules inserted. Base: 2179 rules (151 with conclusion selected). Queue: 740 rules.
4800 rules inserted. Base: 2311 rules (151 with conclusion selected). Queue: 826 rules.
5000 rules inserted. Base: 2209 rules (151 with conclusion selected). Queue: 775 rules.
5200 rules inserted. Base: 2309 rules (154 with conclusion selected). Queue: 820 rules.
5400 rules inserted. Base: 2386 rules (154 with conclusion selected). Queue: 923 rules.
5600 rules inserted. Base: 2427 rules (154 with conclusion selected). Queue: 972 rules.
5800 rules inserted. Base: 2473 rules (155 with conclusion selected). Queue: 1000 rules.
6000 rules inserted. Base: 2579 rules (155 with conclusion selected). Queue: 1025 rules.
6200 rules inserted. Base: 2638 rules (156 with conclusion selected). Queue: 1102 rules.
6400 rules inserted. Base: 2705 rules (156 with conclusion selected). Queue: 1185 rules.
6600 rules inserted. Base: 2652 rules (156 with conclusion selected). Queue: 1176 rules.
6800 rules inserted. Base: 2712 rules (156 with conclusion selected). Queue: 1205 rules.
7000 rules inserted. Base: 2820 rules (156 with conclusion selected). Queue: 1229 rules.
7200 rules inserted. Base: 2888 rules (157 with conclusion selected). Queue: 1329 rules.
7400 rules inserted. Base: 2909 rules (157 with conclusion selected). Queue: 1364 rules.
7600 rules inserted. Base: 2730 rules (157 with conclusion selected). Queue: 1329 rules.
7800 rules inserted. Base: 2780 rules (157 with conclusion selected). Queue: 1339 rules.
8000 rules inserted. Base: 2821 rules (157 with conclusion selected). Queue: 1362 rules.
8200 rules inserted. Base: 2901 rules (157 with conclusion selected). Queue: 1375 rules.
8400 rules inserted. Base: 2949 rules (157 with conclusion selected). Queue: 1477 rules.
8600 rules inserted. Base: 2988 rules (157 with conclusion selected). Queue: 1471 rules.
8800 rules inserted. Base: 2971 rules (157 with conclusion selected). Queue: 1400 rules.
9000 rules inserted. Base: 3039 rules (157 with conclusion selected). Queue: 1450 rules.
9200 rules inserted. Base: 3100 rules (158 with conclusion selected). Queue: 1449 rules.
9400 rules inserted. Base: 3144 rules (158 with conclusion selected). Queue: 1430 rules.
9600 rules inserted. Base: 3200 rules (158 with conclusion selected). Queue: 1483 rules.
9800 rules inserted. Base: 3262 rules (159 with conclusion selected). Queue: 1556 rules.
10000 rules inserted. Base: 3314 rules (159 with conclusion selected). Queue: 1517 rules.
10200 rules inserted. Base: 3356 rules (159 with conclusion selected). Queue: 1504 rules.
10400 rules inserted. Base: 3424 rules (159 with conclusion selected). Queue: 1541 rules.
10600 rules inserted. Base: 3453 rules (159 with conclusion selected). Queue: 1497 rules.
10800 rules inserted. Base: 3490 rules (159 with conclusion selected). Queue: 1465 rules.
11000 rules inserted. Base: 3524 rules (159 with conclusion selected). Queue: 1469 rules.
11200 rules inserted. Base: 3575 rules (159 with conclusion selected). Queue: 1509 rules.
11400 rules inserted. Base: 3570 rules (159 with conclusion selected). Queue: 1466 rules.
11600 rules inserted. Base: 3603 rules (159 with conclusion selected). Queue: 1458 rules.
11800 rules inserted. Base: 3649 rules (159 with conclusion selected). Queue: 1480 rules.
12000 rules inserted. Base: 3699 rules (159 with conclusion selected). Queue: 1447 rules.
12200 rules inserted. Base: 3737 rules (160 with conclusion selected). Queue: 1422 rules.
12400 rules inserted. Base: 3758 rules (160 with conclusion selected). Queue: 1441 rules.
12600 rules inserted. Base: 3758 rules (160 with conclusion selected). Queue: 1431 rules.
12800 rules inserted. Base: 3706 rules (161 with conclusion selected). Queue: 1383 rules.
13000 rules inserted. Base: 3728 rules (161 with conclusion selected). Queue: 1355 rules.
13200 rules inserted. Base: 3798 rules (161 with conclusion selected). Queue: 1384 rules.
13400 rules inserted. Base: 3803 rules (161 with conclusion selected). Queue: 1348 rules.
13600 rules inserted. Base: 3799 rules (161 with conclusion selected). Queue: 1324 rules.
13800 rules inserted. Base: 3838 rules (161 with conclusion selected). Queue: 1372 rules.
14000 rules inserted. Base: 3784 rules (161 with conclusion selected). Queue: 1310 rules.
14200 rules inserted. Base: 3814 rules (161 with conclusion selected). Queue: 1280 rules.
14400 rules inserted. Base: 3856 rules (161 with conclusion selected). Queue: 1284 rules.
14600 rules inserted. Base: 3886 rules (161 with conclusion selected). Queue: 1263 rules.
14800 rules inserted. Base: 3848 rules (161 with conclusion selected). Queue: 1220 rules.
15000 rules inserted. Base: 3874 rules (161 with conclusion selected). Queue: 1220 rules.
15200 rules inserted. Base: 3915 rules (161 with conclusion selected). Queue: 1145 rules.
15400 rules inserted. Base: 3924 rules (161 with conclusion selected). Queue: 1108 rules.
15600 rules inserted. Base: 3956 rules (161 with conclusion selected). Queue: 1096 rules.
15800 rules inserted. Base: 3984 rules (161 with conclusion selected). Queue: 1077 rules.
16000 rules inserted. Base: 4019 rules (161 with conclusion selected). Queue: 1029 rules.
16200 rules inserted. Base: 4028 rules (161 with conclusion selected). Queue: 975 rules.
16400 rules inserted. Base: 4084 rules (161 with conclusion selected). Queue: 938 rules.
16600 rules inserted. Base: 4111 rules (161 with conclusion selected). Queue: 899 rules.
16800 rules inserted. Base: 4121 rules (161 with conclusion selected). Queue: 861 rules.
17000 rules inserted. Base: 4149 rules (161 with conclusion selected). Queue: 801 rules.
17200 rules inserted. Base: 4147 rules (161 with conclusion selected). Queue: 757 rules.
17400 rules inserted. Base: 4154 rules (161 with conclusion selected). Queue: 718 rules.
17600 rules inserted. Base: 4185 rules (161 with conclusion selected). Queue: 696 rules.
17800 rules inserted. Base: 4184 rules (161 with conclusion selected). Queue: 639 rules.
18000 rules inserted. Base: 4175 rules (161 with conclusion selected). Queue: 600 rules.
18200 rules inserted. Base: 4168 rules (161 with conclusion selected). Queue: 584 rules.
18400 rules inserted. Base: 4214 rules (161 with conclusion selected). Queue: 548 rules.
18600 rules inserted. Base: 4270 rules (161 with conclusion selected). Queue: 525 rules.
18800 rules inserted. Base: 4324 rules (161 with conclusion selected). Queue: 551 rules.
19000 rules inserted. Base: 4358 rules (161 with conclusion selected). Queue: 509 rules.
19200 rules inserted. Base: 4361 rules (161 with conclusion selected). Queue: 495 rules.
19400 rules inserted. Base: 4397 rules (161 with conclusion selected). Queue: 492 rules.
19600 rules inserted. Base: 4441 rules (161 with conclusion selected). Queue: 492 rules.
19800 rules inserted. Base: 4461 rules (161 with conclusion selected). Queue: 536 rules.
20000 rules inserted. Base: 4490 rules (161 with conclusion selected). Queue: 532 rules.
20200 rules inserted. Base: 4523 rules (161 with conclusion selected). Queue: 516 rules.
20400 rules inserted. Base: 4554 rules (161 with conclusion selected). Queue: 504 rules.
20600 rules inserted. Base: 4563 rules (161 with conclusion selected). Queue: 488 rules.
20800 rules inserted. Base: 4575 rules (161 with conclusion selected). Queue: 497 rules.
21000 rules inserted. Base: 4600 rules (161 with conclusion selected). Queue: 490 rules.
21200 rules inserted. Base: 4606 rules (161 with conclusion selected). Queue: 500 rules.
21400 rules inserted. Base: 4629 rules (161 with conclusion selected). Queue: 481 rules.
21600 rules inserted. Base: 4639 rules (161 with conclusion selected). Queue: 465 rules.
21800 rules inserted. Base: 4664 rules (161 with conclusion selected). Queue: 464 rules.
22000 rules inserted. Base: 4689 rules (161 with conclusion selected). Queue: 447 rules.
22200 rules inserted. Base: 4728 rules (161 with conclusion selected). Queue: 467 rules.
22400 rules inserted. Base: 4755 rules (161 with conclusion selected). Queue: 463 rules.
22600 rules inserted. Base: 4751 rules (161 with conclusion selected). Queue: 495 rules.
22800 rules inserted. Base: 4769 rules (161 with conclusion selected). Queue: 497 rules.
23000 rules inserted. Base: 4786 rules (161 with conclusion selected). Queue: 535 rules.
23200 rules inserted. Base: 4817 rules (161 with conclusion selected). Queue: 527 rules.
23400 rules inserted. Base: 4851 rules (161 with conclusion selected). Queue: 514 rules.
23600 rules inserted. Base: 4866 rules (161 with conclusion selected). Queue: 508 rules.
23800 rules inserted. Base: 4890 rules (161 with conclusion selected). Queue: 494 rules.
24000 rules inserted. Base: 4897 rules (161 with conclusion selected). Queue: 485 rules.
24200 rules inserted. Base: 4913 rules (161 with conclusion selected). Queue: 465 rules.
24400 rules inserted. Base: 4919 rules (161 with conclusion selected). Queue: 443 rules.
24600 rules inserted. Base: 4956 rules (161 with conclusion selected). Queue: 404 rules.
24800 rules inserted. Base: 4959 rules (161 with conclusion selected). Queue: 373 rules.
25000 rules inserted. Base: 4972 rules (161 with conclusion selected). Queue: 327 rules.
25200 rules inserted. Base: 5003 rules (161 with conclusion selected). Queue: 267 rules.
25400 rules inserted. Base: 5014 rules (161 with conclusion selected). Queue: 222 rules.
25600 rules inserted. Base: 4992 rules (161 with conclusion selected). Queue: 167 rules.
25800 rules inserted. Base: 5017 rules (161 with conclusion selected). Queue: 99 rules.
26000 rules inserted. Base: 5033 rules (161 with conclusion selected). Queue: 14 rules.
ok, secrecy assumption verified: fact unreachable attacker_p2(q_id_i_i[])
ok, secrecy assumption verified: fact unreachable attacker_p1(q_id_i_i[])
ok, secrecy assumption verified: fact unreachable attacker(q_id_i_i[])
ok, secrecy assumption verified: fact unreachable attacker_p2(q_id_i_r[])
ok, secrecy assumption verified: fact unreachable attacker_p1(q_id_i_r[])
ok, secrecy assumption verified: fact unreachable attacker(q_id_i_r[])
ok, secrecy assumption verified: fact unreachable attacker_p2(q_id_r_i[])
ok, secrecy assumption verified: fact unreachable attacker_p1(q_id_r_i[])
ok, secrecy assumption verified: fact unreachable attacker(q_id_r_i[])
ok, secrecy assumption verified: fact unreachable attacker_p2(q_id_r_r[])
ok, secrecy assumption verified: fact unreachable attacker_p1(q_id_r_r[])
ok, secrecy assumption verified: fact unreachable attacker(q_id_r_r[])
ok, secrecy assumption verified: fact unreachable attacker(q_eph_x[])
ok, secrecy assumption verified: fact unreachable attacker_p1(q_eph_y[])
ok, secrecy assumption verified: fact unreachable attacker(q_eph_y[])
ok, secrecy assumption verified: fact unreachable attacker(q_shared_secret_i[])
ok, secrecy assumption verified: fact unreachable attacker(q_shared_secret_r[])
ok, secrecy assumption verified: fact unreachable attacker_p2(q_session_keys_i[])
ok, secrecy assumption verified: fact unreachable attacker_p1(q_session_keys_i[])
ok, secrecy assumption verified: fact unreachable attacker(q_session_keys_i[])
ok, secrecy assumption verified: fact unreachable attacker_p2(q_session_keys_r[])
ok, secrecy assumption verified: fact unreachable attacker_p1(q_session_keys_r[])
ok, secrecy assumption verified: fact unreachable attacker(q_session_keys_r[])
ok, secrecy assumption verified: fact unreachable attacker_p2(q_resumption_prekeys_i[])
ok, secrecy assumption verified: fact unreachable attacker_p1(q_resumption_prekeys_i[])
ok, secrecy assumption verified: fact unreachable attacker(q_resumption_prekeys_i[])
ok, secrecy assumption verified: fact unreachable attacker_p2(q_resumption_prekeys_r[])
ok, secrecy assumption verified: fact unreachable attacker_p1(q_resumption_prekeys_r[])
ok, secrecy assumption verified: fact unreachable attacker(q_resumption_prekeys_r[])
ok, secrecy assumption verified: fact unreachable attacker_p2(q_resumption_session_keys_i[])
ok, secrecy assumption verified: fact unreachable attacker_p1(q_resumption_session_keys_i[])
ok, secrecy assumption verified: fact unreachable attacker(q_resumption_session_keys_i[])
ok, secrecy assumption verified: fact unreachable attacker_p2(q_resumption_session_keys_r[])
ok, secrecy assumption verified: fact unreachable attacker_p1(q_resumption_session_keys_r[])
ok, secrecy assumption verified: fact unreachable attacker(q_resumption_session_keys_r[])
Starting query not attacker_p2(q_shared_secret_i[])
goal reachable: attacker_p2(q_shared_secret_i[])

Derivation:
Abbreviations:
fresh_x_1 = fresh_x[!1 = @sid]
initiator_random_2 = initiator_random[!1 = @sid]
fresh_y_1 = fresh_y[msg1_1 = (mul_point(P,hash((seed_x[],fresh_x_1))),initiator_random_2),!1 = @sid_1]
responder_random_2 = responder_random_1[msg1_1 = (mul_point(P,hash((seed_x[],fresh_x_1))),initiator_random_2),!1 = @sid_1]
responder_noc_key_2 = responder_noc_key[!1 = @sid_1]
resumption_id_4 = resumption_id_1[msg1_1 = (mul_point(P,hash((seed_x[],fresh_x_1))),initiator_random_2),!1 = @sid_1]
initiator_noc_key_2 = initiator_noc_key[!1 = @sid]

1. The message (mul_point(P,hash((seed_x[],fresh_x_1))),initiator_random_2) may be sent to the attacker at output {18}.
attacker((mul_point(P,hash((seed_x[],fresh_x_1))),initiator_random_2)).

2. By 1, the attacker may know (mul_point(P,hash((seed_x[],fresh_x_1))),initiator_random_2).
Using the function 2-proj-2-tuple the attacker may obtain initiator_random_2.
attacker(initiator_random_2).

3. By 1, the attacker may know (mul_point(P,hash((seed_x[],fresh_x_1))),initiator_random_2).
Using the function 1-proj-2-tuple the attacker may obtain mul_point(P,hash((seed_x[],fresh_x_1))).
attacker(mul_point(P,hash((seed_x[],fresh_x_1)))).

4. By 3, the attacker may know mul_point(P,hash((seed_x[],fresh_x_1))).
By 2, the attacker may know initiator_random_2.
Using the function 2-tuple the attacker may obtain (mul_point(P,hash((seed_x[],fresh_x_1))),initiator_random_2).
attacker((mul_point(P,hash((seed_x[],fresh_x_1))),initiator_random_2)).

5. The message (mul_point(P,hash((seed_x[],fresh_x_1))),initiator_random_2) that the attacker may have by 4 may be received at input {59}.
So the message (responder_random_2,mul_point(P,hash((seed_y[],fresh_y_1))),aead_enc(kdf(mul_point(mul_point(P,hash((seed_y[],fresh_y_1))),hash((seed_x[],fresh_x_1))),(ipk[],responder_random_2,mul_point(P,hash((seed_y[],fresh_y_1))),hash((mul_point(P,hash((seed_x[],fresh_x_1))),initiator_random_2))),sigma2_info),(mul_point(P,responder_noc_key_2),sign(noc_signing_key[],mul_point(P,responder_noc_key_2)),sign(responder_noc_key_2,(mul_point(P,responder_noc_key_2),mul_point(P,hash((seed_y[],fresh_y_1))),mul_point(P,hash((seed_x[],fresh_x_1))))),resumption_id_4),ncase_sigma2n,nil)) may be sent to the attacker at output {72}.
attacker((responder_random_2,mul_point(P,hash((seed_y[],fresh_y_1))),aead_enc(kdf(mul_point(mul_point(P,hash((seed_y[],fresh_y_1))),hash((seed_x[],fresh_x_1))),(ipk[],responder_random_2,mul_point(P,hash((seed_y[],fresh_y_1))),hash((mul_point(P,hash((seed_x[],fresh_x_1))),initiator_random_2))),sigma2_info),(mul_point(P,responder_noc_key_2),sign(noc_signing_key[],mul_point(P,responder_noc_key_2)),sign(responder_noc_key_2,(mul_point(P,responder_noc_key_2),mul_point(P,hash((seed_y[],fresh_y_1))),mul_point(P,hash((seed_x[],fresh_x_1))))),resumption_id_4),ncase_sigma2n,nil))).

6. By 5, the attacker may know (responder_random_2,mul_point(P,hash((seed_y[],fresh_y_1))),aead_enc(kdf(mul_point(mul_point(P,hash((seed_y[],fresh_y_1))),hash((seed_x[],fresh_x_1))),(ipk[],responder_random_2,mul_point(P,hash((seed_y[],fresh_y_1))),hash((mul_point(P,hash((seed_x[],fresh_x_1))),initiator_random_2))),sigma2_info),(mul_point(P,responder_noc_key_2),sign(noc_signing_key[],mul_point(P,responder_noc_key_2)),sign(responder_noc_key_2,(mul_point(P,responder_noc_key_2),mul_point(P,hash((seed_y[],fresh_y_1))),mul_point(P,hash((seed_x[],fresh_x_1))))),resumption_id_4),ncase_sigma2n,nil)).
Using the function 3-proj-3-tuple the attacker may obtain aead_enc(kdf(mul_point(mul_point(P,hash((seed_y[],fresh_y_1))),hash((seed_x[],fresh_x_1))),(ipk[],responder_random_2,mul_point(P,hash((seed_y[],fresh_y_1))),hash((mul_point(P,hash((seed_x[],fresh_x_1))),initiator_random_2))),sigma2_info),(mul_point(P,responder_noc_key_2),sign(noc_signing_key[],mul_point(P,responder_noc_key_2)),sign(responder_noc_key_2,(mul_point(P,responder_noc_key_2),mul_point(P,hash((seed_y[],fresh_y_1))),mul_point(P,hash((seed_x[],fresh_x_1))))),resumption_id_4),ncase_sigma2n,nil).
attacker(aead_enc(kdf(mul_point(mul_point(P,hash((seed_y[],fresh_y_1))),hash((seed_x[],fresh_x_1))),(ipk[],responder_random_2,mul_point(P,hash((seed_y[],fresh_y_1))),hash((mul_point(P,hash((seed_x[],fresh_x_1))),initiator_random_2))),sigma2_info),(mul_point(P,responder_noc_key_2),sign(noc_signing_key[],mul_point(P,responder_noc_key_2)),sign(responder_noc_key_2,(mul_point(P,responder_noc_key_2),mul_point(P,hash((seed_y[],fresh_y_1))),mul_point(P,hash((seed_x[],fresh_x_1))))),resumption_id_4),ncase_sigma2n,nil)).

7. The message (mul_point(P,hash((seed_x[],fresh_x_1))),initiator_random_2) that the attacker may have by 4 may be received at input {59}.
So the message (responder_random_2,mul_point(P,hash((seed_y[],fresh_y_1))),aead_enc(kdf(mul_point(mul_point(P,hash((seed_x[],fresh_x_1))),hash((seed_y[],fresh_y_1))),(ipk[],responder_random_2,mul_point(P,hash((seed_y[],fresh_y_1))),hash((mul_point(P,hash((seed_x[],fresh_x_1))),initiator_random_2))),sigma2_info),(mul_point(P,responder_noc_key_2),sign(noc_signing_key[],mul_point(P,responder_noc_key_2)),sign(responder_noc_key_2,(mul_point(P,responder_noc_key_2),mul_point(P,hash((seed_y[],fresh_y_1))),mul_point(P,hash((seed_x[],fresh_x_1))))),resumption_id_4),ncase_sigma2n,nil)) may be sent to the attacker at output {72}.
attacker((responder_random_2,mul_point(P,hash((seed_y[],fresh_y_1))),aead_enc(kdf(mul_point(mul_point(P,hash((seed_x[],fresh_x_1))),hash((seed_y[],fresh_y_1))),(ipk[],responder_random_2,mul_point(P,hash((seed_y[],fresh_y_1))),hash((mul_point(P,hash((seed_x[],fresh_x_1))),initiator_random_2))),sigma2_info),(mul_point(P,responder_noc_key_2),sign(noc_signing_key[],mul_point(P,responder_noc_key_2)),sign(responder_noc_key_2,(mul_point(P,responder_noc_key_2),mul_point(P,hash((seed_y[],fresh_y_1))),mul_point(P,hash((seed_x[],fresh_x_1))))),resumption_id_4),ncase_sigma2n,nil))).

8. By 7, the attacker may know (responder_random_2,mul_point(P,hash((seed_y[],fresh_y_1))),aead_enc(kdf(mul_point(mul_point(P,hash((seed_x[],fresh_x_1))),hash((seed_y[],fresh_y_1))),(ipk[],responder_random_2,mul_point(P,hash((seed_y[],fresh_y_1))),hash((mul_point(P,hash((seed_x[],fresh_x_1))),initiator_random_2))),sigma2_info),(mul_point(P,responder_noc_key_2),sign(noc_signing_key[],mul_point(P,responder_noc_key_2)),sign(responder_noc_key_2,(mul_point(P,responder_noc_key_2),mul_point(P,hash((seed_y[],fresh_y_1))),mul_point(P,hash((seed_x[],fresh_x_1))))),resumption_id_4),ncase_sigma2n,nil)).
Using the function 2-proj-3-tuple the attacker may obtain mul_point(P,hash((seed_y[],fresh_y_1))).
attacker(mul_point(P,hash((seed_y[],fresh_y_1)))).

9. By 7, the attacker may know (responder_random_2,mul_point(P,hash((seed_y[],fresh_y_1))),aead_enc(kdf(mul_point(mul_point(P,hash((seed_x[],fresh_x_1))),hash((seed_y[],fresh_y_1))),(ipk[],responder_random_2,mul_point(P,hash((seed_y[],fresh_y_1))),hash((mul_point(P,hash((seed_x[],fresh_x_1))),initiator_random_2))),sigma2_info),(mul_point(P,responder_noc_key_2),sign(noc_signing_key[],mul_point(P,responder_noc_key_2)),sign(responder_noc_key_2,(mul_point(P,responder_noc_key_2),mul_point(P,hash((seed_y[],fresh_y_1))),mul_point(P,hash((seed_x[],fresh_x_1))))),resumption_id_4),ncase_sigma2n,nil)).
Using the function 1-proj-3-tuple the attacker may obtain responder_random_2.
attacker(responder_random_2).

10. By 9, the attacker may know responder_random_2.
By 8, the attacker may know mul_point(P,hash((seed_y[],fresh_y_1))).
By 6, the attacker may know aead_enc(kdf(mul_point(mul_point(P,hash((seed_y[],fresh_y_1))),hash((seed_x[],fresh_x_1))),(ipk[],responder_random_2,mul_point(P,hash((seed_y[],fresh_y_1))),hash((mul_point(P,hash((seed_x[],fresh_x_1))),initiator_random_2))),sigma2_info),(mul_point(P,responder_noc_key_2),sign(noc_signing_key[],mul_point(P,responder_noc_key_2)),sign(responder_noc_key_2,(mul_point(P,responder_noc_key_2),mul_point(P,hash((seed_y[],fresh_y_1))),mul_point(P,hash((seed_x[],fresh_x_1))))),resumption_id_4),ncase_sigma2n,nil).
Using the function 3-tuple the attacker may obtain (responder_random_2,mul_point(P,hash((seed_y[],fresh_y_1))),aead_enc(kdf(mul_point(mul_point(P,hash((seed_y[],fresh_y_1))),hash((seed_x[],fresh_x_1))),(ipk[],responder_random_2,mul_point(P,hash((seed_y[],fresh_y_1))),hash((mul_point(P,hash((seed_x[],fresh_x_1))),initiator_random_2))),sigma2_info),(mul_point(P,responder_noc_key_2),sign(noc_signing_key[],mul_point(P,responder_noc_key_2)),sign(responder_noc_key_2,(mul_point(P,responder_noc_key_2),mul_point(P,hash((seed_y[],fresh_y_1))),mul_point(P,hash((seed_x[],fresh_x_1))))),resumption_id_4),ncase_sigma2n,nil)).
attacker((responder_random_2,mul_point(P,hash((seed_y[],fresh_y_1))),aead_enc(kdf(mul_point(mul_point(P,hash((seed_y[],fresh_y_1))),hash((seed_x[],fresh_x_1))),(ipk[],responder_random_2,mul_point(P,hash((seed_y[],fresh_y_1))),hash((mul_point(P,hash((seed_x[],fresh_x_1))),initiator_random_2))),sigma2_info),(mul_point(P,responder_noc_key_2),sign(noc_signing_key[],mul_point(P,responder_noc_key_2)),sign(responder_noc_key_2,(mul_point(P,responder_noc_key_2),mul_point(P,hash((seed_y[],fresh_y_1))),mul_point(P,hash((seed_x[],fresh_x_1))))),resumption_id_4),ncase_sigma2n,nil))).

11. The message (responder_random_2,mul_point(P,hash((seed_y[],fresh_y_1))),aead_enc(kdf(mul_point(mul_point(P,hash((seed_y[],fresh_y_1))),hash((seed_x[],fresh_x_1))),(ipk[],responder_random_2,mul_point(P,hash((seed_y[],fresh_y_1))),hash((mul_point(P,hash((seed_x[],fresh_x_1))),initiator_random_2))),sigma2_info),(mul_point(P,responder_noc_key_2),sign(noc_signing_key[],mul_point(P,responder_noc_key_2)),sign(responder_noc_key_2,(mul_point(P,responder_noc_key_2),mul_point(P,hash((seed_y[],fresh_y_1))),mul_point(P,hash((seed_x[],fresh_x_1))))),resumption_id_4),ncase_sigma2n,nil)) that the attacker may have by 10 may be received at input {19}.
So the message enc(mul_point(mul_point(P,hash((seed_y[],fresh_y_1))),hash((seed_x[],fresh_x_1))),q_shared_secret_i[]) may be sent to the attacker at output {38}.
attacker(enc(mul_point(mul_point(P,hash((seed_y[],fresh_y_1))),hash((seed_x[],fresh_x_1))),q_shared_secret_i[])).

12. By 11, the attacker may know enc(mul_point(mul_point(P,hash((seed_y[],fresh_y_1))),hash((seed_x[],fresh_x_1))),q_shared_secret_i[]).
So the attacker may know enc(mul_point(mul_point(P,hash((seed_y[],fresh_y_1))),hash((seed_x[],fresh_x_1))),q_shared_secret_i[]) in phase 1.
attacker_p1(enc(mul_point(mul_point(P,hash((seed_y[],fresh_y_1))),hash((seed_x[],fresh_x_1))),q_shared_secret_i[])).

13. By 12, the attacker may know enc(mul_point(mul_point(P,hash((seed_y[],fresh_y_1))),hash((seed_x[],fresh_x_1))),q_shared_secret_i[]) in phase 1.
So the attacker may know enc(mul_point(mul_point(P,hash((seed_y[],fresh_y_1))),hash((seed_x[],fresh_x_1))),q_shared_secret_i[]) in phase 2.
attacker_p2(enc(mul_point(mul_point(P,hash((seed_y[],fresh_y_1))),hash((seed_x[],fresh_x_1))),q_shared_secret_i[])).

14. The message (responder_random_2,mul_point(P,hash((seed_y[],fresh_y_1))),aead_enc(kdf(mul_point(mul_point(P,hash((seed_x[],fresh_x_1))),hash((seed_y[],fresh_y_1))),(ipk[],responder_random_2,mul_point(P,hash((seed_y[],fresh_y_1))),hash((mul_point(P,hash((seed_x[],fresh_x_1))),initiator_random_2))),sigma2_info),(mul_point(P,responder_noc_key_2),sign(noc_signing_key[],mul_point(P,responder_noc_key_2)),sign(responder_noc_key_2,(mul_point(P,responder_noc_key_2),mul_point(P,hash((seed_y[],fresh_y_1))),mul_point(P,hash((seed_x[],fresh_x_1))))),resumption_id_4),ncase_sigma2n,nil)) that the attacker may have by 7 may be received at input {19}.
So the message aead_enc(kdf(mul_point(mul_point(P,hash((seed_x[],fresh_x_1))),hash((seed_y[],fresh_y_1))),(ipk[],hash(((mul_point(P,hash((seed_x[],fresh_x_1))),initiator_random_2),(responder_random_2,mul_point(P,hash((seed_y[],fresh_y_1))),aead_enc(kdf(mul_point(mul_point(P,hash((seed_x[],fresh_x_1))),hash((seed_y[],fresh_y_1))),(ipk[],responder_random_2,mul_point(P,hash((seed_y[],fresh_y_1))),hash((mul_point(P,hash((seed_x[],fresh_x_1))),initiator_random_2))),sigma2_info),(mul_point(P,responder_noc_key_2),sign(noc_signing_key[],mul_point(P,responder_noc_key_2)),sign(responder_noc_key_2,(mul_point(P,responder_noc_key_2),mul_point(P,hash((seed_y[],fresh_y_1))),mul_point(P,hash((seed_x[],fresh_x_1))))),resumption_id_4),ncase_sigma2n,nil))))),sigma3_info),(mul_point(P,initiator_noc_key_2),sign(noc_signing_key[],mul_point(P,initiator_noc_key_2)),sign(initiator_noc_key_2,(mul_point(P,initiator_noc_key_2),mul_point(P,hash((seed_x[],fresh_x_1))),mul_point(P,hash((seed_y[],fresh_y_1)))))),ncase_sigma3n,nil) may be sent to the attacker at output {30}.
attacker(aead_enc(kdf(mul_point(mul_point(P,hash((seed_x[],fresh_x_1))),hash((seed_y[],fresh_y_1))),(ipk[],hash(((mul_point(P,hash((seed_x[],fresh_x_1))),initiator_random_2),(responder_random_2,mul_point(P,hash((seed_y[],fresh_y_1))),aead_enc(kdf(mul_point(mul_point(P,hash((seed_x[],fresh_x_1))),hash((seed_y[],fresh_y_1))),(ipk[],responder_random_2,mul_point(P,hash((seed_y[],fresh_y_1))),hash((mul_point(P,hash((seed_x[],fresh_x_1))),initiator_random_2))),sigma2_info),(mul_point(P,responder_noc_key_2),sign(noc_signing_key[],mul_point(P,responder_noc_key_2)),sign(responder_noc_key_2,(mul_point(P,responder_noc_key_2),mul_point(P,hash((seed_y[],fresh_y_1))),mul_point(P,hash((seed_x[],fresh_x_1))))),resumption_id_4),ncase_sigma2n,nil))))),sigma3_info),(mul_point(P,initiator_noc_key_2),sign(noc_signing_key[],mul_point(P,initiator_noc_key_2)),sign(initiator_noc_key_2,(mul_point(P,initiator_noc_key_2),mul_point(P,hash((seed_x[],fresh_x_1))),mul_point(P,hash((seed_y[],fresh_y_1)))))),ncase_sigma3n,nil)).

15. The message (mul_point(P,hash((seed_x[],fresh_x_1))),initiator_random_2) that the attacker may have by 4 may be received at input {59}.
The message aead_enc(kdf(mul_point(mul_point(P,hash((seed_x[],fresh_x_1))),hash((seed_y[],fresh_y_1))),(ipk[],hash(((mul_point(P,hash((seed_x[],fresh_x_1))),initiator_random_2),(responder_random_2,mul_point(P,hash((seed_y[],fresh_y_1))),aead_enc(kdf(mul_point(mul_point(P,hash((seed_x[],fresh_x_1))),hash((seed_y[],fresh_y_1))),(ipk[],responder_random_2,mul_point(P,hash((seed_y[],fresh_y_1))),hash((mul_point(P,hash((seed_x[],fresh_x_1))),initiator_random_2))),sigma2_info),(mul_point(P,responder_noc_key_2),sign(noc_signing_key[],mul_point(P,responder_noc_key_2)),sign(responder_noc_key_2,(mul_point(P,responder_noc_key_2),mul_point(P,hash((seed_y[],fresh_y_1))),mul_point(P,hash((seed_x[],fresh_x_1))))),resumption_id_4),ncase_sigma2n,nil))))),sigma3_info),(mul_point(P,initiator_noc_key_2),sign(noc_signing_key[],mul_point(P,initiator_noc_key_2)),sign(initiator_noc_key_2,(mul_point(P,initiator_noc_key_2),mul_point(P,hash((seed_x[],fresh_x_1))),mul_point(P,hash((seed_y[],fresh_y_1)))))),ncase_sigma3n,nil) that the attacker may have by 14 may be received at input {73}.
So the message fresh_y_1 may be sent to the attacker at output {83}.
attacker(fresh_y_1).

16. By 15, the attacker may know fresh_y_1.
So the attacker may know fresh_y_1 in phase 1.
attacker_p1(fresh_y_1).

17. By 16, the attacker may know fresh_y_1 in phase 1.
So the attacker may know fresh_y_1 in phase 2.
attacker_p2(fresh_y_1).

18. The message seed_y[] may be sent to the attacker in phase 2 at output {104}.
attacker_p2(seed_y[]).

19. By 18, the attacker may know seed_y[] in phase 2.
By 17, the attacker may know fresh_y_1 in phase 2.
Using the function 2-tuple the attacker may obtain (seed_y[],fresh_y_1) in phase 2.
attacker_p2((seed_y[],fresh_y_1)).

20. By 19, the attacker may know (seed_y[],fresh_y_1) in phase 2.
Using the function hash the attacker may obtain hash((seed_y[],fresh_y_1)) in phase 2.
attacker_p2(hash((seed_y[],fresh_y_1))).

21. By 3, the attacker may know mul_point(P,hash((seed_x[],fresh_x_1))).
So the attacker may know mul_point(P,hash((seed_x[],fresh_x_1))) in phase 1.
attacker_p1(mul_point(P,hash((seed_x[],fresh_x_1)))).

22. By 21, the attacker may know mul_point(P,hash((seed_x[],fresh_x_1))) in phase 1.
So the attacker may know mul_point(P,hash((seed_x[],fresh_x_1))) in phase 2.
attacker_p2(mul_point(P,hash((seed_x[],fresh_x_1)))).

23. By 22, the attacker may know mul_point(P,hash((seed_x[],fresh_x_1))) in phase 2.
By 20, the attacker may know hash((seed_y[],fresh_y_1)) in phase 2.
Using the function mul_point the attacker may obtain mul_point(mul_point(P,hash((seed_y[],fresh_y_1))),hash((seed_x[],fresh_x_1))) in phase 2.
attacker_p2(mul_point(mul_point(P,hash((seed_y[],fresh_y_1))),hash((seed_x[],fresh_x_1)))).

24. By 23, the attacker may know mul_point(mul_point(P,hash((seed_y[],fresh_y_1))),hash((seed_x[],fresh_x_1))) in phase 2.
By 13, the attacker may know enc(mul_point(mul_point(P,hash((seed_y[],fresh_y_1))),hash((seed_x[],fresh_x_1))),q_shared_secret_i[]) in phase 2.
Using the function dec the attacker may obtain q_shared_secret_i[] in phase 2.
attacker_p2(q_shared_secret_i[]).

25. By 24, attacker_p2(q_shared_secret_i[]).
The goal is reached, represented in the following fact:
attacker_p2(q_shared_secret_i[]).


A more detailed output of the traces is available with
  set traceDisplay = long.

new ipk: key creating ipk_3 at {1}

new seed_x: bitstring creating seed_x_2 at {2}

new seed_y: bitstring creating seed_y_2 at {3}

out(c, ~M) with ~M = mul_point(P,noc_signing_key) at {5}

new responder_noc_key: key creating responder_noc_key_3 at {53} in copy a

new initiator_noc_key: key creating initiator_noc_key_3 at {7} in copy a_1

new fresh_x: bitstring creating fresh_x_2 at {13} in copy a_1

new initiator_random: bitstring creating initiator_random_3 at {15} in copy a_1

out(c, (~M_1,~M_2)) with ~M_1 = mul_point(P,hash((seed_x_2,fresh_x_2))), ~M_2 = initiator_random_3 at {18} in copy a_1

in(c, (~M_1,~M_2)) with ~M_1 = mul_point(P,hash((seed_x_2,fresh_x_2))), ~M_2 = initiator_random_3 at {59} in copy a

event start_session_with_initiator(mul_point(P,hash((seed_x_2,fresh_x_2))),initiator_random_3) at {61} in copy a

new fresh_y: bitstring creating fresh_y_2 at {62} in copy a

new responder_random_1: bitstring creating responder_random_3 at {64} in copy a

new resumption_id_1: bitstring creating resumption_id_5 at {65} in copy a

out(c, (~M_3,~M_4,~M_5)) with ~M_3 = responder_random_3, ~M_4 = mul_point(P,hash((seed_y_2,fresh_y_2))), ~M_5 = aead_enc(kdf(mul_point(mul_point(P,hash((seed_x_2,fresh_x_2))),hash((seed_y_2,fresh_y_2))),(ipk_3,responder_random_3,mul_point(P,hash((seed_y_2,fresh_y_2))),hash((mul_point(P,hash((seed_x_2,fresh_x_2))),initiator_random_3))),sigma2_info),(mul_point(P,responder_noc_key_3),sign(noc_signing_key,mul_point(P,responder_noc_key_3)),sign(responder_noc_key_3,(mul_point(P,responder_noc_key_3),mul_point(P,hash((seed_y_2,fresh_y_2))),mul_point(P,hash((seed_x_2,fresh_x_2))))),resumption_id_5),ncase_sigma2n,nil) at {72} in copy a

in(c, (~M_3,~M_4,~M_5)) with ~M_3 = responder_random_3, ~M_4 = mul_point(P,hash((seed_y_2,fresh_y_2))), ~M_5 = aead_enc(kdf(mul_point(mul_point(P,hash((seed_y_2,fresh_y_2))),hash((seed_x_2,fresh_x_2))),(ipk_3,responder_random_3,mul_point(P,hash((seed_y_2,fresh_y_2))),hash((mul_point(P,hash((seed_x_2,fresh_x_2))),initiator_random_3))),sigma2_info),(mul_point(P,responder_noc_key_3),sign(noc_signing_key,mul_point(P,responder_noc_key_3)),sign(responder_noc_key_3,(mul_point(P,responder_noc_key_3),mul_point(P,hash((seed_y_2,fresh_y_2))),mul_point(P,hash((seed_x_2,fresh_x_2))))),resumption_id_5),ncase_sigma2n,nil) at {19} in copy a_1

event start_session_with_responder(mul_point(P,hash((seed_y_2,fresh_y_2))),responder_random_3) at {21} in copy a_1

event accept_responder_identity(mul_point(P,responder_noc_key_3),mul_point(P,hash((seed_y_2,fresh_y_2))),responder_random_3) at {26} in copy a_1

out(c, ~M_6) with ~M_6 = aead_enc(kdf(mul_point(mul_point(P,hash((seed_y_2,fresh_y_2))),hash((seed_x_2,fresh_x_2))),(ipk_3,hash(((mul_point(P,hash((seed_x_2,fresh_x_2))),initiator_random_3),(responder_random_3,mul_point(P,hash((seed_y_2,fresh_y_2))),aead_enc(kdf(mul_point(mul_point(P,hash((seed_y_2,fresh_y_2))),hash((seed_x_2,fresh_x_2))),(ipk_3,responder_random_3,mul_point(P,hash((seed_y_2,fresh_y_2))),hash((mul_point(P,hash((seed_x_2,fresh_x_2))),initiator_random_3))),sigma2_info),(mul_point(P,responder_noc_key_3),sign(noc_signing_key,mul_point(P,responder_noc_key_3)),sign(responder_noc_key_3,(mul_point(P,responder_noc_key_3),mul_point(P,hash((seed_y_2,fresh_y_2))),mul_point(P,hash((seed_x_2,fresh_x_2))))),resumption_id_5),ncase_sigma2n,nil))))),sigma3_info),(mul_point(P,initiator_noc_key_3),sign(noc_signing_key,mul_point(P,initiator_noc_key_3)),sign(initiator_noc_key_3,(mul_point(P,initiator_noc_key_3),mul_point(P,hash((seed_x_2,fresh_x_2))),mul_point(P,hash((seed_y_2,fresh_y_2)))))),ncase_sigma3n,nil) at {30} in copy a_1

event initiator_end(mul_point(P,initiator_noc_key_3),mul_point(P,hash((seed_x_2,fresh_x_2))),initiator_random_3) at {33} in copy a_1

out(c, ~M_7) with ~M_7 = enc(mul_point(P,initiator_noc_key_3),q_id_i_i) at {34} in copy a_1

out(c, ~M_8) with ~M_8 = enc(mul_point(P,responder_noc_key_3),q_id_r_i) at {35} in copy a_1

out(c, ~M_9) with ~M_9 = fresh_x_2 at {36} in copy a_1

out(c, ~M_10) with ~M_10 = enc(hash((seed_x_2,fresh_x_2)),q_eph_x) at {37} in copy a_1

out(c, ~M_11) with ~M_11 = enc(mul_point(mul_point(P,hash((seed_y_2,fresh_y_2))),hash((seed_x_2,fresh_x_2))),q_shared_secret_i) at {38} in copy a_1

out(c, ~M_12) with ~M_12 = enc(kdf(mul_point(mul_point(P,hash((seed_y_2,fresh_y_2))),hash((seed_x_2,fresh_x_2))),(ipk_3,hash(((mul_point(P,hash((seed_x_2,fresh_x_2))),initiator_random_3),(responder_random_3,mul_point(P,hash((seed_y_2,fresh_y_2))),aead_enc(kdf(mul_point(mul_point(P,hash((seed_y_2,fresh_y_2))),hash((seed_x_2,fresh_x_2))),(ipk_3,responder_random_3,mul_point(P,hash((seed_y_2,fresh_y_2))),hash((mul_point(P,hash((seed_x_2,fresh_x_2))),initiator_random_3))),sigma2_info),(mul_point(P,responder_noc_key_3),sign(noc_signing_key,mul_point(P,responder_noc_key_3)),sign(responder_noc_key_3,(mul_point(P,responder_noc_key_3),mul_point(P,hash((seed_y_2,fresh_y_2))),mul_point(P,hash((seed_x_2,fresh_x_2))))),resumption_id_5),ncase_sigma2n,nil)),aead_enc(kdf(mul_point(mul_point(P,hash((seed_y_2,fresh_y_2))),hash((seed_x_2,fresh_x_2))),(ipk_3,hash(((mul_point(P,hash((seed_x_2,fresh_x_2))),initiator_random_3),(responder_random_3,mul_point(P,hash((seed_y_2,fresh_y_2))),aead_enc(kdf(mul_point(mul_point(P,hash((seed_y_2,fresh_y_2))),hash((seed_x_2,fresh_x_2))),(ipk_3,responder_random_3,mul_point(P,hash((seed_y_2,fresh_y_2))),hash((mul_point(P,hash((seed_x_2,fresh_x_2))),initiator_random_3))),sigma2_info),(mul_point(P,responder_noc_key_3),sign(noc_signing_key,mul_point(P,responder_noc_key_3)),sign(responder_noc_key_3,(mul_point(P,responder_noc_key_3),mul_point(P,hash((seed_y_2,fresh_y_2))),mul_point(P,hash((seed_x_2,fresh_x_2))))),resumption_id_5),ncase_sigma2n,nil))))),sigma3_info),(mul_point(P,initiator_noc_key_3),sign(noc_signing_key,mul_point(P,initiator_noc_key_3)),sign(initiator_noc_key_3,(mul_point(P,initiator_noc_key_3),mul_point(P,hash((seed_x_2,fresh_x_2))),mul_point(P,hash((seed_y_2,fresh_y_2)))))),ncase_sigma3n,nil)))),sekeys_info),q_session_keys_i) at {39} in copy a_1

out(c, ~M_13) with ~M_13 = enc(kdf(mul_point(mul_point(P,hash((seed_y_2,fresh_y_2))),hash((seed_x_2,fresh_x_2))),(ipk_3,hash(((mul_point(P,hash((seed_x_2,fresh_x_2))),initiator_random_3),(responder_random_3,mul_point(P,hash((seed_y_2,fresh_y_2))),aead_enc(kdf(mul_point(mul_point(P,hash((seed_y_2,fresh_y_2))),hash((seed_x_2,fresh_x_2))),(ipk_3,responder_random_3,mul_point(P,hash((seed_y_2,fresh_y_2))),hash((mul_point(P,hash((seed_x_2,fresh_x_2))),initiator_random_3))),sigma2_info),(mul_point(P,responder_noc_key_3),sign(noc_signing_key,mul_point(P,responder_noc_key_3)),sign(responder_noc_key_3,(mul_point(P,responder_noc_key_3),mul_point(P,hash((seed_y_2,fresh_y_2))),mul_point(P,hash((seed_x_2,fresh_x_2))))),resumption_id_5),ncase_sigma2n,nil)),aead_enc(kdf(mul_point(mul_point(P,hash((seed_y_2,fresh_y_2))),hash((seed_x_2,fresh_x_2))),(ipk_3,hash(((mul_point(P,hash((seed_x_2,fresh_x_2))),initiator_random_3),(responder_random_3,mul_point(P,hash((seed_y_2,fresh_y_2))),aead_enc(kdf(mul_point(mul_point(P,hash((seed_y_2,fresh_y_2))),hash((seed_x_2,fresh_x_2))),(ipk_3,responder_random_3,mul_point(P,hash((seed_y_2,fresh_y_2))),hash((mul_point(P,hash((seed_x_2,fresh_x_2))),initiator_random_3))),sigma2_info),(mul_point(P,responder_noc_key_3),sign(noc_signing_key,mul_point(P,responder_noc_key_3)),sign(responder_noc_key_3,(mul_point(P,responder_noc_key_3),mul_point(P,hash((seed_y_2,fresh_y_2))),mul_point(P,hash((seed_x_2,fresh_x_2))))),resumption_id_5),ncase_sigma2n,nil))))),sigma3_info),(mul_point(P,initiator_noc_key_3),sign(noc_signing_key,mul_point(P,initiator_noc_key_3)),sign(initiator_noc_key_3,(mul_point(P,initiator_noc_key_3),mul_point(P,hash((seed_x_2,fresh_x_2))),mul_point(P,hash((seed_y_2,fresh_y_2)))))),ncase_sigma3n,nil)))),resumption_prekey_info),q_resumption_prekeys_i) at {40} in copy a_1

new res_initiator_random: bitstring creating res_initiator_random_2 at {41} in copy a_1

out(c, (~M_14,~M_15,~M_16)) with ~M_14 = res_initiator_random_2, ~M_15 = resumption_id_5, ~M_16 = aead_enc(kdf(kdf(mul_point(mul_point(P,hash((seed_y_2,fresh_y_2))),hash((seed_x_2,fresh_x_2))),(ipk_3,hash(((mul_point(P,hash((seed_x_2,fresh_x_2))),initiator_random_3),(responder_random_3,mul_point(P,hash((seed_y_2,fresh_y_2))),aead_enc(kdf(mul_point(mul_point(P,hash((seed_y_2,fresh_y_2))),hash((seed_x_2,fresh_x_2))),(ipk_3,responder_random_3,mul_point(P,hash((seed_y_2,fresh_y_2))),hash((mul_point(P,hash((seed_x_2,fresh_x_2))),initiator_random_3))),sigma2_info),(mul_point(P,responder_noc_key_3),sign(noc_signing_key,mul_point(P,responder_noc_key_3)),sign(responder_noc_key_3,(mul_point(P,responder_noc_key_3),mul_point(P,hash((seed_y_2,fresh_y_2))),mul_point(P,hash((seed_x_2,fresh_x_2))))),resumption_id_5),ncase_sigma2n,nil)),aead_enc(kdf(mul_point(mul_point(P,hash((seed_y_2,fresh_y_2))),hash((seed_x_2,fresh_x_2))),(ipk_3,hash(((mul_point(P,hash((seed_x_2,fresh_x_2))),initiator_random_3),(responder_random_3,mul_point(P,hash((seed_y_2,fresh_y_2))),aead_enc(kdf(mul_point(mul_point(P,hash((seed_y_2,fresh_y_2))),hash((seed_x_2,fresh_x_2))),(ipk_3,responder_random_3,mul_point(P,hash((seed_y_2,fresh_y_2))),hash((mul_point(P,hash((seed_x_2,fresh_x_2))),initiator_random_3))),sigma2_info),(mul_point(P,responder_noc_key_3),sign(noc_signing_key,mul_point(P,responder_noc_key_3)),sign(responder_noc_key_3,(mul_point(P,responder_noc_key_3),mul_point(P,hash((seed_y_2,fresh_y_2))),mul_point(P,hash((seed_x_2,fresh_x_2))))),resumption_id_5),ncase_sigma2n,nil))))),sigma3_info),(mul_point(P,initiator_noc_key_3),sign(noc_signing_key,mul_point(P,initiator_noc_key_3)),sign(initiator_noc_key_3,(mul_point(P,initiator_noc_key_3),mul_point(P,hash((seed_x_2,fresh_x_2))),mul_point(P,hash((seed_y_2,fresh_y_2)))))),ncase_sigma3n,nil)))),resumption_prekey_info),(res_initiator_random_2,resumption_id_5),sigma1_resume),nil,resume1mic_nonce,nil) at {44} in copy a_1

in(c, ~M_6) with ~M_6 = aead_enc(kdf(mul_point(mul_point(P,hash((seed_x_2,fresh_x_2))),hash((seed_y_2,fresh_y_2))),(ipk_3,hash(((mul_point(P,hash((seed_x_2,fresh_x_2))),initiator_random_3),(responder_random_3,mul_point(P,hash((seed_y_2,fresh_y_2))),aead_enc(kdf(mul_point(mul_point(P,hash((seed_x_2,fresh_x_2))),hash((seed_y_2,fresh_y_2))),(ipk_3,responder_random_3,mul_point(P,hash((seed_y_2,fresh_y_2))),hash((mul_point(P,hash((seed_x_2,fresh_x_2))),initiator_random_3))),sigma2_info),(mul_point(P,responder_noc_key_3),sign(noc_signing_key,mul_point(P,responder_noc_key_3)),sign(responder_noc_key_3,(mul_point(P,responder_noc_key_3),mul_point(P,hash((seed_y_2,fresh_y_2))),mul_point(P,hash((seed_x_2,fresh_x_2))))),resumption_id_5),ncase_sigma2n,nil))))),sigma3_info),(mul_point(P,initiator_noc_key_3),sign(noc_signing_key,mul_point(P,initiator_noc_key_3)),sign(initiator_noc_key_3,(mul_point(P,initiator_noc_key_3),mul_point(P,hash((seed_x_2,fresh_x_2))),mul_point(P,hash((seed_y_2,fresh_y_2)))))),ncase_sigma3n,nil) at {73} in copy a

out(c, ~M_17) with ~M_17 = sigma_finished at {79} in copy a

event responder_end(mul_point(P,responder_noc_key_3),mul_point(P,hash((seed_y_2,fresh_y_2))),responder_random_3) at {80} in copy a

out(c, ~M_18) with ~M_18 = enc(mul_point(P,initiator_noc_key_3),q_id_i_r) at {81} in copy a

out(c, ~M_19) with ~M_19 = enc(mul_point(P,responder_noc_key_3),q_id_r_r) at {82} in copy a

out(c, ~M_20) with ~M_20 = fresh_y_2 at {83} in copy a

out(c, ~M_21) with ~M_21 = enc(hash((seed_y_2,fresh_y_2)),q_eph_y) at {84} in copy a

out(c, ~M_22) with ~M_22 = enc(mul_point(mul_point(P,hash((seed_x_2,fresh_x_2))),hash((seed_y_2,fresh_y_2))),q_shared_secret_r) at {85} in copy a

out(c, ~M_23) with ~M_23 = enc(kdf(mul_point(mul_point(P,hash((seed_x_2,fresh_x_2))),hash((seed_y_2,fresh_y_2))),(ipk_3,hash(((mul_point(P,hash((seed_x_2,fresh_x_2))),initiator_random_3),(responder_random_3,mul_point(P,hash((seed_y_2,fresh_y_2))),aead_enc(kdf(mul_point(mul_point(P,hash((seed_x_2,fresh_x_2))),hash((seed_y_2,fresh_y_2))),(ipk_3,responder_random_3,mul_point(P,hash((seed_y_2,fresh_y_2))),hash((mul_point(P,hash((seed_x_2,fresh_x_2))),initiator_random_3))),sigma2_info),(mul_point(P,responder_noc_key_3),sign(noc_signing_key,mul_point(P,responder_noc_key_3)),sign(responder_noc_key_3,(mul_point(P,responder_noc_key_3),mul_point(P,hash((seed_y_2,fresh_y_2))),mul_point(P,hash((seed_x_2,fresh_x_2))))),resumption_id_5),ncase_sigma2n,nil)),aead_enc(kdf(mul_point(mul_point(P,hash((seed_x_2,fresh_x_2))),hash((seed_y_2,fresh_y_2))),(ipk_3,hash(((mul_point(P,hash((seed_x_2,fresh_x_2))),initiator_random_3),(responder_random_3,mul_point(P,hash((seed_y_2,fresh_y_2))),aead_enc(kdf(mul_point(mul_point(P,hash((seed_x_2,fresh_x_2))),hash((seed_y_2,fresh_y_2))),(ipk_3,responder_random_3,mul_point(P,hash((seed_y_2,fresh_y_2))),hash((mul_point(P,hash((seed_x_2,fresh_x_2))),initiator_random_3))),sigma2_info),(mul_point(P,responder_noc_key_3),sign(noc_signing_key,mul_point(P,responder_noc_key_3)),sign(responder_noc_key_3,(mul_point(P,responder_noc_key_3),mul_point(P,hash((seed_y_2,fresh_y_2))),mul_point(P,hash((seed_x_2,fresh_x_2))))),resumption_id_5),ncase_sigma2n,nil))))),sigma3_info),(mul_point(P,initiator_noc_key_3),sign(noc_signing_key,mul_point(P,initiator_noc_key_3)),sign(initiator_noc_key_3,(mul_point(P,initiator_noc_key_3),mul_point(P,hash((seed_x_2,fresh_x_2))),mul_point(P,hash((seed_y_2,fresh_y_2)))))),ncase_sigma3n,nil)))),sekeys_info),q_session_keys_r) at {86} in copy a

out(c, ~M_24) with ~M_24 = enc(kdf(mul_point(mul_point(P,hash((seed_x_2,fresh_x_2))),hash((seed_y_2,fresh_y_2))),(ipk_3,hash(((mul_point(P,hash((seed_x_2,fresh_x_2))),initiator_random_3),(responder_random_3,mul_point(P,hash((seed_y_2,fresh_y_2))),aead_enc(kdf(mul_point(mul_point(P,hash((seed_x_2,fresh_x_2))),hash((seed_y_2,fresh_y_2))),(ipk_3,responder_random_3,mul_point(P,hash((seed_y_2,fresh_y_2))),hash((mul_point(P,hash((seed_x_2,fresh_x_2))),initiator_random_3))),sigma2_info),(mul_point(P,responder_noc_key_3),sign(noc_signing_key,mul_point(P,responder_noc_key_3)),sign(responder_noc_key_3,(mul_point(P,responder_noc_key_3),mul_point(P,hash((seed_y_2,fresh_y_2))),mul_point(P,hash((seed_x_2,fresh_x_2))))),resumption_id_5),ncase_sigma2n,nil)),aead_enc(kdf(mul_point(mul_point(P,hash((seed_x_2,fresh_x_2))),hash((seed_y_2,fresh_y_2))),(ipk_3,hash(((mul_point(P,hash((seed_x_2,fresh_x_2))),initiator_random_3),(responder_random_3,mul_point(P,hash((seed_y_2,fresh_y_2))),aead_enc(kdf(mul_point(mul_point(P,hash((seed_x_2,fresh_x_2))),hash((seed_y_2,fresh_y_2))),(ipk_3,responder_random_3,mul_point(P,hash((seed_y_2,fresh_y_2))),hash((mul_point(P,hash((seed_x_2,fresh_x_2))),initiator_random_3))),sigma2_info),(mul_point(P,responder_noc_key_3),sign(noc_signing_key,mul_point(P,responder_noc_key_3)),sign(responder_noc_key_3,(mul_point(P,responder_noc_key_3),mul_point(P,hash((seed_y_2,fresh_y_2))),mul_point(P,hash((seed_x_2,fresh_x_2))))),resumption_id_5),ncase_sigma2n,nil))))),sigma3_info),(mul_point(P,initiator_noc_key_3),sign(noc_signing_key,mul_point(P,initiator_noc_key_3)),sign(initiator_noc_key_3,(mul_point(P,initiator_noc_key_3),mul_point(P,hash((seed_x_2,fresh_x_2))),mul_point(P,hash((seed_y_2,fresh_y_2)))))),ncase_sigma3n,nil)))),resumption_prekey_info),q_resumption_prekeys_r) at {87} in copy a

out(c, ~M_25) with ~M_25 = seed_y_2 at {104} in copy a_2

The attacker has the message dec(mul_point(~M_1,hash((~M_25,~M_20))),~M_11) = q_shared_secret_i in phase 2.
A trace has been found.
RESULT not attacker_p2(q_shared_secret_i[]) is false.
-- Query not attacker_p2(q_shared_secret_r[]) in process 1.
Translating the process into Horn clauses...
Completing...
200 rules inserted. Base: 197 rules (103 with conclusion selected). Queue: 75 rules.
400 rules inserted. Base: 381 rules (120 with conclusion selected). Queue: 194 rules.
600 rules inserted. Base: 517 rules (120 with conclusion selected). Queue: 358 rules.
800 rules inserted. Base: 619 rules (120 with conclusion selected). Queue: 379 rules.
1000 rules inserted. Base: 695 rules (120 with conclusion selected). Queue: 466 rules.
1200 rules inserted. Base: 774 rules (126 with conclusion selected). Queue: 533 rules.
1400 rules inserted. Base: 909 rules (126 with conclusion selected). Queue: 510 rules.
1600 rules inserted. Base: 981 rules (137 with conclusion selected). Queue: 544 rules.
1800 rules inserted. Base: 1088 rules (137 with conclusion selected). Queue: 586 rules.
2000 rules inserted. Base: 1235 rules (137 with conclusion selected). Queue: 632 rules.
2200 rules inserted. Base: 1285 rules (137 with conclusion selected). Queue: 641 rules.
2400 rules inserted. Base: 1403 rules (137 with conclusion selected). Queue: 679 rules.
2600 rules inserted. Base: 1552 rules (138 with conclusion selected). Queue: 696 rules.
2800 rules inserted. Base: 1580 rules (144 with conclusion selected). Queue: 713 rules.
3000 rules inserted. Base: 1652 rules (144 with conclusion selected). Queue: 717 rules.
3200 rules inserted. Base: 1789 rules (147 with conclusion selected). Queue: 678 rules.
3400 rules inserted. Base: 1762 rules (147 with conclusion selected). Queue: 728 rules.
3600 rules inserted. Base: 1783 rules (147 with conclusion selected). Queue: 715 rules.
3800 rules inserted. Base: 1894 rules (147 with conclusion selected). Queue: 661 rules.
4000 rules inserted. Base: 1976 rules (147 with conclusion selected). Queue: 732 rules.
4200 rules inserted. Base: 2009 rules (147 with conclusion selected). Queue: 747 rules.
4400 rules inserted. Base: 2080 rules (147 with conclusion selected). Queue: 694 rules.
4600 rules inserted. Base: 2179 rules (151 with conclusion selected). Queue: 740 rules.
4800 rules inserted. Base: 2311 rules (151 with conclusion selected). Queue: 826 rules.
5000 rules inserted. Base: 2209 rules (151 with conclusion selected). Queue: 775 rules.
5200 rules inserted. Base: 2309 rules (154 with conclusion selected). Queue: 820 rules.
5400 rules inserted. Base: 2386 rules (154 with conclusion selected). Queue: 923 rules.
5600 rules inserted. Base: 2427 rules (154 with conclusion selected). Queue: 972 rules.
5800 rules inserted. Base: 2473 rules (155 with conclusion selected). Queue: 1000 rules.
6000 rules inserted. Base: 2579 rules (155 with conclusion selected). Queue: 1025 rules.
6200 rules inserted. Base: 2638 rules (156 with conclusion selected). Queue: 1102 rules.
6400 rules inserted. Base: 2705 rules (156 with conclusion selected). Queue: 1185 rules.
6600 rules inserted. Base: 2652 rules (156 with conclusion selected). Queue: 1176 rules.
6800 rules inserted. Base: 2712 rules (156 with conclusion selected). Queue: 1205 rules.
7000 rules inserted. Base: 2820 rules (156 with conclusion selected). Queue: 1229 rules.
7200 rules inserted. Base: 2888 rules (157 with conclusion selected). Queue: 1329 rules.
7400 rules inserted. Base: 2909 rules (157 with conclusion selected). Queue: 1364 rules.
7600 rules inserted. Base: 2730 rules (157 with conclusion selected). Queue: 1329 rules.
7800 rules inserted. Base: 2780 rules (157 with conclusion selected). Queue: 1339 rules.
8000 rules inserted. Base: 2821 rules (157 with conclusion selected). Queue: 1362 rules.
8200 rules inserted. Base: 2901 rules (157 with conclusion selected). Queue: 1375 rules.
8400 rules inserted. Base: 2949 rules (157 with conclusion selected). Queue: 1477 rules.
8600 rules inserted. Base: 2988 rules (157 with conclusion selected). Queue: 1471 rules.
8800 rules inserted. Base: 2971 rules (157 with conclusion selected). Queue: 1400 rules.
9000 rules inserted. Base: 3039 rules (157 with conclusion selected). Queue: 1450 rules.
9200 rules inserted. Base: 3100 rules (158 with conclusion selected). Queue: 1449 rules.
9400 rules inserted. Base: 3144 rules (158 with conclusion selected). Queue: 1430 rules.
9600 rules inserted. Base: 3200 rules (158 with conclusion selected). Queue: 1483 rules.
9800 rules inserted. Base: 3262 rules (159 with conclusion selected). Queue: 1556 rules.
10000 rules inserted. Base: 3314 rules (159 with conclusion selected). Queue: 1517 rules.
10200 rules inserted. Base: 3356 rules (159 with conclusion selected). Queue: 1504 rules.
10400 rules inserted. Base: 3424 rules (159 with conclusion selected). Queue: 1541 rules.
10600 rules inserted. Base: 3453 rules (159 with conclusion selected). Queue: 1497 rules.
10800 rules inserted. Base: 3490 rules (159 with conclusion selected). Queue: 1465 rules.
11000 rules inserted. Base: 3524 rules (159 with conclusion selected). Queue: 1469 rules.
11200 rules inserted. Base: 3575 rules (159 with conclusion selected). Queue: 1509 rules.
11400 rules inserted. Base: 3570 rules (159 with conclusion selected). Queue: 1466 rules.
11600 rules inserted. Base: 3603 rules (159 with conclusion selected). Queue: 1458 rules.
11800 rules inserted. Base: 3649 rules (159 with conclusion selected). Queue: 1480 rules.
12000 rules inserted. Base: 3699 rules (159 with conclusion selected). Queue: 1447 rules.
12200 rules inserted. Base: 3737 rules (160 with conclusion selected). Queue: 1422 rules.
12400 rules inserted. Base: 3758 rules (160 with conclusion selected). Queue: 1441 rules.
12600 rules inserted. Base: 3758 rules (160 with conclusion selected). Queue: 1431 rules.
12800 rules inserted. Base: 3706 rules (161 with conclusion selected). Queue: 1383 rules.
13000 rules inserted. Base: 3728 rules (161 with conclusion selected). Queue: 1355 rules.
13200 rules inserted. Base: 3798 rules (161 with conclusion selected). Queue: 1384 rules.
13400 rules inserted. Base: 3803 rules (161 with conclusion selected). Queue: 1348 rules.
13600 rules inserted. Base: 3799 rules (161 with conclusion selected). Queue: 1324 rules.
13800 rules inserted. Base: 3838 rules (161 with conclusion selected). Queue: 1372 rules.
14000 rules inserted. Base: 3784 rules (161 with conclusion selected). Queue: 1310 rules.
14200 rules inserted. Base: 3814 rules (161 with conclusion selected). Queue: 1280 rules.
14400 rules inserted. Base: 3856 rules (161 with conclusion selected). Queue: 1284 rules.
14600 rules inserted. Base: 3886 rules (161 with conclusion selected). Queue: 1263 rules.
14800 rules inserted. Base: 3848 rules (161 with conclusion selected). Queue: 1220 rules.
15000 rules inserted. Base: 3874 rules (161 with conclusion selected). Queue: 1220 rules.
15200 rules inserted. Base: 3915 rules (161 with conclusion selected). Queue: 1145 rules.
15400 rules inserted. Base: 3924 rules (161 with conclusion selected). Queue: 1108 rules.
15600 rules inserted. Base: 3956 rules (161 with conclusion selected). Queue: 1096 rules.
15800 rules inserted. Base: 3984 rules (161 with conclusion selected). Queue: 1077 rules.
16000 rules inserted. Base: 4019 rules (161 with conclusion selected). Queue: 1029 rules.
16200 rules inserted. Base: 4028 rules (161 with conclusion selected). Queue: 975 rules.
16400 rules inserted. Base: 4084 rules (161 with conclusion selected). Queue: 938 rules.
16600 rules inserted. Base: 4111 rules (161 with conclusion selected). Queue: 899 rules.
16800 rules inserted. Base: 4121 rules (161 with conclusion selected). Queue: 861 rules.
17000 rules inserted. Base: 4149 rules (161 with conclusion selected). Queue: 801 rules.
17200 rules inserted. Base: 4147 rules (161 with conclusion selected). Queue: 757 rules.
17400 rules inserted. Base: 4154 rules (161 with conclusion selected). Queue: 718 rules.
17600 rules inserted. Base: 4185 rules (161 with conclusion selected). Queue: 696 rules.
17800 rules inserted. Base: 4184 rules (161 with conclusion selected). Queue: 639 rules.
18000 rules inserted. Base: 4175 rules (161 with conclusion selected). Queue: 600 rules.
18200 rules inserted. Base: 4168 rules (161 with conclusion selected). Queue: 584 rules.
18400 rules inserted. Base: 4214 rules (161 with conclusion selected). Queue: 548 rules.
18600 rules inserted. Base: 4270 rules (161 with conclusion selected). Queue: 525 rules.
18800 rules inserted. Base: 4324 rules (161 with conclusion selected). Queue: 551 rules.
19000 rules inserted. Base: 4358 rules (161 with conclusion selected). Queue: 509 rules.
19200 rules inserted. Base: 4361 rules (161 with conclusion selected). Queue: 495 rules.
19400 rules inserted. Base: 4397 rules (161 with conclusion selected). Queue: 492 rules.
19600 rules inserted. Base: 4441 rules (161 with conclusion selected). Queue: 492 rules.
19800 rules inserted. Base: 4461 rules (161 with conclusion selected). Queue: 536 rules.
20000 rules inserted. Base: 4490 rules (161 with conclusion selected). Queue: 532 rules.
20200 rules inserted. Base: 4523 rules (161 with conclusion selected). Queue: 516 rules.
20400 rules inserted. Base: 4554 rules (161 with conclusion selected). Queue: 504 rules.
20600 rules inserted. Base: 4563 rules (161 with conclusion selected). Queue: 488 rules.
20800 rules inserted. Base: 4575 rules (161 with conclusion selected). Queue: 497 rules.
21000 rules inserted. Base: 4600 rules (161 with conclusion selected). Queue: 490 rules.
21200 rules inserted. Base: 4606 rules (161 with conclusion selected). Queue: 500 rules.
21400 rules inserted. Base: 4629 rules (161 with conclusion selected). Queue: 481 rules.
21600 rules inserted. Base: 4639 rules (161 with conclusion selected). Queue: 465 rules.
21800 rules inserted. Base: 4664 rules (161 with conclusion selected). Queue: 464 rules.
22000 rules inserted. Base: 4689 rules (161 with conclusion selected). Queue: 447 rules.
22200 rules inserted. Base: 4728 rules (161 with conclusion selected). Queue: 467 rules.
22400 rules inserted. Base: 4755 rules (161 with conclusion selected). Queue: 463 rules.
22600 rules inserted. Base: 4751 rules (161 with conclusion selected). Queue: 495 rules.
22800 rules inserted. Base: 4769 rules (161 with conclusion selected). Queue: 497 rules.
23000 rules inserted. Base: 4786 rules (161 with conclusion selected). Queue: 535 rules.
23200 rules inserted. Base: 4817 rules (161 with conclusion selected). Queue: 527 rules.
23400 rules inserted. Base: 4851 rules (161 with conclusion selected). Queue: 514 rules.
23600 rules inserted. Base: 4866 rules (161 with conclusion selected). Queue: 508 rules.
23800 rules inserted. Base: 4890 rules (161 with conclusion selected). Queue: 494 rules.
24000 rules inserted. Base: 4897 rules (161 with conclusion selected). Queue: 485 rules.
24200 rules inserted. Base: 4913 rules (161 with conclusion selected). Queue: 465 rules.
24400 rules inserted. Base: 4919 rules (161 with conclusion selected). Queue: 443 rules.
24600 rules inserted. Base: 4956 rules (161 with conclusion selected). Queue: 404 rules.
24800 rules inserted. Base: 4959 rules (161 with conclusion selected). Queue: 373 rules.
25000 rules inserted. Base: 4972 rules (161 with conclusion selected). Queue: 327 rules.
25200 rules inserted. Base: 5003 rules (161 with conclusion selected). Queue: 267 rules.
25400 rules inserted. Base: 5014 rules (161 with conclusion selected). Queue: 222 rules.
25600 rules inserted. Base: 4992 rules (161 with conclusion selected). Queue: 167 rules.
25800 rules inserted. Base: 5017 rules (161 with conclusion selected). Queue: 99 rules.
26000 rules inserted. Base: 5033 rules (161 with conclusion selected). Queue: 14 rules.
ok, secrecy assumption verified: fact unreachable attacker_p2(q_id_i_i[])
ok, secrecy assumption verified: fact unreachable attacker_p1(q_id_i_i[])
ok, secrecy assumption verified: fact unreachable attacker(q_id_i_i[])
ok, secrecy assumption verified: fact unreachable attacker_p2(q_id_i_r[])
ok, secrecy assumption verified: fact unreachable attacker_p1(q_id_i_r[])
ok, secrecy assumption verified: fact unreachable attacker(q_id_i_r[])
ok, secrecy assumption verified: fact unreachable attacker_p2(q_id_r_i[])
ok, secrecy assumption verified: fact unreachable attacker_p1(q_id_r_i[])
ok, secrecy assumption verified: fact unreachable attacker(q_id_r_i[])
ok, secrecy assumption verified: fact unreachable attacker_p2(q_id_r_r[])
ok, secrecy assumption verified: fact unreachable attacker_p1(q_id_r_r[])
ok, secrecy assumption verified: fact unreachable attacker(q_id_r_r[])
ok, secrecy assumption verified: fact unreachable attacker(q_eph_x[])
ok, secrecy assumption verified: fact unreachable attacker_p1(q_eph_y[])
ok, secrecy assumption verified: fact unreachable attacker(q_eph_y[])
ok, secrecy assumption verified: fact unreachable attacker(q_shared_secret_i[])
ok, secrecy assumption verified: fact unreachable attacker(q_shared_secret_r[])
ok, secrecy assumption verified: fact unreachable attacker_p2(q_session_keys_i[])
ok, secrecy assumption verified: fact unreachable attacker_p1(q_session_keys_i[])
ok, secrecy assumption verified: fact unreachable attacker(q_session_keys_i[])
ok, secrecy assumption verified: fact unreachable attacker_p2(q_session_keys_r[])
ok, secrecy assumption verified: fact unreachable attacker_p1(q_session_keys_r[])
ok, secrecy assumption verified: fact unreachable attacker(q_session_keys_r[])
ok, secrecy assumption verified: fact unreachable attacker_p2(q_resumption_prekeys_i[])
ok, secrecy assumption verified: fact unreachable attacker_p1(q_resumption_prekeys_i[])
ok, secrecy assumption verified: fact unreachable attacker(q_resumption_prekeys_i[])
ok, secrecy assumption verified: fact unreachable attacker_p2(q_resumption_prekeys_r[])
ok, secrecy assumption verified: fact unreachable attacker_p1(q_resumption_prekeys_r[])
ok, secrecy assumption verified: fact unreachable attacker(q_resumption_prekeys_r[])
ok, secrecy assumption verified: fact unreachable attacker_p2(q_resumption_session_keys_i[])
ok, secrecy assumption verified: fact unreachable attacker_p1(q_resumption_session_keys_i[])
ok, secrecy assumption verified: fact unreachable attacker(q_resumption_session_keys_i[])
ok, secrecy assumption verified: fact unreachable attacker_p2(q_resumption_session_keys_r[])
ok, secrecy assumption verified: fact unreachable attacker_p1(q_resumption_session_keys_r[])
ok, secrecy assumption verified: fact unreachable attacker(q_resumption_session_keys_r[])
Starting query not attacker_p2(q_shared_secret_r[])
goal reachable: attacker_p2(q_shared_secret_r[])

Derivation:
Abbreviations:
fresh_x_1 = fresh_x[!1 = @sid]
initiator_random_2 = initiator_random[!1 = @sid]
fresh_y_1 = fresh_y[msg1_1 = (mul_point(P,hash((seed_x[],fresh_x_1))),initiator_random_2),!1 = @sid_1]
responder_random_2 = responder_random_1[msg1_1 = (mul_point(P,hash((seed_x[],fresh_x_1))),initiator_random_2),!1 = @sid_1]
responder_noc_key_2 = responder_noc_key[!1 = @sid_1]
resumption_id_4 = resumption_id_1[msg1_1 = (mul_point(P,hash((seed_x[],fresh_x_1))),initiator_random_2),!1 = @sid_1]
initiator_noc_key_2 = initiator_noc_key[!1 = @sid]

1. The message (mul_point(P,hash((seed_x[],fresh_x_1))),initiator_random_2) may be sent to the attacker at output {18}.
attacker((mul_point(P,hash((seed_x[],fresh_x_1))),initiator_random_2)).

2. By 1, the attacker may know (mul_point(P,hash((seed_x[],fresh_x_1))),initiator_random_2).
Using the function 2-proj-2-tuple the attacker may obtain initiator_random_2.
attacker(initiator_random_2).

3. By 1, the attacker may know (mul_point(P,hash((seed_x[],fresh_x_1))),initiator_random_2).
Using the function 1-proj-2-tuple the attacker may obtain mul_point(P,hash((seed_x[],fresh_x_1))).
attacker(mul_point(P,hash((seed_x[],fresh_x_1)))).

4. By 3, the attacker may know mul_point(P,hash((seed_x[],fresh_x_1))).
By 2, the attacker may know initiator_random_2.
Using the function 2-tuple the attacker may obtain (mul_point(P,hash((seed_x[],fresh_x_1))),initiator_random_2).
attacker((mul_point(P,hash((seed_x[],fresh_x_1))),initiator_random_2)).

5. The message (mul_point(P,hash((seed_x[],fresh_x_1))),initiator_random_2) that the attacker may have by 4 may be received at input {59}.
So the message (responder_random_2,mul_point(P,hash((seed_y[],fresh_y_1))),aead_enc(kdf(mul_point(mul_point(P,hash((seed_y[],fresh_y_1))),hash((seed_x[],fresh_x_1))),(ipk[],responder_random_2,mul_point(P,hash((seed_y[],fresh_y_1))),hash((mul_point(P,hash((seed_x[],fresh_x_1))),initiator_random_2))),sigma2_info),(mul_point(P,responder_noc_key_2),sign(noc_signing_key[],mul_point(P,responder_noc_key_2)),sign(responder_noc_key_2,(mul_point(P,responder_noc_key_2),mul_point(P,hash((seed_y[],fresh_y_1))),mul_point(P,hash((seed_x[],fresh_x_1))))),resumption_id_4),ncase_sigma2n,nil)) may be sent to the attacker at output {72}.
attacker((responder_random_2,mul_point(P,hash((seed_y[],fresh_y_1))),aead_enc(kdf(mul_point(mul_point(P,hash((seed_y[],fresh_y_1))),hash((seed_x[],fresh_x_1))),(ipk[],responder_random_2,mul_point(P,hash((seed_y[],fresh_y_1))),hash((mul_point(P,hash((seed_x[],fresh_x_1))),initiator_random_2))),sigma2_info),(mul_point(P,responder_noc_key_2),sign(noc_signing_key[],mul_point(P,responder_noc_key_2)),sign(responder_noc_key_2,(mul_point(P,responder_noc_key_2),mul_point(P,hash((seed_y[],fresh_y_1))),mul_point(P,hash((seed_x[],fresh_x_1))))),resumption_id_4),ncase_sigma2n,nil))).

6. By 5, the attacker may know (responder_random_2,mul_point(P,hash((seed_y[],fresh_y_1))),aead_enc(kdf(mul_point(mul_point(P,hash((seed_y[],fresh_y_1))),hash((seed_x[],fresh_x_1))),(ipk[],responder_random_2,mul_point(P,hash((seed_y[],fresh_y_1))),hash((mul_point(P,hash((seed_x[],fresh_x_1))),initiator_random_2))),sigma2_info),(mul_point(P,responder_noc_key_2),sign(noc_signing_key[],mul_point(P,responder_noc_key_2)),sign(responder_noc_key_2,(mul_point(P,responder_noc_key_2),mul_point(P,hash((seed_y[],fresh_y_1))),mul_point(P,hash((seed_x[],fresh_x_1))))),resumption_id_4),ncase_sigma2n,nil)).
Using the function 3-proj-3-tuple the attacker may obtain aead_enc(kdf(mul_point(mul_point(P,hash((seed_y[],fresh_y_1))),hash((seed_x[],fresh_x_1))),(ipk[],responder_random_2,mul_point(P,hash((seed_y[],fresh_y_1))),hash((mul_point(P,hash((seed_x[],fresh_x_1))),initiator_random_2))),sigma2_info),(mul_point(P,responder_noc_key_2),sign(noc_signing_key[],mul_point(P,responder_noc_key_2)),sign(responder_noc_key_2,(mul_point(P,responder_noc_key_2),mul_point(P,hash((seed_y[],fresh_y_1))),mul_point(P,hash((seed_x[],fresh_x_1))))),resumption_id_4),ncase_sigma2n,nil).
attacker(aead_enc(kdf(mul_point(mul_point(P,hash((seed_y[],fresh_y_1))),hash((seed_x[],fresh_x_1))),(ipk[],responder_random_2,mul_point(P,hash((seed_y[],fresh_y_1))),hash((mul_point(P,hash((seed_x[],fresh_x_1))),initiator_random_2))),sigma2_info),(mul_point(P,responder_noc_key_2),sign(noc_signing_key[],mul_point(P,responder_noc_key_2)),sign(responder_noc_key_2,(mul_point(P,responder_noc_key_2),mul_point(P,hash((seed_y[],fresh_y_1))),mul_point(P,hash((seed_x[],fresh_x_1))))),resumption_id_4),ncase_sigma2n,nil)).

7. The message (mul_point(P,hash((seed_x[],fresh_x_1))),initiator_random_2) that the attacker may have by 4 may be received at input {59}.
So the message (responder_random_2,mul_point(P,hash((seed_y[],fresh_y_1))),aead_enc(kdf(mul_point(mul_point(P,hash((seed_x[],fresh_x_1))),hash((seed_y[],fresh_y_1))),(ipk[],responder_random_2,mul_point(P,hash((seed_y[],fresh_y_1))),hash((mul_point(P,hash((seed_x[],fresh_x_1))),initiator_random_2))),sigma2_info),(mul_point(P,responder_noc_key_2),sign(noc_signing_key[],mul_point(P,responder_noc_key_2)),sign(responder_noc_key_2,(mul_point(P,responder_noc_key_2),mul_point(P,hash((seed_y[],fresh_y_1))),mul_point(P,hash((seed_x[],fresh_x_1))))),resumption_id_4),ncase_sigma2n,nil)) may be sent to the attacker at output {72}.
attacker((responder_random_2,mul_point(P,hash((seed_y[],fresh_y_1))),aead_enc(kdf(mul_point(mul_point(P,hash((seed_x[],fresh_x_1))),hash((seed_y[],fresh_y_1))),(ipk[],responder_random_2,mul_point(P,hash((seed_y[],fresh_y_1))),hash((mul_point(P,hash((seed_x[],fresh_x_1))),initiator_random_2))),sigma2_info),(mul_point(P,responder_noc_key_2),sign(noc_signing_key[],mul_point(P,responder_noc_key_2)),sign(responder_noc_key_2,(mul_point(P,responder_noc_key_2),mul_point(P,hash((seed_y[],fresh_y_1))),mul_point(P,hash((seed_x[],fresh_x_1))))),resumption_id_4),ncase_sigma2n,nil))).

8. By 7, the attacker may know (responder_random_2,mul_point(P,hash((seed_y[],fresh_y_1))),aead_enc(kdf(mul_point(mul_point(P,hash((seed_x[],fresh_x_1))),hash((seed_y[],fresh_y_1))),(ipk[],responder_random_2,mul_point(P,hash((seed_y[],fresh_y_1))),hash((mul_point(P,hash((seed_x[],fresh_x_1))),initiator_random_2))),sigma2_info),(mul_point(P,responder_noc_key_2),sign(noc_signing_key[],mul_point(P,responder_noc_key_2)),sign(responder_noc_key_2,(mul_point(P,responder_noc_key_2),mul_point(P,hash((seed_y[],fresh_y_1))),mul_point(P,hash((seed_x[],fresh_x_1))))),resumption_id_4),ncase_sigma2n,nil)).
Using the function 2-proj-3-tuple the attacker may obtain mul_point(P,hash((seed_y[],fresh_y_1))).
attacker(mul_point(P,hash((seed_y[],fresh_y_1)))).

9. By 7, the attacker may know (responder_random_2,mul_point(P,hash((seed_y[],fresh_y_1))),aead_enc(kdf(mul_point(mul_point(P,hash((seed_x[],fresh_x_1))),hash((seed_y[],fresh_y_1))),(ipk[],responder_random_2,mul_point(P,hash((seed_y[],fresh_y_1))),hash((mul_point(P,hash((seed_x[],fresh_x_1))),initiator_random_2))),sigma2_info),(mul_point(P,responder_noc_key_2),sign(noc_signing_key[],mul_point(P,responder_noc_key_2)),sign(responder_noc_key_2,(mul_point(P,responder_noc_key_2),mul_point(P,hash((seed_y[],fresh_y_1))),mul_point(P,hash((seed_x[],fresh_x_1))))),resumption_id_4),ncase_sigma2n,nil)).
Using the function 1-proj-3-tuple the attacker may obtain responder_random_2.
attacker(responder_random_2).

10. By 9, the attacker may know responder_random_2.
By 8, the attacker may know mul_point(P,hash((seed_y[],fresh_y_1))).
By 6, the attacker may know aead_enc(kdf(mul_point(mul_point(P,hash((seed_y[],fresh_y_1))),hash((seed_x[],fresh_x_1))),(ipk[],responder_random_2,mul_point(P,hash((seed_y[],fresh_y_1))),hash((mul_point(P,hash((seed_x[],fresh_x_1))),initiator_random_2))),sigma2_info),(mul_point(P,responder_noc_key_2),sign(noc_signing_key[],mul_point(P,responder_noc_key_2)),sign(responder_noc_key_2,(mul_point(P,responder_noc_key_2),mul_point(P,hash((seed_y[],fresh_y_1))),mul_point(P,hash((seed_x[],fresh_x_1))))),resumption_id_4),ncase_sigma2n,nil).
Using the function 3-tuple the attacker may obtain (responder_random_2,mul_point(P,hash((seed_y[],fresh_y_1))),aead_enc(kdf(mul_point(mul_point(P,hash((seed_y[],fresh_y_1))),hash((seed_x[],fresh_x_1))),(ipk[],responder_random_2,mul_point(P,hash((seed_y[],fresh_y_1))),hash((mul_point(P,hash((seed_x[],fresh_x_1))),initiator_random_2))),sigma2_info),(mul_point(P,responder_noc_key_2),sign(noc_signing_key[],mul_point(P,responder_noc_key_2)),sign(responder_noc_key_2,(mul_point(P,responder_noc_key_2),mul_point(P,hash((seed_y[],fresh_y_1))),mul_point(P,hash((seed_x[],fresh_x_1))))),resumption_id_4),ncase_sigma2n,nil)).
attacker((responder_random_2,mul_point(P,hash((seed_y[],fresh_y_1))),aead_enc(kdf(mul_point(mul_point(P,hash((seed_y[],fresh_y_1))),hash((seed_x[],fresh_x_1))),(ipk[],responder_random_2,mul_point(P,hash((seed_y[],fresh_y_1))),hash((mul_point(P,hash((seed_x[],fresh_x_1))),initiator_random_2))),sigma2_info),(mul_point(P,responder_noc_key_2),sign(noc_signing_key[],mul_point(P,responder_noc_key_2)),sign(responder_noc_key_2,(mul_point(P,responder_noc_key_2),mul_point(P,hash((seed_y[],fresh_y_1))),mul_point(P,hash((seed_x[],fresh_x_1))))),resumption_id_4),ncase_sigma2n,nil))).

11. The message (responder_random_2,mul_point(P,hash((seed_y[],fresh_y_1))),aead_enc(kdf(mul_point(mul_point(P,hash((seed_y[],fresh_y_1))),hash((seed_x[],fresh_x_1))),(ipk[],responder_random_2,mul_point(P,hash((seed_y[],fresh_y_1))),hash((mul_point(P,hash((seed_x[],fresh_x_1))),initiator_random_2))),sigma2_info),(mul_point(P,responder_noc_key_2),sign(noc_signing_key[],mul_point(P,responder_noc_key_2)),sign(responder_noc_key_2,(mul_point(P,responder_noc_key_2),mul_point(P,hash((seed_y[],fresh_y_1))),mul_point(P,hash((seed_x[],fresh_x_1))))),resumption_id_4),ncase_sigma2n,nil)) that the attacker may have by 10 may be received at input {19}.
So the message aead_enc(kdf(mul_point(mul_point(P,hash((seed_y[],fresh_y_1))),hash((seed_x[],fresh_x_1))),(ipk[],hash(((mul_point(P,hash((seed_x[],fresh_x_1))),initiator_random_2),(responder_random_2,mul_point(P,hash((seed_y[],fresh_y_1))),aead_enc(kdf(mul_point(mul_point(P,hash((seed_y[],fresh_y_1))),hash((seed_x[],fresh_x_1))),(ipk[],responder_random_2,mul_point(P,hash((seed_y[],fresh_y_1))),hash((mul_point(P,hash((seed_x[],fresh_x_1))),initiator_random_2))),sigma2_info),(mul_point(P,responder_noc_key_2),sign(noc_signing_key[],mul_point(P,responder_noc_key_2)),sign(responder_noc_key_2,(mul_point(P,responder_noc_key_2),mul_point(P,hash((seed_y[],fresh_y_1))),mul_point(P,hash((seed_x[],fresh_x_1))))),resumption_id_4),ncase_sigma2n,nil))))),sigma3_info),(mul_point(P,initiator_noc_key_2),sign(noc_signing_key[],mul_point(P,initiator_noc_key_2)),sign(initiator_noc_key_2,(mul_point(P,initiator_noc_key_2),mul_point(P,hash((seed_x[],fresh_x_1))),mul_point(P,hash((seed_y[],fresh_y_1)))))),ncase_sigma3n,nil) may be sent to the attacker at output {30}.
attacker(aead_enc(kdf(mul_point(mul_point(P,hash((seed_y[],fresh_y_1))),hash((seed_x[],fresh_x_1))),(ipk[],hash(((mul_point(P,hash((seed_x[],fresh_x_1))),initiator_random_2),(responder_random_2,mul_point(P,hash((seed_y[],fresh_y_1))),aead_enc(kdf(mul_point(mul_point(P,hash((seed_y[],fresh_y_1))),hash((seed_x[],fresh_x_1))),(ipk[],responder_random_2,mul_point(P,hash((seed_y[],fresh_y_1))),hash((mul_point(P,hash((seed_x[],fresh_x_1))),initiator_random_2))),sigma2_info),(mul_point(P,responder_noc_key_2),sign(noc_signing_key[],mul_point(P,responder_noc_key_2)),sign(responder_noc_key_2,(mul_point(P,responder_noc_key_2),mul_point(P,hash((seed_y[],fresh_y_1))),mul_point(P,hash((seed_x[],fresh_x_1))))),resumption_id_4),ncase_sigma2n,nil))))),sigma3_info),(mul_point(P,initiator_noc_key_2),sign(noc_signing_key[],mul_point(P,initiator_noc_key_2)),sign(initiator_noc_key_2,(mul_point(P,initiator_noc_key_2),mul_point(P,hash((seed_x[],fresh_x_1))),mul_point(P,hash((seed_y[],fresh_y_1)))))),ncase_sigma3n,nil)).

12. The message (mul_point(P,hash((seed_x[],fresh_x_1))),initiator_random_2) that the attacker may have by 4 may be received at input {59}.
The message aead_enc(kdf(mul_point(mul_point(P,hash((seed_y[],fresh_y_1))),hash((seed_x[],fresh_x_1))),(ipk[],hash(((mul_point(P,hash((seed_x[],fresh_x_1))),initiator_random_2),(responder_random_2,mul_point(P,hash((seed_y[],fresh_y_1))),aead_enc(kdf(mul_point(mul_point(P,hash((seed_y[],fresh_y_1))),hash((seed_x[],fresh_x_1))),(ipk[],responder_random_2,mul_point(P,hash((seed_y[],fresh_y_1))),hash((mul_point(P,hash((seed_x[],fresh_x_1))),initiator_random_2))),sigma2_info),(mul_point(P,responder_noc_key_2),sign(noc_signing_key[],mul_point(P,responder_noc_key_2)),sign(responder_noc_key_2,(mul_point(P,responder_noc_key_2),mul_point(P,hash((seed_y[],fresh_y_1))),mul_point(P,hash((seed_x[],fresh_x_1))))),resumption_id_4),ncase_sigma2n,nil))))),sigma3_info),(mul_point(P,initiator_noc_key_2),sign(noc_signing_key[],mul_point(P,initiator_noc_key_2)),sign(initiator_noc_key_2,(mul_point(P,initiator_noc_key_2),mul_point(P,hash((seed_x[],fresh_x_1))),mul_point(P,hash((seed_y[],fresh_y_1)))))),ncase_sigma3n,nil) that the attacker may have by 11 may be received at input {73}.
So the message enc(mul_point(mul_point(P,hash((seed_y[],fresh_y_1))),hash((seed_x[],fresh_x_1))),q_shared_secret_r[]) may be sent to the attacker at output {85}.
attacker(enc(mul_point(mul_point(P,hash((seed_y[],fresh_y_1))),hash((seed_x[],fresh_x_1))),q_shared_secret_r[])).

13. By 12, the attacker may know enc(mul_point(mul_point(P,hash((seed_y[],fresh_y_1))),hash((seed_x[],fresh_x_1))),q_shared_secret_r[]).
So the attacker may know enc(mul_point(mul_point(P,hash((seed_y[],fresh_y_1))),hash((seed_x[],fresh_x_1))),q_shared_secret_r[]) in phase 1.
attacker_p1(enc(mul_point(mul_point(P,hash((seed_y[],fresh_y_1))),hash((seed_x[],fresh_x_1))),q_shared_secret_r[])).

14. By 13, the attacker may know enc(mul_point(mul_point(P,hash((seed_y[],fresh_y_1))),hash((seed_x[],fresh_x_1))),q_shared_secret_r[]) in phase 1.
So the attacker may know enc(mul_point(mul_point(P,hash((seed_y[],fresh_y_1))),hash((seed_x[],fresh_x_1))),q_shared_secret_r[]) in phase 2.
attacker_p2(enc(mul_point(mul_point(P,hash((seed_y[],fresh_y_1))),hash((seed_x[],fresh_x_1))),q_shared_secret_r[])).

15. The message (responder_random_2,mul_point(P,hash((seed_y[],fresh_y_1))),aead_enc(kdf(mul_point(mul_point(P,hash((seed_x[],fresh_x_1))),hash((seed_y[],fresh_y_1))),(ipk[],responder_random_2,mul_point(P,hash((seed_y[],fresh_y_1))),hash((mul_point(P,hash((seed_x[],fresh_x_1))),initiator_random_2))),sigma2_info),(mul_point(P,responder_noc_key_2),sign(noc_signing_key[],mul_point(P,responder_noc_key_2)),sign(responder_noc_key_2,(mul_point(P,responder_noc_key_2),mul_point(P,hash((seed_y[],fresh_y_1))),mul_point(P,hash((seed_x[],fresh_x_1))))),resumption_id_4),ncase_sigma2n,nil)) that the attacker may have by 7 may be received at input {19}.
So the message aead_enc(kdf(mul_point(mul_point(P,hash((seed_x[],fresh_x_1))),hash((seed_y[],fresh_y_1))),(ipk[],hash(((mul_point(P,hash((seed_x[],fresh_x_1))),initiator_random_2),(responder_random_2,mul_point(P,hash((seed_y[],fresh_y_1))),aead_enc(kdf(mul_point(mul_point(P,hash((seed_x[],fresh_x_1))),hash((seed_y[],fresh_y_1))),(ipk[],responder_random_2,mul_point(P,hash((seed_y[],fresh_y_1))),hash((mul_point(P,hash((seed_x[],fresh_x_1))),initiator_random_2))),sigma2_info),(mul_point(P,responder_noc_key_2),sign(noc_signing_key[],mul_point(P,responder_noc_key_2)),sign(responder_noc_key_2,(mul_point(P,responder_noc_key_2),mul_point(P,hash((seed_y[],fresh_y_1))),mul_point(P,hash((seed_x[],fresh_x_1))))),resumption_id_4),ncase_sigma2n,nil))))),sigma3_info),(mul_point(P,initiator_noc_key_2),sign(noc_signing_key[],mul_point(P,initiator_noc_key_2)),sign(initiator_noc_key_2,(mul_point(P,initiator_noc_key_2),mul_point(P,hash((seed_x[],fresh_x_1))),mul_point(P,hash((seed_y[],fresh_y_1)))))),ncase_sigma3n,nil) may be sent to the attacker at output {30}.
attacker(aead_enc(kdf(mul_point(mul_point(P,hash((seed_x[],fresh_x_1))),hash((seed_y[],fresh_y_1))),(ipk[],hash(((mul_point(P,hash((seed_x[],fresh_x_1))),initiator_random_2),(responder_random_2,mul_point(P,hash((seed_y[],fresh_y_1))),aead_enc(kdf(mul_point(mul_point(P,hash((seed_x[],fresh_x_1))),hash((seed_y[],fresh_y_1))),(ipk[],responder_random_2,mul_point(P,hash((seed_y[],fresh_y_1))),hash((mul_point(P,hash((seed_x[],fresh_x_1))),initiator_random_2))),sigma2_info),(mul_point(P,responder_noc_key_2),sign(noc_signing_key[],mul_point(P,responder_noc_key_2)),sign(responder_noc_key_2,(mul_point(P,responder_noc_key_2),mul_point(P,hash((seed_y[],fresh_y_1))),mul_point(P,hash((seed_x[],fresh_x_1))))),resumption_id_4),ncase_sigma2n,nil))))),sigma3_info),(mul_point(P,initiator_noc_key_2),sign(noc_signing_key[],mul_point(P,initiator_noc_key_2)),sign(initiator_noc_key_2,(mul_point(P,initiator_noc_key_2),mul_point(P,hash((seed_x[],fresh_x_1))),mul_point(P,hash((seed_y[],fresh_y_1)))))),ncase_sigma3n,nil)).

16. The message (mul_point(P,hash((seed_x[],fresh_x_1))),initiator_random_2) that the attacker may have by 4 may be received at input {59}.
The message aead_enc(kdf(mul_point(mul_point(P,hash((seed_x[],fresh_x_1))),hash((seed_y[],fresh_y_1))),(ipk[],hash(((mul_point(P,hash((seed_x[],fresh_x_1))),initiator_random_2),(responder_random_2,mul_point(P,hash((seed_y[],fresh_y_1))),aead_enc(kdf(mul_point(mul_point(P,hash((seed_x[],fresh_x_1))),hash((seed_y[],fresh_y_1))),(ipk[],responder_random_2,mul_point(P,hash((seed_y[],fresh_y_1))),hash((mul_point(P,hash((seed_x[],fresh_x_1))),initiator_random_2))),sigma2_info),(mul_point(P,responder_noc_key_2),sign(noc_signing_key[],mul_point(P,responder_noc_key_2)),sign(responder_noc_key_2,(mul_point(P,responder_noc_key_2),mul_point(P,hash((seed_y[],fresh_y_1))),mul_point(P,hash((seed_x[],fresh_x_1))))),resumption_id_4),ncase_sigma2n,nil))))),sigma3_info),(mul_point(P,initiator_noc_key_2),sign(noc_signing_key[],mul_point(P,initiator_noc_key_2)),sign(initiator_noc_key_2,(mul_point(P,initiator_noc_key_2),mul_point(P,hash((seed_x[],fresh_x_1))),mul_point(P,hash((seed_y[],fresh_y_1)))))),ncase_sigma3n,nil) that the attacker may have by 15 may be received at input {73}.
So the message fresh_y_1 may be sent to the attacker at output {83}.
attacker(fresh_y_1).

17. By 16, the attacker may know fresh_y_1.
So the attacker may know fresh_y_1 in phase 1.
attacker_p1(fresh_y_1).

18. By 17, the attacker may know fresh_y_1 in phase 1.
So the attacker may know fresh_y_1 in phase 2.
attacker_p2(fresh_y_1).

19. The message seed_y[] may be sent to the attacker in phase 2 at output {104}.
attacker_p2(seed_y[]).

20. By 19, the attacker may know seed_y[] in phase 2.
By 18, the attacker may know fresh_y_1 in phase 2.
Using the function 2-tuple the attacker may obtain (seed_y[],fresh_y_1) in phase 2.
attacker_p2((seed_y[],fresh_y_1)).

21. By 20, the attacker may know (seed_y[],fresh_y_1) in phase 2.
Using the function hash the attacker may obtain hash((seed_y[],fresh_y_1)) in phase 2.
attacker_p2(hash((seed_y[],fresh_y_1))).

22. By 3, the attacker may know mul_point(P,hash((seed_x[],fresh_x_1))).
So the attacker may know mul_point(P,hash((seed_x[],fresh_x_1))) in phase 1.
attacker_p1(mul_point(P,hash((seed_x[],fresh_x_1)))).

23. By 22, the attacker may know mul_point(P,hash((seed_x[],fresh_x_1))) in phase 1.
So the attacker may know mul_point(P,hash((seed_x[],fresh_x_1))) in phase 2.
attacker_p2(mul_point(P,hash((seed_x[],fresh_x_1)))).

24. By 23, the attacker may know mul_point(P,hash((seed_x[],fresh_x_1))) in phase 2.
By 21, the attacker may know hash((seed_y[],fresh_y_1)) in phase 2.
Using the function mul_point the attacker may obtain mul_point(mul_point(P,hash((seed_y[],fresh_y_1))),hash((seed_x[],fresh_x_1))) in phase 2.
attacker_p2(mul_point(mul_point(P,hash((seed_y[],fresh_y_1))),hash((seed_x[],fresh_x_1)))).

25. By 24, the attacker may know mul_point(mul_point(P,hash((seed_y[],fresh_y_1))),hash((seed_x[],fresh_x_1))) in phase 2.
By 14, the attacker may know enc(mul_point(mul_point(P,hash((seed_y[],fresh_y_1))),hash((seed_x[],fresh_x_1))),q_shared_secret_r[]) in phase 2.
Using the function dec the attacker may obtain q_shared_secret_r[] in phase 2.
attacker_p2(q_shared_secret_r[]).

26. By 25, attacker_p2(q_shared_secret_r[]).
The goal is reached, represented in the following fact:
attacker_p2(q_shared_secret_r[]).


A more detailed output of the traces is available with
  set traceDisplay = long.

new ipk: key creating ipk_3 at {1}

new seed_x: bitstring creating seed_x_2 at {2}

new seed_y: bitstring creating seed_y_2 at {3}

out(c, ~M) with ~M = mul_point(P,noc_signing_key) at {5}

new responder_noc_key: key creating responder_noc_key_3 at {53} in copy a

new initiator_noc_key: key creating initiator_noc_key_3 at {7} in copy a_1

new fresh_x: bitstring creating fresh_x_2 at {13} in copy a_1

new initiator_random: bitstring creating initiator_random_3 at {15} in copy a_1

out(c, (~M_1,~M_2)) with ~M_1 = mul_point(P,hash((seed_x_2,fresh_x_2))), ~M_2 = initiator_random_3 at {18} in copy a_1

in(c, (~M_1,~M_2)) with ~M_1 = mul_point(P,hash((seed_x_2,fresh_x_2))), ~M_2 = initiator_random_3 at {59} in copy a

event start_session_with_initiator(mul_point(P,hash((seed_x_2,fresh_x_2))),initiator_random_3) at {61} in copy a

new fresh_y: bitstring creating fresh_y_2 at {62} in copy a

new responder_random_1: bitstring creating responder_random_3 at {64} in copy a

new resumption_id_1: bitstring creating resumption_id_5 at {65} in copy a

out(c, (~M_3,~M_4,~M_5)) with ~M_3 = responder_random_3, ~M_4 = mul_point(P,hash((seed_y_2,fresh_y_2))), ~M_5 = aead_enc(kdf(mul_point(mul_point(P,hash((seed_x_2,fresh_x_2))),hash((seed_y_2,fresh_y_2))),(ipk_3,responder_random_3,mul_point(P,hash((seed_y_2,fresh_y_2))),hash((mul_point(P,hash((seed_x_2,fresh_x_2))),initiator_random_3))),sigma2_info),(mul_point(P,responder_noc_key_3),sign(noc_signing_key,mul_point(P,responder_noc_key_3)),sign(responder_noc_key_3,(mul_point(P,responder_noc_key_3),mul_point(P,hash((seed_y_2,fresh_y_2))),mul_point(P,hash((seed_x_2,fresh_x_2))))),resumption_id_5),ncase_sigma2n,nil) at {72} in copy a

in(c, (~M_3,~M_4,~M_5)) with ~M_3 = responder_random_3, ~M_4 = mul_point(P,hash((seed_y_2,fresh_y_2))), ~M_5 = aead_enc(kdf(mul_point(mul_point(P,hash((seed_y_2,fresh_y_2))),hash((seed_x_2,fresh_x_2))),(ipk_3,responder_random_3,mul_point(P,hash((seed_y_2,fresh_y_2))),hash((mul_point(P,hash((seed_x_2,fresh_x_2))),initiator_random_3))),sigma2_info),(mul_point(P,responder_noc_key_3),sign(noc_signing_key,mul_point(P,responder_noc_key_3)),sign(responder_noc_key_3,(mul_point(P,responder_noc_key_3),mul_point(P,hash((seed_y_2,fresh_y_2))),mul_point(P,hash((seed_x_2,fresh_x_2))))),resumption_id_5),ncase_sigma2n,nil) at {19} in copy a_1

event start_session_with_responder(mul_point(P,hash((seed_y_2,fresh_y_2))),responder_random_3) at {21} in copy a_1

event accept_responder_identity(mul_point(P,responder_noc_key_3),mul_point(P,hash((seed_y_2,fresh_y_2))),responder_random_3) at {26} in copy a_1

out(c, ~M_6) with ~M_6 = aead_enc(kdf(mul_point(mul_point(P,hash((seed_y_2,fresh_y_2))),hash((seed_x_2,fresh_x_2))),(ipk_3,hash(((mul_point(P,hash((seed_x_2,fresh_x_2))),initiator_random_3),(responder_random_3,mul_point(P,hash((seed_y_2,fresh_y_2))),aead_enc(kdf(mul_point(mul_point(P,hash((seed_y_2,fresh_y_2))),hash((seed_x_2,fresh_x_2))),(ipk_3,responder_random_3,mul_point(P,hash((seed_y_2,fresh_y_2))),hash((mul_point(P,hash((seed_x_2,fresh_x_2))),initiator_random_3))),sigma2_info),(mul_point(P,responder_noc_key_3),sign(noc_signing_key,mul_point(P,responder_noc_key_3)),sign(responder_noc_key_3,(mul_point(P,responder_noc_key_3),mul_point(P,hash((seed_y_2,fresh_y_2))),mul_point(P,hash((seed_x_2,fresh_x_2))))),resumption_id_5),ncase_sigma2n,nil))))),sigma3_info),(mul_point(P,initiator_noc_key_3),sign(noc_signing_key,mul_point(P,initiator_noc_key_3)),sign(initiator_noc_key_3,(mul_point(P,initiator_noc_key_3),mul_point(P,hash((seed_x_2,fresh_x_2))),mul_point(P,hash((seed_y_2,fresh_y_2)))))),ncase_sigma3n,nil) at {30} in copy a_1

event initiator_end(mul_point(P,initiator_noc_key_3),mul_point(P,hash((seed_x_2,fresh_x_2))),initiator_random_3) at {33} in copy a_1

out(c, ~M_7) with ~M_7 = enc(mul_point(P,initiator_noc_key_3),q_id_i_i) at {34} in copy a_1

out(c, ~M_8) with ~M_8 = enc(mul_point(P,responder_noc_key_3),q_id_r_i) at {35} in copy a_1

out(c, ~M_9) with ~M_9 = fresh_x_2 at {36} in copy a_1

out(c, ~M_10) with ~M_10 = enc(hash((seed_x_2,fresh_x_2)),q_eph_x) at {37} in copy a_1

out(c, ~M_11) with ~M_11 = enc(mul_point(mul_point(P,hash((seed_y_2,fresh_y_2))),hash((seed_x_2,fresh_x_2))),q_shared_secret_i) at {38} in copy a_1

out(c, ~M_12) with ~M_12 = enc(kdf(mul_point(mul_point(P,hash((seed_y_2,fresh_y_2))),hash((seed_x_2,fresh_x_2))),(ipk_3,hash(((mul_point(P,hash((seed_x_2,fresh_x_2))),initiator_random_3),(responder_random_3,mul_point(P,hash((seed_y_2,fresh_y_2))),aead_enc(kdf(mul_point(mul_point(P,hash((seed_y_2,fresh_y_2))),hash((seed_x_2,fresh_x_2))),(ipk_3,responder_random_3,mul_point(P,hash((seed_y_2,fresh_y_2))),hash((mul_point(P,hash((seed_x_2,fresh_x_2))),initiator_random_3))),sigma2_info),(mul_point(P,responder_noc_key_3),sign(noc_signing_key,mul_point(P,responder_noc_key_3)),sign(responder_noc_key_3,(mul_point(P,responder_noc_key_3),mul_point(P,hash((seed_y_2,fresh_y_2))),mul_point(P,hash((seed_x_2,fresh_x_2))))),resumption_id_5),ncase_sigma2n,nil)),aead_enc(kdf(mul_point(mul_point(P,hash((seed_y_2,fresh_y_2))),hash((seed_x_2,fresh_x_2))),(ipk_3,hash(((mul_point(P,hash((seed_x_2,fresh_x_2))),initiator_random_3),(responder_random_3,mul_point(P,hash((seed_y_2,fresh_y_2))),aead_enc(kdf(mul_point(mul_point(P,hash((seed_y_2,fresh_y_2))),hash((seed_x_2,fresh_x_2))),(ipk_3,responder_random_3,mul_point(P,hash((seed_y_2,fresh_y_2))),hash((mul_point(P,hash((seed_x_2,fresh_x_2))),initiator_random_3))),sigma2_info),(mul_point(P,responder_noc_key_3),sign(noc_signing_key,mul_point(P,responder_noc_key_3)),sign(responder_noc_key_3,(mul_point(P,responder_noc_key_3),mul_point(P,hash((seed_y_2,fresh_y_2))),mul_point(P,hash((seed_x_2,fresh_x_2))))),resumption_id_5),ncase_sigma2n,nil))))),sigma3_info),(mul_point(P,initiator_noc_key_3),sign(noc_signing_key,mul_point(P,initiator_noc_key_3)),sign(initiator_noc_key_3,(mul_point(P,initiator_noc_key_3),mul_point(P,hash((seed_x_2,fresh_x_2))),mul_point(P,hash((seed_y_2,fresh_y_2)))))),ncase_sigma3n,nil)))),sekeys_info),q_session_keys_i) at {39} in copy a_1

out(c, ~M_13) with ~M_13 = enc(kdf(mul_point(mul_point(P,hash((seed_y_2,fresh_y_2))),hash((seed_x_2,fresh_x_2))),(ipk_3,hash(((mul_point(P,hash((seed_x_2,fresh_x_2))),initiator_random_3),(responder_random_3,mul_point(P,hash((seed_y_2,fresh_y_2))),aead_enc(kdf(mul_point(mul_point(P,hash((seed_y_2,fresh_y_2))),hash((seed_x_2,fresh_x_2))),(ipk_3,responder_random_3,mul_point(P,hash((seed_y_2,fresh_y_2))),hash((mul_point(P,hash((seed_x_2,fresh_x_2))),initiator_random_3))),sigma2_info),(mul_point(P,responder_noc_key_3),sign(noc_signing_key,mul_point(P,responder_noc_key_3)),sign(responder_noc_key_3,(mul_point(P,responder_noc_key_3),mul_point(P,hash((seed_y_2,fresh_y_2))),mul_point(P,hash((seed_x_2,fresh_x_2))))),resumption_id_5),ncase_sigma2n,nil)),aead_enc(kdf(mul_point(mul_point(P,hash((seed_y_2,fresh_y_2))),hash((seed_x_2,fresh_x_2))),(ipk_3,hash(((mul_point(P,hash((seed_x_2,fresh_x_2))),initiator_random_3),(responder_random_3,mul_point(P,hash((seed_y_2,fresh_y_2))),aead_enc(kdf(mul_point(mul_point(P,hash((seed_y_2,fresh_y_2))),hash((seed_x_2,fresh_x_2))),(ipk_3,responder_random_3,mul_point(P,hash((seed_y_2,fresh_y_2))),hash((mul_point(P,hash((seed_x_2,fresh_x_2))),initiator_random_3))),sigma2_info),(mul_point(P,responder_noc_key_3),sign(noc_signing_key,mul_point(P,responder_noc_key_3)),sign(responder_noc_key_3,(mul_point(P,responder_noc_key_3),mul_point(P,hash((seed_y_2,fresh_y_2))),mul_point(P,hash((seed_x_2,fresh_x_2))))),resumption_id_5),ncase_sigma2n,nil))))),sigma3_info),(mul_point(P,initiator_noc_key_3),sign(noc_signing_key,mul_point(P,initiator_noc_key_3)),sign(initiator_noc_key_3,(mul_point(P,initiator_noc_key_3),mul_point(P,hash((seed_x_2,fresh_x_2))),mul_point(P,hash((seed_y_2,fresh_y_2)))))),ncase_sigma3n,nil)))),resumption_prekey_info),q_resumption_prekeys_i) at {40} in copy a_1

new res_initiator_random: bitstring creating res_initiator_random_2 at {41} in copy a_1

out(c, (~M_14,~M_15,~M_16)) with ~M_14 = res_initiator_random_2, ~M_15 = resumption_id_5, ~M_16 = aead_enc(kdf(kdf(mul_point(mul_point(P,hash((seed_y_2,fresh_y_2))),hash((seed_x_2,fresh_x_2))),(ipk_3,hash(((mul_point(P,hash((seed_x_2,fresh_x_2))),initiator_random_3),(responder_random_3,mul_point(P,hash((seed_y_2,fresh_y_2))),aead_enc(kdf(mul_point(mul_point(P,hash((seed_y_2,fresh_y_2))),hash((seed_x_2,fresh_x_2))),(ipk_3,responder_random_3,mul_point(P,hash((seed_y_2,fresh_y_2))),hash((mul_point(P,hash((seed_x_2,fresh_x_2))),initiator_random_3))),sigma2_info),(mul_point(P,responder_noc_key_3),sign(noc_signing_key,mul_point(P,responder_noc_key_3)),sign(responder_noc_key_3,(mul_point(P,responder_noc_key_3),mul_point(P,hash((seed_y_2,fresh_y_2))),mul_point(P,hash((seed_x_2,fresh_x_2))))),resumption_id_5),ncase_sigma2n,nil)),aead_enc(kdf(mul_point(mul_point(P,hash((seed_y_2,fresh_y_2))),hash((seed_x_2,fresh_x_2))),(ipk_3,hash(((mul_point(P,hash((seed_x_2,fresh_x_2))),initiator_random_3),(responder_random_3,mul_point(P,hash((seed_y_2,fresh_y_2))),aead_enc(kdf(mul_point(mul_point(P,hash((seed_y_2,fresh_y_2))),hash((seed_x_2,fresh_x_2))),(ipk_3,responder_random_3,mul_point(P,hash((seed_y_2,fresh_y_2))),hash((mul_point(P,hash((seed_x_2,fresh_x_2))),initiator_random_3))),sigma2_info),(mul_point(P,responder_noc_key_3),sign(noc_signing_key,mul_point(P,responder_noc_key_3)),sign(responder_noc_key_3,(mul_point(P,responder_noc_key_3),mul_point(P,hash((seed_y_2,fresh_y_2))),mul_point(P,hash((seed_x_2,fresh_x_2))))),resumption_id_5),ncase_sigma2n,nil))))),sigma3_info),(mul_point(P,initiator_noc_key_3),sign(noc_signing_key,mul_point(P,initiator_noc_key_3)),sign(initiator_noc_key_3,(mul_point(P,initiator_noc_key_3),mul_point(P,hash((seed_x_2,fresh_x_2))),mul_point(P,hash((seed_y_2,fresh_y_2)))))),ncase_sigma3n,nil)))),resumption_prekey_info),(res_initiator_random_2,resumption_id_5),sigma1_resume),nil,resume1mic_nonce,nil) at {44} in copy a_1

in(c, ~M_6) with ~M_6 = aead_enc(kdf(mul_point(mul_point(P,hash((seed_y_2,fresh_y_2))),hash((seed_x_2,fresh_x_2))),(ipk_3,hash(((mul_point(P,hash((seed_x_2,fresh_x_2))),initiator_random_3),(responder_random_3,mul_point(P,hash((seed_y_2,fresh_y_2))),aead_enc(kdf(mul_point(mul_point(P,hash((seed_y_2,fresh_y_2))),hash((seed_x_2,fresh_x_2))),(ipk_3,responder_random_3,mul_point(P,hash((seed_y_2,fresh_y_2))),hash((mul_point(P,hash((seed_x_2,fresh_x_2))),initiator_random_3))),sigma2_info),(mul_point(P,responder_noc_key_3),sign(noc_signing_key,mul_point(P,responder_noc_key_3)),sign(responder_noc_key_3,(mul_point(P,responder_noc_key_3),mul_point(P,hash((seed_y_2,fresh_y_2))),mul_point(P,hash((seed_x_2,fresh_x_2))))),resumption_id_5),ncase_sigma2n,nil))))),sigma3_info),(mul_point(P,initiator_noc_key_3),sign(noc_signing_key,mul_point(P,initiator_noc_key_3)),sign(initiator_noc_key_3,(mul_point(P,initiator_noc_key_3),mul_point(P,hash((seed_x_2,fresh_x_2))),mul_point(P,hash((seed_y_2,fresh_y_2)))))),ncase_sigma3n,nil) at {73} in copy a

out(c, ~M_17) with ~M_17 = sigma_finished at {79} in copy a

event responder_end(mul_point(P,responder_noc_key_3),mul_point(P,hash((seed_y_2,fresh_y_2))),responder_random_3) at {80} in copy a

out(c, ~M_18) with ~M_18 = enc(mul_point(P,initiator_noc_key_3),q_id_i_r) at {81} in copy a

out(c, ~M_19) with ~M_19 = enc(mul_point(P,responder_noc_key_3),q_id_r_r) at {82} in copy a

out(c, ~M_20) with ~M_20 = fresh_y_2 at {83} in copy a

out(c, ~M_21) with ~M_21 = enc(hash((seed_y_2,fresh_y_2)),q_eph_y) at {84} in copy a

out(c, ~M_22) with ~M_22 = enc(mul_point(mul_point(P,hash((seed_x_2,fresh_x_2))),hash((seed_y_2,fresh_y_2))),q_shared_secret_r) at {85} in copy a

out(c, ~M_23) with ~M_23 = enc(kdf(mul_point(mul_point(P,hash((seed_x_2,fresh_x_2))),hash((seed_y_2,fresh_y_2))),(ipk_3,hash(((mul_point(P,hash((seed_x_2,fresh_x_2))),initiator_random_3),(responder_random_3,mul_point(P,hash((seed_y_2,fresh_y_2))),aead_enc(kdf(mul_point(mul_point(P,hash((seed_x_2,fresh_x_2))),hash((seed_y_2,fresh_y_2))),(ipk_3,responder_random_3,mul_point(P,hash((seed_y_2,fresh_y_2))),hash((mul_point(P,hash((seed_x_2,fresh_x_2))),initiator_random_3))),sigma2_info),(mul_point(P,responder_noc_key_3),sign(noc_signing_key,mul_point(P,responder_noc_key_3)),sign(responder_noc_key_3,(mul_point(P,responder_noc_key_3),mul_point(P,hash((seed_y_2,fresh_y_2))),mul_point(P,hash((seed_x_2,fresh_x_2))))),resumption_id_5),ncase_sigma2n,nil)),aead_enc(kdf(mul_point(mul_point(P,hash((seed_y_2,fresh_y_2))),hash((seed_x_2,fresh_x_2))),(ipk_3,hash(((mul_point(P,hash((seed_x_2,fresh_x_2))),initiator_random_3),(responder_random_3,mul_point(P,hash((seed_y_2,fresh_y_2))),aead_enc(kdf(mul_point(mul_point(P,hash((seed_y_2,fresh_y_2))),hash((seed_x_2,fresh_x_2))),(ipk_3,responder_random_3,mul_point(P,hash((seed_y_2,fresh_y_2))),hash((mul_point(P,hash((seed_x_2,fresh_x_2))),initiator_random_3))),sigma2_info),(mul_point(P,responder_noc_key_3),sign(noc_signing_key,mul_point(P,responder_noc_key_3)),sign(responder_noc_key_3,(mul_point(P,responder_noc_key_3),mul_point(P,hash((seed_y_2,fresh_y_2))),mul_point(P,hash((seed_x_2,fresh_x_2))))),resumption_id_5),ncase_sigma2n,nil))))),sigma3_info),(mul_point(P,initiator_noc_key_3),sign(noc_signing_key,mul_point(P,initiator_noc_key_3)),sign(initiator_noc_key_3,(mul_point(P,initiator_noc_key_3),mul_point(P,hash((seed_x_2,fresh_x_2))),mul_point(P,hash((seed_y_2,fresh_y_2)))))),ncase_sigma3n,nil)))),sekeys_info),q_session_keys_r) at {86} in copy a

out(c, ~M_24) with ~M_24 = enc(kdf(mul_point(mul_point(P,hash((seed_x_2,fresh_x_2))),hash((seed_y_2,fresh_y_2))),(ipk_3,hash(((mul_point(P,hash((seed_x_2,fresh_x_2))),initiator_random_3),(responder_random_3,mul_point(P,hash((seed_y_2,fresh_y_2))),aead_enc(kdf(mul_point(mul_point(P,hash((seed_x_2,fresh_x_2))),hash((seed_y_2,fresh_y_2))),(ipk_3,responder_random_3,mul_point(P,hash((seed_y_2,fresh_y_2))),hash((mul_point(P,hash((seed_x_2,fresh_x_2))),initiator_random_3))),sigma2_info),(mul_point(P,responder_noc_key_3),sign(noc_signing_key,mul_point(P,responder_noc_key_3)),sign(responder_noc_key_3,(mul_point(P,responder_noc_key_3),mul_point(P,hash((seed_y_2,fresh_y_2))),mul_point(P,hash((seed_x_2,fresh_x_2))))),resumption_id_5),ncase_sigma2n,nil)),aead_enc(kdf(mul_point(mul_point(P,hash((seed_y_2,fresh_y_2))),hash((seed_x_2,fresh_x_2))),(ipk_3,hash(((mul_point(P,hash((seed_x_2,fresh_x_2))),initiator_random_3),(responder_random_3,mul_point(P,hash((seed_y_2,fresh_y_2))),aead_enc(kdf(mul_point(mul_point(P,hash((seed_y_2,fresh_y_2))),hash((seed_x_2,fresh_x_2))),(ipk_3,responder_random_3,mul_point(P,hash((seed_y_2,fresh_y_2))),hash((mul_point(P,hash((seed_x_2,fresh_x_2))),initiator_random_3))),sigma2_info),(mul_point(P,responder_noc_key_3),sign(noc_signing_key,mul_point(P,responder_noc_key_3)),sign(responder_noc_key_3,(mul_point(P,responder_noc_key_3),mul_point(P,hash((seed_y_2,fresh_y_2))),mul_point(P,hash((seed_x_2,fresh_x_2))))),resumption_id_5),ncase_sigma2n,nil))))),sigma3_info),(mul_point(P,initiator_noc_key_3),sign(noc_signing_key,mul_point(P,initiator_noc_key_3)),sign(initiator_noc_key_3,(mul_point(P,initiator_noc_key_3),mul_point(P,hash((seed_x_2,fresh_x_2))),mul_point(P,hash((seed_y_2,fresh_y_2)))))),ncase_sigma3n,nil)))),resumption_prekey_info),q_resumption_prekeys_r) at {87} in copy a

out(c, ~M_25) with ~M_25 = seed_y_2 at {104} in copy a_2

The attacker has the message dec(mul_point(~M_1,hash((~M_25,~M_20))),~M_22) = q_shared_secret_r in phase 2.
A trace has been found.
RESULT not attacker_p2(q_shared_secret_r[]) is false.
-- Query not attacker_p2(q_session_keys_i[]) in process 1.
Translating the process into Horn clauses...
Completing...
200 rules inserted. Base: 197 rules (103 with conclusion selected). Queue: 75 rules.
400 rules inserted. Base: 381 rules (120 with conclusion selected). Queue: 194 rules.
600 rules inserted. Base: 517 rules (120 with conclusion selected). Queue: 358 rules.
800 rules inserted. Base: 619 rules (120 with conclusion selected). Queue: 379 rules.
1000 rules inserted. Base: 695 rules (120 with conclusion selected). Queue: 466 rules.
1200 rules inserted. Base: 774 rules (126 with conclusion selected). Queue: 533 rules.
1400 rules inserted. Base: 909 rules (126 with conclusion selected). Queue: 510 rules.
1600 rules inserted. Base: 981 rules (137 with conclusion selected). Queue: 544 rules.
1800 rules inserted. Base: 1088 rules (137 with conclusion selected). Queue: 586 rules.
2000 rules inserted. Base: 1235 rules (137 with conclusion selected). Queue: 632 rules.
2200 rules inserted. Base: 1285 rules (137 with conclusion selected). Queue: 641 rules.
2400 rules inserted. Base: 1403 rules (137 with conclusion selected). Queue: 679 rules.
2600 rules inserted. Base: 1552 rules (138 with conclusion selected). Queue: 696 rules.
2800 rules inserted. Base: 1580 rules (144 with conclusion selected). Queue: 713 rules.
3000 rules inserted. Base: 1652 rules (144 with conclusion selected). Queue: 717 rules.
3200 rules inserted. Base: 1789 rules (147 with conclusion selected). Queue: 678 rules.
3400 rules inserted. Base: 1762 rules (147 with conclusion selected). Queue: 728 rules.
3600 rules inserted. Base: 1783 rules (147 with conclusion selected). Queue: 715 rules.
3800 rules inserted. Base: 1894 rules (147 with conclusion selected). Queue: 661 rules.
4000 rules inserted. Base: 1976 rules (147 with conclusion selected). Queue: 732 rules.
4200 rules inserted. Base: 2009 rules (147 with conclusion selected). Queue: 747 rules.
4400 rules inserted. Base: 2080 rules (147 with conclusion selected). Queue: 694 rules.
4600 rules inserted. Base: 2179 rules (151 with conclusion selected). Queue: 740 rules.
4800 rules inserted. Base: 2311 rules (151 with conclusion selected). Queue: 826 rules.
5000 rules inserted. Base: 2209 rules (151 with conclusion selected). Queue: 775 rules.
5200 rules inserted. Base: 2309 rules (154 with conclusion selected). Queue: 820 rules.
5400 rules inserted. Base: 2386 rules (154 with conclusion selected). Queue: 923 rules.
5600 rules inserted. Base: 2427 rules (154 with conclusion selected). Queue: 972 rules.
5800 rules inserted. Base: 2473 rules (155 with conclusion selected). Queue: 1000 rules.
6000 rules inserted. Base: 2579 rules (155 with conclusion selected). Queue: 1025 rules.
6200 rules inserted. Base: 2638 rules (156 with conclusion selected). Queue: 1102 rules.
6400 rules inserted. Base: 2705 rules (156 with conclusion selected). Queue: 1185 rules.
6600 rules inserted. Base: 2652 rules (156 with conclusion selected). Queue: 1176 rules.
6800 rules inserted. Base: 2712 rules (156 with conclusion selected). Queue: 1205 rules.
7000 rules inserted. Base: 2820 rules (156 with conclusion selected). Queue: 1229 rules.
7200 rules inserted. Base: 2888 rules (157 with conclusion selected). Queue: 1329 rules.
7400 rules inserted. Base: 2909 rules (157 with conclusion selected). Queue: 1364 rules.
7600 rules inserted. Base: 2730 rules (157 with conclusion selected). Queue: 1329 rules.
7800 rules inserted. Base: 2780 rules (157 with conclusion selected). Queue: 1339 rules.
8000 rules inserted. Base: 2821 rules (157 with conclusion selected). Queue: 1362 rules.
8200 rules inserted. Base: 2901 rules (157 with conclusion selected). Queue: 1375 rules.
8400 rules inserted. Base: 2949 rules (157 with conclusion selected). Queue: 1477 rules.
8600 rules inserted. Base: 2988 rules (157 with conclusion selected). Queue: 1471 rules.
8800 rules inserted. Base: 2971 rules (157 with conclusion selected). Queue: 1400 rules.
9000 rules inserted. Base: 3039 rules (157 with conclusion selected). Queue: 1450 rules.
9200 rules inserted. Base: 3100 rules (158 with conclusion selected). Queue: 1449 rules.
9400 rules inserted. Base: 3144 rules (158 with conclusion selected). Queue: 1430 rules.
9600 rules inserted. Base: 3200 rules (158 with conclusion selected). Queue: 1483 rules.
9800 rules inserted. Base: 3262 rules (159 with conclusion selected). Queue: 1556 rules.
10000 rules inserted. Base: 3314 rules (159 with conclusion selected). Queue: 1517 rules.
10200 rules inserted. Base: 3356 rules (159 with conclusion selected). Queue: 1504 rules.
10400 rules inserted. Base: 3424 rules (159 with conclusion selected). Queue: 1541 rules.
10600 rules inserted. Base: 3453 rules (159 with conclusion selected). Queue: 1497 rules.
10800 rules inserted. Base: 3490 rules (159 with conclusion selected). Queue: 1465 rules.
11000 rules inserted. Base: 3524 rules (159 with conclusion selected). Queue: 1469 rules.
11200 rules inserted. Base: 3575 rules (159 with conclusion selected). Queue: 1509 rules.
11400 rules inserted. Base: 3570 rules (159 with conclusion selected). Queue: 1466 rules.
11600 rules inserted. Base: 3603 rules (159 with conclusion selected). Queue: 1458 rules.
11800 rules inserted. Base: 3649 rules (159 with conclusion selected). Queue: 1480 rules.
12000 rules inserted. Base: 3699 rules (159 with conclusion selected). Queue: 1447 rules.
12200 rules inserted. Base: 3737 rules (160 with conclusion selected). Queue: 1422 rules.
12400 rules inserted. Base: 3758 rules (160 with conclusion selected). Queue: 1441 rules.
12600 rules inserted. Base: 3758 rules (160 with conclusion selected). Queue: 1431 rules.
12800 rules inserted. Base: 3706 rules (161 with conclusion selected). Queue: 1383 rules.
13000 rules inserted. Base: 3728 rules (161 with conclusion selected). Queue: 1355 rules.
13200 rules inserted. Base: 3798 rules (161 with conclusion selected). Queue: 1384 rules.
13400 rules inserted. Base: 3803 rules (161 with conclusion selected). Queue: 1348 rules.
13600 rules inserted. Base: 3799 rules (161 with conclusion selected). Queue: 1324 rules.
13800 rules inserted. Base: 3838 rules (161 with conclusion selected). Queue: 1372 rules.
14000 rules inserted. Base: 3784 rules (161 with conclusion selected). Queue: 1310 rules.
14200 rules inserted. Base: 3814 rules (161 with conclusion selected). Queue: 1280 rules.
14400 rules inserted. Base: 3856 rules (161 with conclusion selected). Queue: 1284 rules.
14600 rules inserted. Base: 3886 rules (161 with conclusion selected). Queue: 1263 rules.
14800 rules inserted. Base: 3848 rules (161 with conclusion selected). Queue: 1220 rules.
15000 rules inserted. Base: 3874 rules (161 with conclusion selected). Queue: 1220 rules.
15200 rules inserted. Base: 3915 rules (161 with conclusion selected). Queue: 1145 rules.
15400 rules inserted. Base: 3924 rules (161 with conclusion selected). Queue: 1108 rules.
15600 rules inserted. Base: 3956 rules (161 with conclusion selected). Queue: 1096 rules.
15800 rules inserted. Base: 3984 rules (161 with conclusion selected). Queue: 1077 rules.
16000 rules inserted. Base: 4019 rules (161 with conclusion selected). Queue: 1029 rules.
16200 rules inserted. Base: 4028 rules (161 with conclusion selected). Queue: 975 rules.
16400 rules inserted. Base: 4084 rules (161 with conclusion selected). Queue: 938 rules.
16600 rules inserted. Base: 4111 rules (161 with conclusion selected). Queue: 899 rules.
16800 rules inserted. Base: 4121 rules (161 with conclusion selected). Queue: 861 rules.
17000 rules inserted. Base: 4149 rules (161 with conclusion selected). Queue: 801 rules.
17200 rules inserted. Base: 4147 rules (161 with conclusion selected). Queue: 757 rules.
17400 rules inserted. Base: 4154 rules (161 with conclusion selected). Queue: 718 rules.
17600 rules inserted. Base: 4185 rules (161 with conclusion selected). Queue: 696 rules.
17800 rules inserted. Base: 4184 rules (161 with conclusion selected). Queue: 639 rules.
18000 rules inserted. Base: 4175 rules (161 with conclusion selected). Queue: 600 rules.
18200 rules inserted. Base: 4168 rules (161 with conclusion selected). Queue: 584 rules.
18400 rules inserted. Base: 4214 rules (161 with conclusion selected). Queue: 548 rules.
18600 rules inserted. Base: 4270 rules (161 with conclusion selected). Queue: 525 rules.
18800 rules inserted. Base: 4324 rules (161 with conclusion selected). Queue: 551 rules.
19000 rules inserted. Base: 4358 rules (161 with conclusion selected). Queue: 509 rules.
19200 rules inserted. Base: 4361 rules (161 with conclusion selected). Queue: 495 rules.
19400 rules inserted. Base: 4397 rules (161 with conclusion selected). Queue: 492 rules.
19600 rules inserted. Base: 4441 rules (161 with conclusion selected). Queue: 492 rules.
19800 rules inserted. Base: 4461 rules (161 with conclusion selected). Queue: 536 rules.
20000 rules inserted. Base: 4490 rules (161 with conclusion selected). Queue: 532 rules.
20200 rules inserted. Base: 4523 rules (161 with conclusion selected). Queue: 516 rules.
20400 rules inserted. Base: 4554 rules (161 with conclusion selected). Queue: 504 rules.
20600 rules inserted. Base: 4563 rules (161 with conclusion selected). Queue: 488 rules.
20800 rules inserted. Base: 4575 rules (161 with conclusion selected). Queue: 497 rules.
21000 rules inserted. Base: 4600 rules (161 with conclusion selected). Queue: 490 rules.
21200 rules inserted. Base: 4606 rules (161 with conclusion selected). Queue: 500 rules.
21400 rules inserted. Base: 4629 rules (161 with conclusion selected). Queue: 481 rules.
21600 rules inserted. Base: 4639 rules (161 with conclusion selected). Queue: 465 rules.
21800 rules inserted. Base: 4664 rules (161 with conclusion selected). Queue: 464 rules.
22000 rules inserted. Base: 4689 rules (161 with conclusion selected). Queue: 447 rules.
22200 rules inserted. Base: 4728 rules (161 with conclusion selected). Queue: 467 rules.
22400 rules inserted. Base: 4755 rules (161 with conclusion selected). Queue: 463 rules.
22600 rules inserted. Base: 4751 rules (161 with conclusion selected). Queue: 495 rules.
22800 rules inserted. Base: 4769 rules (161 with conclusion selected). Queue: 497 rules.
23000 rules inserted. Base: 4786 rules (161 with conclusion selected). Queue: 535 rules.
23200 rules inserted. Base: 4817 rules (161 with conclusion selected). Queue: 527 rules.
23400 rules inserted. Base: 4851 rules (161 with conclusion selected). Queue: 514 rules.
23600 rules inserted. Base: 4866 rules (161 with conclusion selected). Queue: 508 rules.
23800 rules inserted. Base: 4890 rules (161 with conclusion selected). Queue: 494 rules.
24000 rules inserted. Base: 4897 rules (161 with conclusion selected). Queue: 485 rules.
24200 rules inserted. Base: 4913 rules (161 with conclusion selected). Queue: 465 rules.
24400 rules inserted. Base: 4919 rules (161 with conclusion selected). Queue: 443 rules.
24600 rules inserted. Base: 4956 rules (161 with conclusion selected). Queue: 404 rules.
24800 rules inserted. Base: 4959 rules (161 with conclusion selected). Queue: 373 rules.
25000 rules inserted. Base: 4972 rules (161 with conclusion selected). Queue: 327 rules.
25200 rules inserted. Base: 5003 rules (161 with conclusion selected). Queue: 267 rules.
25400 rules inserted. Base: 5014 rules (161 with conclusion selected). Queue: 222 rules.
25600 rules inserted. Base: 4992 rules (161 with conclusion selected). Queue: 167 rules.
25800 rules inserted. Base: 5017 rules (161 with conclusion selected). Queue: 99 rules.
26000 rules inserted. Base: 5033 rules (161 with conclusion selected). Queue: 14 rules.
ok, secrecy assumption verified: fact unreachable attacker_p2(q_id_i_i[])
ok, secrecy assumption verified: fact unreachable attacker_p1(q_id_i_i[])
ok, secrecy assumption verified: fact unreachable attacker(q_id_i_i[])
ok, secrecy assumption verified: fact unreachable attacker_p2(q_id_i_r[])
ok, secrecy assumption verified: fact unreachable attacker_p1(q_id_i_r[])
ok, secrecy assumption verified: fact unreachable attacker(q_id_i_r[])
ok, secrecy assumption verified: fact unreachable attacker_p2(q_id_r_i[])
ok, secrecy assumption verified: fact unreachable attacker_p1(q_id_r_i[])
ok, secrecy assumption verified: fact unreachable attacker(q_id_r_i[])
ok, secrecy assumption verified: fact unreachable attacker_p2(q_id_r_r[])
ok, secrecy assumption verified: fact unreachable attacker_p1(q_id_r_r[])
ok, secrecy assumption verified: fact unreachable attacker(q_id_r_r[])
ok, secrecy assumption verified: fact unreachable attacker(q_eph_x[])
ok, secrecy assumption verified: fact unreachable attacker_p1(q_eph_y[])
ok, secrecy assumption verified: fact unreachable attacker(q_eph_y[])
ok, secrecy assumption verified: fact unreachable attacker(q_shared_secret_i[])
ok, secrecy assumption verified: fact unreachable attacker(q_shared_secret_r[])
ok, secrecy assumption verified: fact unreachable attacker_p2(q_session_keys_i[])
ok, secrecy assumption verified: fact unreachable attacker_p1(q_session_keys_i[])
ok, secrecy assumption verified: fact unreachable attacker(q_session_keys_i[])
ok, secrecy assumption verified: fact unreachable attacker_p2(q_session_keys_r[])
ok, secrecy assumption verified: fact unreachable attacker_p1(q_session_keys_r[])
ok, secrecy assumption verified: fact unreachable attacker(q_session_keys_r[])
ok, secrecy assumption verified: fact unreachable attacker_p2(q_resumption_prekeys_i[])
ok, secrecy assumption verified: fact unreachable attacker_p1(q_resumption_prekeys_i[])
ok, secrecy assumption verified: fact unreachable attacker(q_resumption_prekeys_i[])
ok, secrecy assumption verified: fact unreachable attacker_p2(q_resumption_prekeys_r[])
ok, secrecy assumption verified: fact unreachable attacker_p1(q_resumption_prekeys_r[])
ok, secrecy assumption verified: fact unreachable attacker(q_resumption_prekeys_r[])
ok, secrecy assumption verified: fact unreachable attacker_p2(q_resumption_session_keys_i[])
ok, secrecy assumption verified: fact unreachable attacker_p1(q_resumption_session_keys_i[])
ok, secrecy assumption verified: fact unreachable attacker(q_resumption_session_keys_i[])
ok, secrecy assumption verified: fact unreachable attacker_p2(q_resumption_session_keys_r[])
ok, secrecy assumption verified: fact unreachable attacker_p1(q_resumption_session_keys_r[])
ok, secrecy assumption verified: fact unreachable attacker(q_resumption_session_keys_r[])
Starting query not attacker_p2(q_session_keys_i[])
RESULT not attacker_p2(q_session_keys_i[]) is true.
-- Query not attacker_p2(q_session_keys_r[]) in process 1.
Translating the process into Horn clauses...
Completing...
200 rules inserted. Base: 197 rules (103 with conclusion selected). Queue: 75 rules.
400 rules inserted. Base: 381 rules (120 with conclusion selected). Queue: 194 rules.
600 rules inserted. Base: 517 rules (120 with conclusion selected). Queue: 358 rules.
800 rules inserted. Base: 619 rules (120 with conclusion selected). Queue: 379 rules.
1000 rules inserted. Base: 695 rules (120 with conclusion selected). Queue: 466 rules.
1200 rules inserted. Base: 774 rules (126 with conclusion selected). Queue: 533 rules.
1400 rules inserted. Base: 909 rules (126 with conclusion selected). Queue: 510 rules.
1600 rules inserted. Base: 981 rules (137 with conclusion selected). Queue: 544 rules.
1800 rules inserted. Base: 1088 rules (137 with conclusion selected). Queue: 586 rules.
2000 rules inserted. Base: 1235 rules (137 with conclusion selected). Queue: 632 rules.
2200 rules inserted. Base: 1285 rules (137 with conclusion selected). Queue: 641 rules.
2400 rules inserted. Base: 1403 rules (137 with conclusion selected). Queue: 679 rules.
2600 rules inserted. Base: 1552 rules (138 with conclusion selected). Queue: 696 rules.
2800 rules inserted. Base: 1580 rules (144 with conclusion selected). Queue: 713 rules.
3000 rules inserted. Base: 1652 rules (144 with conclusion selected). Queue: 717 rules.
3200 rules inserted. Base: 1789 rules (147 with conclusion selected). Queue: 678 rules.
3400 rules inserted. Base: 1762 rules (147 with conclusion selected). Queue: 728 rules.
3600 rules inserted. Base: 1783 rules (147 with conclusion selected). Queue: 715 rules.
3800 rules inserted. Base: 1894 rules (147 with conclusion selected). Queue: 661 rules.
4000 rules inserted. Base: 1976 rules (147 with conclusion selected). Queue: 732 rules.
4200 rules inserted. Base: 2009 rules (147 with conclusion selected). Queue: 747 rules.
4400 rules inserted. Base: 2080 rules (147 with conclusion selected). Queue: 694 rules.
4600 rules inserted. Base: 2179 rules (151 with conclusion selected). Queue: 740 rules.
4800 rules inserted. Base: 2311 rules (151 with conclusion selected). Queue: 826 rules.
5000 rules inserted. Base: 2209 rules (151 with conclusion selected). Queue: 775 rules.
5200 rules inserted. Base: 2309 rules (154 with conclusion selected). Queue: 820 rules.
5400 rules inserted. Base: 2386 rules (154 with conclusion selected). Queue: 923 rules.
5600 rules inserted. Base: 2427 rules (154 with conclusion selected). Queue: 972 rules.
5800 rules inserted. Base: 2473 rules (155 with conclusion selected). Queue: 1000 rules.
6000 rules inserted. Base: 2579 rules (155 with conclusion selected). Queue: 1025 rules.
6200 rules inserted. Base: 2638 rules (156 with conclusion selected). Queue: 1102 rules.
6400 rules inserted. Base: 2705 rules (156 with conclusion selected). Queue: 1185 rules.
6600 rules inserted. Base: 2652 rules (156 with conclusion selected). Queue: 1176 rules.
6800 rules inserted. Base: 2712 rules (156 with conclusion selected). Queue: 1205 rules.
7000 rules inserted. Base: 2820 rules (156 with conclusion selected). Queue: 1229 rules.
7200 rules inserted. Base: 2888 rules (157 with conclusion selected). Queue: 1329 rules.
7400 rules inserted. Base: 2909 rules (157 with conclusion selected). Queue: 1364 rules.
7600 rules inserted. Base: 2730 rules (157 with conclusion selected). Queue: 1329 rules.
7800 rules inserted. Base: 2780 rules (157 with conclusion selected). Queue: 1339 rules.
8000 rules inserted. Base: 2821 rules (157 with conclusion selected). Queue: 1362 rules.
8200 rules inserted. Base: 2901 rules (157 with conclusion selected). Queue: 1375 rules.
8400 rules inserted. Base: 2949 rules (157 with conclusion selected). Queue: 1477 rules.
8600 rules inserted. Base: 2988 rules (157 with conclusion selected). Queue: 1471 rules.
8800 rules inserted. Base: 2971 rules (157 with conclusion selected). Queue: 1400 rules.
9000 rules inserted. Base: 3039 rules (157 with conclusion selected). Queue: 1450 rules.
9200 rules inserted. Base: 3100 rules (158 with conclusion selected). Queue: 1449 rules.
9400 rules inserted. Base: 3144 rules (158 with conclusion selected). Queue: 1430 rules.
9600 rules inserted. Base: 3200 rules (158 with conclusion selected). Queue: 1483 rules.
9800 rules inserted. Base: 3262 rules (159 with conclusion selected). Queue: 1556 rules.
10000 rules inserted. Base: 3314 rules (159 with conclusion selected). Queue: 1517 rules.
10200 rules inserted. Base: 3356 rules (159 with conclusion selected). Queue: 1504 rules.
10400 rules inserted. Base: 3424 rules (159 with conclusion selected). Queue: 1541 rules.
10600 rules inserted. Base: 3453 rules (159 with conclusion selected). Queue: 1497 rules.
10800 rules inserted. Base: 3490 rules (159 with conclusion selected). Queue: 1465 rules.
11000 rules inserted. Base: 3524 rules (159 with conclusion selected). Queue: 1469 rules.
11200 rules inserted. Base: 3575 rules (159 with conclusion selected). Queue: 1509 rules.
11400 rules inserted. Base: 3570 rules (159 with conclusion selected). Queue: 1466 rules.
11600 rules inserted. Base: 3603 rules (159 with conclusion selected). Queue: 1458 rules.
11800 rules inserted. Base: 3649 rules (159 with conclusion selected). Queue: 1480 rules.
12000 rules inserted. Base: 3699 rules (159 with conclusion selected). Queue: 1447 rules.
12200 rules inserted. Base: 3737 rules (160 with conclusion selected). Queue: 1422 rules.
12400 rules inserted. Base: 3758 rules (160 with conclusion selected). Queue: 1441 rules.
12600 rules inserted. Base: 3758 rules (160 with conclusion selected). Queue: 1431 rules.
12800 rules inserted. Base: 3706 rules (161 with conclusion selected). Queue: 1383 rules.
13000 rules inserted. Base: 3728 rules (161 with conclusion selected). Queue: 1355 rules.
13200 rules inserted. Base: 3798 rules (161 with conclusion selected). Queue: 1384 rules.
13400 rules inserted. Base: 3803 rules (161 with conclusion selected). Queue: 1348 rules.
13600 rules inserted. Base: 3799 rules (161 with conclusion selected). Queue: 1324 rules.
13800 rules inserted. Base: 3838 rules (161 with conclusion selected). Queue: 1372 rules.
14000 rules inserted. Base: 3784 rules (161 with conclusion selected). Queue: 1310 rules.
14200 rules inserted. Base: 3814 rules (161 with conclusion selected). Queue: 1280 rules.
14400 rules inserted. Base: 3856 rules (161 with conclusion selected). Queue: 1284 rules.
14600 rules inserted. Base: 3886 rules (161 with conclusion selected). Queue: 1263 rules.
14800 rules inserted. Base: 3848 rules (161 with conclusion selected). Queue: 1220 rules.
15000 rules inserted. Base: 3874 rules (161 with conclusion selected). Queue: 1220 rules.
15200 rules inserted. Base: 3915 rules (161 with conclusion selected). Queue: 1145 rules.
15400 rules inserted. Base: 3924 rules (161 with conclusion selected). Queue: 1108 rules.
15600 rules inserted. Base: 3956 rules (161 with conclusion selected). Queue: 1096 rules.
15800 rules inserted. Base: 3984 rules (161 with conclusion selected). Queue: 1077 rules.
16000 rules inserted. Base: 4019 rules (161 with conclusion selected). Queue: 1029 rules.
16200 rules inserted. Base: 4028 rules (161 with conclusion selected). Queue: 975 rules.
16400 rules inserted. Base: 4084 rules (161 with conclusion selected). Queue: 938 rules.
16600 rules inserted. Base: 4111 rules (161 with conclusion selected). Queue: 899 rules.
16800 rules inserted. Base: 4121 rules (161 with conclusion selected). Queue: 861 rules.
17000 rules inserted. Base: 4149 rules (161 with conclusion selected). Queue: 801 rules.
17200 rules inserted. Base: 4147 rules (161 with conclusion selected). Queue: 757 rules.
17400 rules inserted. Base: 4154 rules (161 with conclusion selected). Queue: 718 rules.
17600 rules inserted. Base: 4185 rules (161 with conclusion selected). Queue: 696 rules.
17800 rules inserted. Base: 4184 rules (161 with conclusion selected). Queue: 639 rules.
18000 rules inserted. Base: 4175 rules (161 with conclusion selected). Queue: 600 rules.
18200 rules inserted. Base: 4168 rules (161 with conclusion selected). Queue: 584 rules.
18400 rules inserted. Base: 4214 rules (161 with conclusion selected). Queue: 548 rules.
18600 rules inserted. Base: 4270 rules (161 with conclusion selected). Queue: 525 rules.
18800 rules inserted. Base: 4324 rules (161 with conclusion selected). Queue: 551 rules.
19000 rules inserted. Base: 4358 rules (161 with conclusion selected). Queue: 509 rules.
19200 rules inserted. Base: 4361 rules (161 with conclusion selected). Queue: 495 rules.
19400 rules inserted. Base: 4397 rules (161 with conclusion selected). Queue: 492 rules.
19600 rules inserted. Base: 4441 rules (161 with conclusion selected). Queue: 492 rules.
19800 rules inserted. Base: 4461 rules (161 with conclusion selected). Queue: 536 rules.
20000 rules inserted. Base: 4490 rules (161 with conclusion selected). Queue: 532 rules.
20200 rules inserted. Base: 4523 rules (161 with conclusion selected). Queue: 516 rules.
20400 rules inserted. Base: 4554 rules (161 with conclusion selected). Queue: 504 rules.
20600 rules inserted. Base: 4563 rules (161 with conclusion selected). Queue: 488 rules.
20800 rules inserted. Base: 4575 rules (161 with conclusion selected). Queue: 497 rules.
21000 rules inserted. Base: 4600 rules (161 with conclusion selected). Queue: 490 rules.
21200 rules inserted. Base: 4606 rules (161 with conclusion selected). Queue: 500 rules.
21400 rules inserted. Base: 4629 rules (161 with conclusion selected). Queue: 481 rules.
21600 rules inserted. Base: 4639 rules (161 with conclusion selected). Queue: 465 rules.
21800 rules inserted. Base: 4664 rules (161 with conclusion selected). Queue: 464 rules.
22000 rules inserted. Base: 4689 rules (161 with conclusion selected). Queue: 447 rules.
22200 rules inserted. Base: 4728 rules (161 with conclusion selected). Queue: 467 rules.
22400 rules inserted. Base: 4755 rules (161 with conclusion selected). Queue: 463 rules.
22600 rules inserted. Base: 4751 rules (161 with conclusion selected). Queue: 495 rules.
22800 rules inserted. Base: 4769 rules (161 with conclusion selected). Queue: 497 rules.
23000 rules inserted. Base: 4786 rules (161 with conclusion selected). Queue: 535 rules.
23200 rules inserted. Base: 4817 rules (161 with conclusion selected). Queue: 527 rules.
23400 rules inserted. Base: 4851 rules (161 with conclusion selected). Queue: 514 rules.
23600 rules inserted. Base: 4866 rules (161 with conclusion selected). Queue: 508 rules.
23800 rules inserted. Base: 4890 rules (161 with conclusion selected). Queue: 494 rules.
24000 rules inserted. Base: 4897 rules (161 with conclusion selected). Queue: 485 rules.
24200 rules inserted. Base: 4913 rules (161 with conclusion selected). Queue: 465 rules.
24400 rules inserted. Base: 4919 rules (161 with conclusion selected). Queue: 443 rules.
24600 rules inserted. Base: 4956 rules (161 with conclusion selected). Queue: 404 rules.
24800 rules inserted. Base: 4959 rules (161 with conclusion selected). Queue: 373 rules.
25000 rules inserted. Base: 4972 rules (161 with conclusion selected). Queue: 327 rules.
25200 rules inserted. Base: 5003 rules (161 with conclusion selected). Queue: 267 rules.
25400 rules inserted. Base: 5014 rules (161 with conclusion selected). Queue: 222 rules.
25600 rules inserted. Base: 4992 rules (161 with conclusion selected). Queue: 167 rules.
25800 rules inserted. Base: 5017 rules (161 with conclusion selected). Queue: 99 rules.
26000 rules inserted. Base: 5033 rules (161 with conclusion selected). Queue: 14 rules.
ok, secrecy assumption verified: fact unreachable attacker_p2(q_id_i_i[])
ok, secrecy assumption verified: fact unreachable attacker_p1(q_id_i_i[])
ok, secrecy assumption verified: fact unreachable attacker(q_id_i_i[])
ok, secrecy assumption verified: fact unreachable attacker_p2(q_id_i_r[])
ok, secrecy assumption verified: fact unreachable attacker_p1(q_id_i_r[])
ok, secrecy assumption verified: fact unreachable attacker(q_id_i_r[])
ok, secrecy assumption verified: fact unreachable attacker_p2(q_id_r_i[])
ok, secrecy assumption verified: fact unreachable attacker_p1(q_id_r_i[])
ok, secrecy assumption verified: fact unreachable attacker(q_id_r_i[])
ok, secrecy assumption verified: fact unreachable attacker_p2(q_id_r_r[])
ok, secrecy assumption verified: fact unreachable attacker_p1(q_id_r_r[])
ok, secrecy assumption verified: fact unreachable attacker(q_id_r_r[])
ok, secrecy assumption verified: fact unreachable attacker(q_eph_x[])
ok, secrecy assumption verified: fact unreachable attacker_p1(q_eph_y[])
ok, secrecy assumption verified: fact unreachable attacker(q_eph_y[])
ok, secrecy assumption verified: fact unreachable attacker(q_shared_secret_i[])
ok, secrecy assumption verified: fact unreachable attacker(q_shared_secret_r[])
ok, secrecy assumption verified: fact unreachable attacker_p2(q_session_keys_i[])
ok, secrecy assumption verified: fact unreachable attacker_p1(q_session_keys_i[])
ok, secrecy assumption verified: fact unreachable attacker(q_session_keys_i[])
ok, secrecy assumption verified: fact unreachable attacker_p2(q_session_keys_r[])
ok, secrecy assumption verified: fact unreachable attacker_p1(q_session_keys_r[])
ok, secrecy assumption verified: fact unreachable attacker(q_session_keys_r[])
ok, secrecy assumption verified: fact unreachable attacker_p2(q_resumption_prekeys_i[])
ok, secrecy assumption verified: fact unreachable attacker_p1(q_resumption_prekeys_i[])
ok, secrecy assumption verified: fact unreachable attacker(q_resumption_prekeys_i[])
ok, secrecy assumption verified: fact unreachable attacker_p2(q_resumption_prekeys_r[])
ok, secrecy assumption verified: fact unreachable attacker_p1(q_resumption_prekeys_r[])
ok, secrecy assumption verified: fact unreachable attacker(q_resumption_prekeys_r[])
ok, secrecy assumption verified: fact unreachable attacker_p2(q_resumption_session_keys_i[])
ok, secrecy assumption verified: fact unreachable attacker_p1(q_resumption_session_keys_i[])
ok, secrecy assumption verified: fact unreachable attacker(q_resumption_session_keys_i[])
ok, secrecy assumption verified: fact unreachable attacker_p2(q_resumption_session_keys_r[])
ok, secrecy assumption verified: fact unreachable attacker_p1(q_resumption_session_keys_r[])
ok, secrecy assumption verified: fact unreachable attacker(q_resumption_session_keys_r[])
Starting query not attacker_p2(q_session_keys_r[])
RESULT not attacker_p2(q_session_keys_r[]) is true.
-- Query not attacker_p2(q_resumption_prekeys_i[]) in process 1.
Translating the process into Horn clauses...
Completing...
200 rules inserted. Base: 197 rules (103 with conclusion selected). Queue: 75 rules.
400 rules inserted. Base: 381 rules (120 with conclusion selected). Queue: 194 rules.
600 rules inserted. Base: 517 rules (120 with conclusion selected). Queue: 358 rules.
800 rules inserted. Base: 619 rules (120 with conclusion selected). Queue: 379 rules.
1000 rules inserted. Base: 695 rules (120 with conclusion selected). Queue: 466 rules.
1200 rules inserted. Base: 774 rules (126 with conclusion selected). Queue: 533 rules.
1400 rules inserted. Base: 909 rules (126 with conclusion selected). Queue: 510 rules.
1600 rules inserted. Base: 981 rules (137 with conclusion selected). Queue: 544 rules.
1800 rules inserted. Base: 1088 rules (137 with conclusion selected). Queue: 586 rules.
2000 rules inserted. Base: 1235 rules (137 with conclusion selected). Queue: 632 rules.
2200 rules inserted. Base: 1285 rules (137 with conclusion selected). Queue: 641 rules.
2400 rules inserted. Base: 1403 rules (137 with conclusion selected). Queue: 679 rules.
2600 rules inserted. Base: 1552 rules (138 with conclusion selected). Queue: 696 rules.
2800 rules inserted. Base: 1580 rules (144 with conclusion selected). Queue: 713 rules.
3000 rules inserted. Base: 1652 rules (144 with conclusion selected). Queue: 717 rules.
3200 rules inserted. Base: 1789 rules (147 with conclusion selected). Queue: 678 rules.
3400 rules inserted. Base: 1762 rules (147 with conclusion selected). Queue: 728 rules.
3600 rules inserted. Base: 1783 rules (147 with conclusion selected). Queue: 715 rules.
3800 rules inserted. Base: 1894 rules (147 with conclusion selected). Queue: 661 rules.
4000 rules inserted. Base: 1976 rules (147 with conclusion selected). Queue: 732 rules.
4200 rules inserted. Base: 2009 rules (147 with conclusion selected). Queue: 747 rules.
4400 rules inserted. Base: 2080 rules (147 with conclusion selected). Queue: 694 rules.
4600 rules inserted. Base: 2179 rules (151 with conclusion selected). Queue: 740 rules.
4800 rules inserted. Base: 2311 rules (151 with conclusion selected). Queue: 826 rules.
5000 rules inserted. Base: 2209 rules (151 with conclusion selected). Queue: 775 rules.
5200 rules inserted. Base: 2309 rules (154 with conclusion selected). Queue: 820 rules.
5400 rules inserted. Base: 2386 rules (154 with conclusion selected). Queue: 923 rules.
5600 rules inserted. Base: 2427 rules (154 with conclusion selected). Queue: 972 rules.
5800 rules inserted. Base: 2473 rules (155 with conclusion selected). Queue: 1000 rules.
6000 rules inserted. Base: 2579 rules (155 with conclusion selected). Queue: 1025 rules.
6200 rules inserted. Base: 2638 rules (156 with conclusion selected). Queue: 1102 rules.
6400 rules inserted. Base: 2705 rules (156 with conclusion selected). Queue: 1185 rules.
6600 rules inserted. Base: 2652 rules (156 with conclusion selected). Queue: 1176 rules.
6800 rules inserted. Base: 2712 rules (156 with conclusion selected). Queue: 1205 rules.
7000 rules inserted. Base: 2820 rules (156 with conclusion selected). Queue: 1229 rules.
7200 rules inserted. Base: 2888 rules (157 with conclusion selected). Queue: 1329 rules.
7400 rules inserted. Base: 2909 rules (157 with conclusion selected). Queue: 1364 rules.
7600 rules inserted. Base: 2730 rules (157 with conclusion selected). Queue: 1329 rules.
7800 rules inserted. Base: 2780 rules (157 with conclusion selected). Queue: 1339 rules.
8000 rules inserted. Base: 2821 rules (157 with conclusion selected). Queue: 1362 rules.
8200 rules inserted. Base: 2901 rules (157 with conclusion selected). Queue: 1375 rules.
8400 rules inserted. Base: 2949 rules (157 with conclusion selected). Queue: 1477 rules.
8600 rules inserted. Base: 2988 rules (157 with conclusion selected). Queue: 1471 rules.
8800 rules inserted. Base: 2971 rules (157 with conclusion selected). Queue: 1400 rules.
9000 rules inserted. Base: 3039 rules (157 with conclusion selected). Queue: 1450 rules.
9200 rules inserted. Base: 3100 rules (158 with conclusion selected). Queue: 1449 rules.
9400 rules inserted. Base: 3144 rules (158 with conclusion selected). Queue: 1430 rules.
9600 rules inserted. Base: 3200 rules (158 with conclusion selected). Queue: 1483 rules.
9800 rules inserted. Base: 3262 rules (159 with conclusion selected). Queue: 1556 rules.
10000 rules inserted. Base: 3314 rules (159 with conclusion selected). Queue: 1517 rules.
10200 rules inserted. Base: 3356 rules (159 with conclusion selected). Queue: 1504 rules.
10400 rules inserted. Base: 3424 rules (159 with conclusion selected). Queue: 1541 rules.
10600 rules inserted. Base: 3453 rules (159 with conclusion selected). Queue: 1497 rules.
10800 rules inserted. Base: 3490 rules (159 with conclusion selected). Queue: 1465 rules.
11000 rules inserted. Base: 3524 rules (159 with conclusion selected). Queue: 1469 rules.
11200 rules inserted. Base: 3575 rules (159 with conclusion selected). Queue: 1509 rules.
11400 rules inserted. Base: 3570 rules (159 with conclusion selected). Queue: 1466 rules.
11600 rules inserted. Base: 3603 rules (159 with conclusion selected). Queue: 1458 rules.
11800 rules inserted. Base: 3649 rules (159 with conclusion selected). Queue: 1480 rules.
12000 rules inserted. Base: 3699 rules (159 with conclusion selected). Queue: 1447 rules.
12200 rules inserted. Base: 3737 rules (160 with conclusion selected). Queue: 1422 rules.
12400 rules inserted. Base: 3758 rules (160 with conclusion selected). Queue: 1441 rules.
12600 rules inserted. Base: 3758 rules (160 with conclusion selected). Queue: 1431 rules.
12800 rules inserted. Base: 3706 rules (161 with conclusion selected). Queue: 1383 rules.
13000 rules inserted. Base: 3728 rules (161 with conclusion selected). Queue: 1355 rules.
13200 rules inserted. Base: 3798 rules (161 with conclusion selected). Queue: 1384 rules.
13400 rules inserted. Base: 3803 rules (161 with conclusion selected). Queue: 1348 rules.
13600 rules inserted. Base: 3799 rules (161 with conclusion selected). Queue: 1324 rules.
13800 rules inserted. Base: 3838 rules (161 with conclusion selected). Queue: 1372 rules.
14000 rules inserted. Base: 3784 rules (161 with conclusion selected). Queue: 1310 rules.
14200 rules inserted. Base: 3814 rules (161 with conclusion selected). Queue: 1280 rules.
14400 rules inserted. Base: 3856 rules (161 with conclusion selected). Queue: 1284 rules.
14600 rules inserted. Base: 3886 rules (161 with conclusion selected). Queue: 1263 rules.
14800 rules inserted. Base: 3848 rules (161 with conclusion selected). Queue: 1220 rules.
15000 rules inserted. Base: 3874 rules (161 with conclusion selected). Queue: 1220 rules.
15200 rules inserted. Base: 3915 rules (161 with conclusion selected). Queue: 1145 rules.
15400 rules inserted. Base: 3924 rules (161 with conclusion selected). Queue: 1108 rules.
15600 rules inserted. Base: 3956 rules (161 with conclusion selected). Queue: 1096 rules.
15800 rules inserted. Base: 3984 rules (161 with conclusion selected). Queue: 1077 rules.
16000 rules inserted. Base: 4019 rules (161 with conclusion selected). Queue: 1029 rules.
16200 rules inserted. Base: 4028 rules (161 with conclusion selected). Queue: 975 rules.
16400 rules inserted. Base: 4084 rules (161 with conclusion selected). Queue: 938 rules.
16600 rules inserted. Base: 4111 rules (161 with conclusion selected). Queue: 899 rules.
16800 rules inserted. Base: 4121 rules (161 with conclusion selected). Queue: 861 rules.
17000 rules inserted. Base: 4149 rules (161 with conclusion selected). Queue: 801 rules.
17200 rules inserted. Base: 4147 rules (161 with conclusion selected). Queue: 757 rules.
17400 rules inserted. Base: 4154 rules (161 with conclusion selected). Queue: 718 rules.
17600 rules inserted. Base: 4185 rules (161 with conclusion selected). Queue: 696 rules.
17800 rules inserted. Base: 4184 rules (161 with conclusion selected). Queue: 639 rules.
18000 rules inserted. Base: 4175 rules (161 with conclusion selected). Queue: 600 rules.
18200 rules inserted. Base: 4168 rules (161 with conclusion selected). Queue: 584 rules.
18400 rules inserted. Base: 4214 rules (161 with conclusion selected). Queue: 548 rules.
18600 rules inserted. Base: 4270 rules (161 with conclusion selected). Queue: 525 rules.
18800 rules inserted. Base: 4324 rules (161 with conclusion selected). Queue: 551 rules.
19000 rules inserted. Base: 4358 rules (161 with conclusion selected). Queue: 509 rules.
19200 rules inserted. Base: 4361 rules (161 with conclusion selected). Queue: 495 rules.
19400 rules inserted. Base: 4397 rules (161 with conclusion selected). Queue: 492 rules.
19600 rules inserted. Base: 4441 rules (161 with conclusion selected). Queue: 492 rules.
19800 rules inserted. Base: 4461 rules (161 with conclusion selected). Queue: 536 rules.
20000 rules inserted. Base: 4490 rules (161 with conclusion selected). Queue: 532 rules.
20200 rules inserted. Base: 4523 rules (161 with conclusion selected). Queue: 516 rules.
20400 rules inserted. Base: 4554 rules (161 with conclusion selected). Queue: 504 rules.
20600 rules inserted. Base: 4563 rules (161 with conclusion selected). Queue: 488 rules.
20800 rules inserted. Base: 4575 rules (161 with conclusion selected). Queue: 497 rules.
21000 rules inserted. Base: 4600 rules (161 with conclusion selected). Queue: 490 rules.
21200 rules inserted. Base: 4606 rules (161 with conclusion selected). Queue: 500 rules.
21400 rules inserted. Base: 4629 rules (161 with conclusion selected). Queue: 481 rules.
21600 rules inserted. Base: 4639 rules (161 with conclusion selected). Queue: 465 rules.
21800 rules inserted. Base: 4664 rules (161 with conclusion selected). Queue: 464 rules.
22000 rules inserted. Base: 4689 rules (161 with conclusion selected). Queue: 447 rules.
22200 rules inserted. Base: 4728 rules (161 with conclusion selected). Queue: 467 rules.
22400 rules inserted. Base: 4755 rules (161 with conclusion selected). Queue: 463 rules.
22600 rules inserted. Base: 4751 rules (161 with conclusion selected). Queue: 495 rules.
22800 rules inserted. Base: 4769 rules (161 with conclusion selected). Queue: 497 rules.
23000 rules inserted. Base: 4786 rules (161 with conclusion selected). Queue: 535 rules.
23200 rules inserted. Base: 4817 rules (161 with conclusion selected). Queue: 527 rules.
23400 rules inserted. Base: 4851 rules (161 with conclusion selected). Queue: 514 rules.
23600 rules inserted. Base: 4866 rules (161 with conclusion selected). Queue: 508 rules.
23800 rules inserted. Base: 4890 rules (161 with conclusion selected). Queue: 494 rules.
24000 rules inserted. Base: 4897 rules (161 with conclusion selected). Queue: 485 rules.
24200 rules inserted. Base: 4913 rules (161 with conclusion selected). Queue: 465 rules.
24400 rules inserted. Base: 4919 rules (161 with conclusion selected). Queue: 443 rules.
24600 rules inserted. Base: 4956 rules (161 with conclusion selected). Queue: 404 rules.
24800 rules inserted. Base: 4959 rules (161 with conclusion selected). Queue: 373 rules.
25000 rules inserted. Base: 4972 rules (161 with conclusion selected). Queue: 327 rules.
25200 rules inserted. Base: 5003 rules (161 with conclusion selected). Queue: 267 rules.
25400 rules inserted. Base: 5014 rules (161 with conclusion selected). Queue: 222 rules.
25600 rules inserted. Base: 4992 rules (161 with conclusion selected). Queue: 167 rules.
25800 rules inserted. Base: 5017 rules (161 with conclusion selected). Queue: 99 rules.
26000 rules inserted. Base: 5033 rules (161 with conclusion selected). Queue: 14 rules.
ok, secrecy assumption verified: fact unreachable attacker_p2(q_id_i_i[])
ok, secrecy assumption verified: fact unreachable attacker_p1(q_id_i_i[])
ok, secrecy assumption verified: fact unreachable attacker(q_id_i_i[])
ok, secrecy assumption verified: fact unreachable attacker_p2(q_id_i_r[])
ok, secrecy assumption verified: fact unreachable attacker_p1(q_id_i_r[])
ok, secrecy assumption verified: fact unreachable attacker(q_id_i_r[])
ok, secrecy assumption verified: fact unreachable attacker_p2(q_id_r_i[])
ok, secrecy assumption verified: fact unreachable attacker_p1(q_id_r_i[])
ok, secrecy assumption verified: fact unreachable attacker(q_id_r_i[])
ok, secrecy assumption verified: fact unreachable attacker_p2(q_id_r_r[])
ok, secrecy assumption verified: fact unreachable attacker_p1(q_id_r_r[])
ok, secrecy assumption verified: fact unreachable attacker(q_id_r_r[])
ok, secrecy assumption verified: fact unreachable attacker(q_eph_x[])
ok, secrecy assumption verified: fact unreachable attacker_p1(q_eph_y[])
ok, secrecy assumption verified: fact unreachable attacker(q_eph_y[])
ok, secrecy assumption verified: fact unreachable attacker(q_shared_secret_i[])
ok, secrecy assumption verified: fact unreachable attacker(q_shared_secret_r[])
ok, secrecy assumption verified: fact unreachable attacker_p2(q_session_keys_i[])
ok, secrecy assumption verified: fact unreachable attacker_p1(q_session_keys_i[])
ok, secrecy assumption verified: fact unreachable attacker(q_session_keys_i[])
ok, secrecy assumption verified: fact unreachable attacker_p2(q_session_keys_r[])
ok, secrecy assumption verified: fact unreachable attacker_p1(q_session_keys_r[])
ok, secrecy assumption verified: fact unreachable attacker(q_session_keys_r[])
ok, secrecy assumption verified: fact unreachable attacker_p2(q_resumption_prekeys_i[])
ok, secrecy assumption verified: fact unreachable attacker_p1(q_resumption_prekeys_i[])
ok, secrecy assumption verified: fact unreachable attacker(q_resumption_prekeys_i[])
ok, secrecy assumption verified: fact unreachable attacker_p2(q_resumption_prekeys_r[])
ok, secrecy assumption verified: fact unreachable attacker_p1(q_resumption_prekeys_r[])
ok, secrecy assumption verified: fact unreachable attacker(q_resumption_prekeys_r[])
ok, secrecy assumption verified: fact unreachable attacker_p2(q_resumption_session_keys_i[])
ok, secrecy assumption verified: fact unreachable attacker_p1(q_resumption_session_keys_i[])
ok, secrecy assumption verified: fact unreachable attacker(q_resumption_session_keys_i[])
ok, secrecy assumption verified: fact unreachable attacker_p2(q_resumption_session_keys_r[])
ok, secrecy assumption verified: fact unreachable attacker_p1(q_resumption_session_keys_r[])
ok, secrecy assumption verified: fact unreachable attacker(q_resumption_session_keys_r[])
Starting query not attacker_p2(q_resumption_prekeys_i[])
RESULT not attacker_p2(q_resumption_prekeys_i[]) is true.
-- Query not attacker_p2(q_resumption_prekeys_r[]) in process 1.
Translating the process into Horn clauses...
Completing...
200 rules inserted. Base: 197 rules (103 with conclusion selected). Queue: 75 rules.
400 rules inserted. Base: 381 rules (120 with conclusion selected). Queue: 194 rules.
600 rules inserted. Base: 517 rules (120 with conclusion selected). Queue: 358 rules.
800 rules inserted. Base: 619 rules (120 with conclusion selected). Queue: 379 rules.
1000 rules inserted. Base: 695 rules (120 with conclusion selected). Queue: 466 rules.
1200 rules inserted. Base: 774 rules (126 with conclusion selected). Queue: 533 rules.
1400 rules inserted. Base: 909 rules (126 with conclusion selected). Queue: 510 rules.
1600 rules inserted. Base: 981 rules (137 with conclusion selected). Queue: 544 rules.
1800 rules inserted. Base: 1088 rules (137 with conclusion selected). Queue: 586 rules.
2000 rules inserted. Base: 1235 rules (137 with conclusion selected). Queue: 632 rules.
2200 rules inserted. Base: 1285 rules (137 with conclusion selected). Queue: 641 rules.
2400 rules inserted. Base: 1403 rules (137 with conclusion selected). Queue: 679 rules.
2600 rules inserted. Base: 1552 rules (138 with conclusion selected). Queue: 696 rules.
2800 rules inserted. Base: 1580 rules (144 with conclusion selected). Queue: 713 rules.
3000 rules inserted. Base: 1652 rules (144 with conclusion selected). Queue: 717 rules.
3200 rules inserted. Base: 1789 rules (147 with conclusion selected). Queue: 678 rules.
3400 rules inserted. Base: 1762 rules (147 with conclusion selected). Queue: 728 rules.
3600 rules inserted. Base: 1783 rules (147 with conclusion selected). Queue: 715 rules.
3800 rules inserted. Base: 1894 rules (147 with conclusion selected). Queue: 661 rules.
4000 rules inserted. Base: 1976 rules (147 with conclusion selected). Queue: 732 rules.
4200 rules inserted. Base: 2009 rules (147 with conclusion selected). Queue: 747 rules.
4400 rules inserted. Base: 2080 rules (147 with conclusion selected). Queue: 694 rules.
4600 rules inserted. Base: 2179 rules (151 with conclusion selected). Queue: 740 rules.
4800 rules inserted. Base: 2311 rules (151 with conclusion selected). Queue: 826 rules.
5000 rules inserted. Base: 2209 rules (151 with conclusion selected). Queue: 775 rules.
5200 rules inserted. Base: 2309 rules (154 with conclusion selected). Queue: 820 rules.
5400 rules inserted. Base: 2386 rules (154 with conclusion selected). Queue: 923 rules.
5600 rules inserted. Base: 2427 rules (154 with conclusion selected). Queue: 972 rules.
5800 rules inserted. Base: 2473 rules (155 with conclusion selected). Queue: 1000 rules.
6000 rules inserted. Base: 2579 rules (155 with conclusion selected). Queue: 1025 rules.
6200 rules inserted. Base: 2638 rules (156 with conclusion selected). Queue: 1102 rules.
6400 rules inserted. Base: 2705 rules (156 with conclusion selected). Queue: 1185 rules.
6600 rules inserted. Base: 2652 rules (156 with conclusion selected). Queue: 1176 rules.
6800 rules inserted. Base: 2712 rules (156 with conclusion selected). Queue: 1205 rules.
7000 rules inserted. Base: 2820 rules (156 with conclusion selected). Queue: 1229 rules.
7200 rules inserted. Base: 2888 rules (157 with conclusion selected). Queue: 1329 rules.
7400 rules inserted. Base: 2909 rules (157 with conclusion selected). Queue: 1364 rules.
7600 rules inserted. Base: 2730 rules (157 with conclusion selected). Queue: 1329 rules.
7800 rules inserted. Base: 2780 rules (157 with conclusion selected). Queue: 1339 rules.
8000 rules inserted. Base: 2821 rules (157 with conclusion selected). Queue: 1362 rules.
8200 rules inserted. Base: 2901 rules (157 with conclusion selected). Queue: 1375 rules.
8400 rules inserted. Base: 2949 rules (157 with conclusion selected). Queue: 1477 rules.
8600 rules inserted. Base: 2988 rules (157 with conclusion selected). Queue: 1471 rules.
8800 rules inserted. Base: 2971 rules (157 with conclusion selected). Queue: 1400 rules.
9000 rules inserted. Base: 3039 rules (157 with conclusion selected). Queue: 1450 rules.
9200 rules inserted. Base: 3100 rules (158 with conclusion selected). Queue: 1449 rules.
9400 rules inserted. Base: 3144 rules (158 with conclusion selected). Queue: 1430 rules.
9600 rules inserted. Base: 3200 rules (158 with conclusion selected). Queue: 1483 rules.
9800 rules inserted. Base: 3262 rules (159 with conclusion selected). Queue: 1556 rules.
10000 rules inserted. Base: 3314 rules (159 with conclusion selected). Queue: 1517 rules.
10200 rules inserted. Base: 3356 rules (159 with conclusion selected). Queue: 1504 rules.
10400 rules inserted. Base: 3424 rules (159 with conclusion selected). Queue: 1541 rules.
10600 rules inserted. Base: 3453 rules (159 with conclusion selected). Queue: 1497 rules.
10800 rules inserted. Base: 3490 rules (159 with conclusion selected). Queue: 1465 rules.
11000 rules inserted. Base: 3524 rules (159 with conclusion selected). Queue: 1469 rules.
11200 rules inserted. Base: 3575 rules (159 with conclusion selected). Queue: 1509 rules.
11400 rules inserted. Base: 3570 rules (159 with conclusion selected). Queue: 1466 rules.
11600 rules inserted. Base: 3603 rules (159 with conclusion selected). Queue: 1458 rules.
11800 rules inserted. Base: 3649 rules (159 with conclusion selected). Queue: 1480 rules.
12000 rules inserted. Base: 3699 rules (159 with conclusion selected). Queue: 1447 rules.
12200 rules inserted. Base: 3737 rules (160 with conclusion selected). Queue: 1422 rules.
12400 rules inserted. Base: 3758 rules (160 with conclusion selected). Queue: 1441 rules.
12600 rules inserted. Base: 3758 rules (160 with conclusion selected). Queue: 1431 rules.
12800 rules inserted. Base: 3706 rules (161 with conclusion selected). Queue: 1383 rules.
13000 rules inserted. Base: 3728 rules (161 with conclusion selected). Queue: 1355 rules.
13200 rules inserted. Base: 3798 rules (161 with conclusion selected). Queue: 1384 rules.
13400 rules inserted. Base: 3803 rules (161 with conclusion selected). Queue: 1348 rules.
13600 rules inserted. Base: 3799 rules (161 with conclusion selected). Queue: 1324 rules.
13800 rules inserted. Base: 3838 rules (161 with conclusion selected). Queue: 1372 rules.
14000 rules inserted. Base: 3784 rules (161 with conclusion selected). Queue: 1310 rules.
14200 rules inserted. Base: 3814 rules (161 with conclusion selected). Queue: 1280 rules.
14400 rules inserted. Base: 3856 rules (161 with conclusion selected). Queue: 1284 rules.
14600 rules inserted. Base: 3886 rules (161 with conclusion selected). Queue: 1263 rules.
14800 rules inserted. Base: 3848 rules (161 with conclusion selected). Queue: 1220 rules.
15000 rules inserted. Base: 3874 rules (161 with conclusion selected). Queue: 1220 rules.
15200 rules inserted. Base: 3915 rules (161 with conclusion selected). Queue: 1145 rules.
15400 rules inserted. Base: 3924 rules (161 with conclusion selected). Queue: 1108 rules.
15600 rules inserted. Base: 3956 rules (161 with conclusion selected). Queue: 1096 rules.
15800 rules inserted. Base: 3984 rules (161 with conclusion selected). Queue: 1077 rules.
16000 rules inserted. Base: 4019 rules (161 with conclusion selected). Queue: 1029 rules.
16200 rules inserted. Base: 4028 rules (161 with conclusion selected). Queue: 975 rules.
16400 rules inserted. Base: 4084 rules (161 with conclusion selected). Queue: 938 rules.
16600 rules inserted. Base: 4111 rules (161 with conclusion selected). Queue: 899 rules.
16800 rules inserted. Base: 4121 rules (161 with conclusion selected). Queue: 861 rules.
17000 rules inserted. Base: 4149 rules (161 with conclusion selected). Queue: 801 rules.
17200 rules inserted. Base: 4147 rules (161 with conclusion selected). Queue: 757 rules.
17400 rules inserted. Base: 4154 rules (161 with conclusion selected). Queue: 718 rules.
17600 rules inserted. Base: 4185 rules (161 with conclusion selected). Queue: 696 rules.
17800 rules inserted. Base: 4184 rules (161 with conclusion selected). Queue: 639 rules.
18000 rules inserted. Base: 4175 rules (161 with conclusion selected). Queue: 600 rules.
18200 rules inserted. Base: 4168 rules (161 with conclusion selected). Queue: 584 rules.
18400 rules inserted. Base: 4214 rules (161 with conclusion selected). Queue: 548 rules.
18600 rules inserted. Base: 4270 rules (161 with conclusion selected). Queue: 525 rules.
18800 rules inserted. Base: 4324 rules (161 with conclusion selected). Queue: 551 rules.
19000 rules inserted. Base: 4358 rules (161 with conclusion selected). Queue: 509 rules.
19200 rules inserted. Base: 4361 rules (161 with conclusion selected). Queue: 495 rules.
19400 rules inserted. Base: 4397 rules (161 with conclusion selected). Queue: 492 rules.
19600 rules inserted. Base: 4441 rules (161 with conclusion selected). Queue: 492 rules.
19800 rules inserted. Base: 4461 rules (161 with conclusion selected). Queue: 536 rules.
20000 rules inserted. Base: 4490 rules (161 with conclusion selected). Queue: 532 rules.
20200 rules inserted. Base: 4523 rules (161 with conclusion selected). Queue: 516 rules.
20400 rules inserted. Base: 4554 rules (161 with conclusion selected). Queue: 504 rules.
20600 rules inserted. Base: 4563 rules (161 with conclusion selected). Queue: 488 rules.
20800 rules inserted. Base: 4575 rules (161 with conclusion selected). Queue: 497 rules.
21000 rules inserted. Base: 4600 rules (161 with conclusion selected). Queue: 490 rules.
21200 rules inserted. Base: 4606 rules (161 with conclusion selected). Queue: 500 rules.
21400 rules inserted. Base: 4629 rules (161 with conclusion selected). Queue: 481 rules.
21600 rules inserted. Base: 4639 rules (161 with conclusion selected). Queue: 465 rules.
21800 rules inserted. Base: 4664 rules (161 with conclusion selected). Queue: 464 rules.
22000 rules inserted. Base: 4689 rules (161 with conclusion selected). Queue: 447 rules.
22200 rules inserted. Base: 4728 rules (161 with conclusion selected). Queue: 467 rules.
22400 rules inserted. Base: 4755 rules (161 with conclusion selected). Queue: 463 rules.
22600 rules inserted. Base: 4751 rules (161 with conclusion selected). Queue: 495 rules.
22800 rules inserted. Base: 4769 rules (161 with conclusion selected). Queue: 497 rules.
23000 rules inserted. Base: 4786 rules (161 with conclusion selected). Queue: 535 rules.
23200 rules inserted. Base: 4817 rules (161 with conclusion selected). Queue: 527 rules.
23400 rules inserted. Base: 4851 rules (161 with conclusion selected). Queue: 514 rules.
23600 rules inserted. Base: 4866 rules (161 with conclusion selected). Queue: 508 rules.
23800 rules inserted. Base: 4890 rules (161 with conclusion selected). Queue: 494 rules.
24000 rules inserted. Base: 4897 rules (161 with conclusion selected). Queue: 485 rules.
24200 rules inserted. Base: 4913 rules (161 with conclusion selected). Queue: 465 rules.
24400 rules inserted. Base: 4919 rules (161 with conclusion selected). Queue: 443 rules.
24600 rules inserted. Base: 4956 rules (161 with conclusion selected). Queue: 404 rules.
24800 rules inserted. Base: 4959 rules (161 with conclusion selected). Queue: 373 rules.
25000 rules inserted. Base: 4972 rules (161 with conclusion selected). Queue: 327 rules.
25200 rules inserted. Base: 5003 rules (161 with conclusion selected). Queue: 267 rules.
25400 rules inserted. Base: 5014 rules (161 with conclusion selected). Queue: 222 rules.
25600 rules inserted. Base: 4992 rules (161 with conclusion selected). Queue: 167 rules.
25800 rules inserted. Base: 5017 rules (161 with conclusion selected). Queue: 99 rules.
26000 rules inserted. Base: 5033 rules (161 with conclusion selected). Queue: 14 rules.
ok, secrecy assumption verified: fact unreachable attacker_p2(q_id_i_i[])
ok, secrecy assumption verified: fact unreachable attacker_p1(q_id_i_i[])
ok, secrecy assumption verified: fact unreachable attacker(q_id_i_i[])
ok, secrecy assumption verified: fact unreachable attacker_p2(q_id_i_r[])
ok, secrecy assumption verified: fact unreachable attacker_p1(q_id_i_r[])
ok, secrecy assumption verified: fact unreachable attacker(q_id_i_r[])
ok, secrecy assumption verified: fact unreachable attacker_p2(q_id_r_i[])
ok, secrecy assumption verified: fact unreachable attacker_p1(q_id_r_i[])
ok, secrecy assumption verified: fact unreachable attacker(q_id_r_i[])
ok, secrecy assumption verified: fact unreachable attacker_p2(q_id_r_r[])
ok, secrecy assumption verified: fact unreachable attacker_p1(q_id_r_r[])
ok, secrecy assumption verified: fact unreachable attacker(q_id_r_r[])
ok, secrecy assumption verified: fact unreachable attacker(q_eph_x[])
ok, secrecy assumption verified: fact unreachable attacker_p1(q_eph_y[])
ok, secrecy assumption verified: fact unreachable attacker(q_eph_y[])
ok, secrecy assumption verified: fact unreachable attacker(q_shared_secret_i[])
ok, secrecy assumption verified: fact unreachable attacker(q_shared_secret_r[])
ok, secrecy assumption verified: fact unreachable attacker_p2(q_session_keys_i[])
ok, secrecy assumption verified: fact unreachable attacker_p1(q_session_keys_i[])
ok, secrecy assumption verified: fact unreachable attacker(q_session_keys_i[])
ok, secrecy assumption verified: fact unreachable attacker_p2(q_session_keys_r[])
ok, secrecy assumption verified: fact unreachable attacker_p1(q_session_keys_r[])
ok, secrecy assumption verified: fact unreachable attacker(q_session_keys_r[])
ok, secrecy assumption verified: fact unreachable attacker_p2(q_resumption_prekeys_i[])
ok, secrecy assumption verified: fact unreachable attacker_p1(q_resumption_prekeys_i[])
ok, secrecy assumption verified: fact unreachable attacker(q_resumption_prekeys_i[])
ok, secrecy assumption verified: fact unreachable attacker_p2(q_resumption_prekeys_r[])
ok, secrecy assumption verified: fact unreachable attacker_p1(q_resumption_prekeys_r[])
ok, secrecy assumption verified: fact unreachable attacker(q_resumption_prekeys_r[])
ok, secrecy assumption verified: fact unreachable attacker_p2(q_resumption_session_keys_i[])
ok, secrecy assumption verified: fact unreachable attacker_p1(q_resumption_session_keys_i[])
ok, secrecy assumption verified: fact unreachable attacker(q_resumption_session_keys_i[])
ok, secrecy assumption verified: fact unreachable attacker_p2(q_resumption_session_keys_r[])
ok, secrecy assumption verified: fact unreachable attacker_p1(q_resumption_session_keys_r[])
ok, secrecy assumption verified: fact unreachable attacker(q_resumption_session_keys_r[])
Starting query not attacker_p2(q_resumption_prekeys_r[])
RESULT not attacker_p2(q_resumption_prekeys_r[]) is true.
-- Query not attacker_p2(q_resumption_session_keys_i[]) in process 1.
Translating the process into Horn clauses...
Completing...
200 rules inserted. Base: 197 rules (103 with conclusion selected). Queue: 75 rules.
400 rules inserted. Base: 381 rules (120 with conclusion selected). Queue: 194 rules.
600 rules inserted. Base: 517 rules (120 with conclusion selected). Queue: 358 rules.
800 rules inserted. Base: 619 rules (120 with conclusion selected). Queue: 379 rules.
1000 rules inserted. Base: 695 rules (120 with conclusion selected). Queue: 466 rules.
1200 rules inserted. Base: 774 rules (126 with conclusion selected). Queue: 533 rules.
1400 rules inserted. Base: 909 rules (126 with conclusion selected). Queue: 510 rules.
1600 rules inserted. Base: 981 rules (137 with conclusion selected). Queue: 544 rules.
1800 rules inserted. Base: 1088 rules (137 with conclusion selected). Queue: 586 rules.
2000 rules inserted. Base: 1235 rules (137 with conclusion selected). Queue: 632 rules.
2200 rules inserted. Base: 1285 rules (137 with conclusion selected). Queue: 641 rules.
2400 rules inserted. Base: 1403 rules (137 with conclusion selected). Queue: 679 rules.
2600 rules inserted. Base: 1552 rules (138 with conclusion selected). Queue: 696 rules.
2800 rules inserted. Base: 1580 rules (144 with conclusion selected). Queue: 713 rules.
3000 rules inserted. Base: 1652 rules (144 with conclusion selected). Queue: 717 rules.
3200 rules inserted. Base: 1789 rules (147 with conclusion selected). Queue: 678 rules.
3400 rules inserted. Base: 1762 rules (147 with conclusion selected). Queue: 728 rules.
3600 rules inserted. Base: 1783 rules (147 with conclusion selected). Queue: 715 rules.
3800 rules inserted. Base: 1894 rules (147 with conclusion selected). Queue: 661 rules.
4000 rules inserted. Base: 1976 rules (147 with conclusion selected). Queue: 732 rules.
4200 rules inserted. Base: 2009 rules (147 with conclusion selected). Queue: 747 rules.
4400 rules inserted. Base: 2080 rules (147 with conclusion selected). Queue: 694 rules.
4600 rules inserted. Base: 2179 rules (151 with conclusion selected). Queue: 740 rules.
4800 rules inserted. Base: 2311 rules (151 with conclusion selected). Queue: 826 rules.
5000 rules inserted. Base: 2209 rules (151 with conclusion selected). Queue: 775 rules.
5200 rules inserted. Base: 2309 rules (154 with conclusion selected). Queue: 820 rules.
5400 rules inserted. Base: 2386 rules (154 with conclusion selected). Queue: 923 rules.
5600 rules inserted. Base: 2427 rules (154 with conclusion selected). Queue: 972 rules.
5800 rules inserted. Base: 2473 rules (155 with conclusion selected). Queue: 1000 rules.
6000 rules inserted. Base: 2579 rules (155 with conclusion selected). Queue: 1025 rules.
6200 rules inserted. Base: 2638 rules (156 with conclusion selected). Queue: 1102 rules.
6400 rules inserted. Base: 2705 rules (156 with conclusion selected). Queue: 1185 rules.
6600 rules inserted. Base: 2652 rules (156 with conclusion selected). Queue: 1176 rules.
6800 rules inserted. Base: 2712 rules (156 with conclusion selected). Queue: 1205 rules.
7000 rules inserted. Base: 2820 rules (156 with conclusion selected). Queue: 1229 rules.
7200 rules inserted. Base: 2888 rules (157 with conclusion selected). Queue: 1329 rules.
7400 rules inserted. Base: 2909 rules (157 with conclusion selected). Queue: 1364 rules.
7600 rules inserted. Base: 2730 rules (157 with conclusion selected). Queue: 1329 rules.
7800 rules inserted. Base: 2780 rules (157 with conclusion selected). Queue: 1339 rules.
8000 rules inserted. Base: 2821 rules (157 with conclusion selected). Queue: 1362 rules.
8200 rules inserted. Base: 2901 rules (157 with conclusion selected). Queue: 1375 rules.
8400 rules inserted. Base: 2949 rules (157 with conclusion selected). Queue: 1477 rules.
8600 rules inserted. Base: 2988 rules (157 with conclusion selected). Queue: 1471 rules.
8800 rules inserted. Base: 2971 rules (157 with conclusion selected). Queue: 1400 rules.
9000 rules inserted. Base: 3039 rules (157 with conclusion selected). Queue: 1450 rules.
9200 rules inserted. Base: 3100 rules (158 with conclusion selected). Queue: 1449 rules.
9400 rules inserted. Base: 3144 rules (158 with conclusion selected). Queue: 1430 rules.
9600 rules inserted. Base: 3200 rules (158 with conclusion selected). Queue: 1483 rules.
9800 rules inserted. Base: 3262 rules (159 with conclusion selected). Queue: 1556 rules.
10000 rules inserted. Base: 3314 rules (159 with conclusion selected). Queue: 1517 rules.
10200 rules inserted. Base: 3356 rules (159 with conclusion selected). Queue: 1504 rules.
10400 rules inserted. Base: 3424 rules (159 with conclusion selected). Queue: 1541 rules.
10600 rules inserted. Base: 3453 rules (159 with conclusion selected). Queue: 1497 rules.
10800 rules inserted. Base: 3490 rules (159 with conclusion selected). Queue: 1465 rules.
11000 rules inserted. Base: 3524 rules (159 with conclusion selected). Queue: 1469 rules.
11200 rules inserted. Base: 3575 rules (159 with conclusion selected). Queue: 1509 rules.
11400 rules inserted. Base: 3570 rules (159 with conclusion selected). Queue: 1466 rules.
11600 rules inserted. Base: 3603 rules (159 with conclusion selected). Queue: 1458 rules.
11800 rules inserted. Base: 3649 rules (159 with conclusion selected). Queue: 1480 rules.
12000 rules inserted. Base: 3699 rules (159 with conclusion selected). Queue: 1447 rules.
12200 rules inserted. Base: 3737 rules (160 with conclusion selected). Queue: 1422 rules.
12400 rules inserted. Base: 3758 rules (160 with conclusion selected). Queue: 1441 rules.
12600 rules inserted. Base: 3758 rules (160 with conclusion selected). Queue: 1431 rules.
12800 rules inserted. Base: 3706 rules (161 with conclusion selected). Queue: 1383 rules.
13000 rules inserted. Base: 3728 rules (161 with conclusion selected). Queue: 1355 rules.
13200 rules inserted. Base: 3798 rules (161 with conclusion selected). Queue: 1384 rules.
13400 rules inserted. Base: 3803 rules (161 with conclusion selected). Queue: 1348 rules.
13600 rules inserted. Base: 3799 rules (161 with conclusion selected). Queue: 1324 rules.
13800 rules inserted. Base: 3838 rules (161 with conclusion selected). Queue: 1372 rules.
14000 rules inserted. Base: 3784 rules (161 with conclusion selected). Queue: 1310 rules.
14200 rules inserted. Base: 3814 rules (161 with conclusion selected). Queue: 1280 rules.
14400 rules inserted. Base: 3856 rules (161 with conclusion selected). Queue: 1284 rules.
14600 rules inserted. Base: 3886 rules (161 with conclusion selected). Queue: 1263 rules.
14800 rules inserted. Base: 3848 rules (161 with conclusion selected). Queue: 1220 rules.
15000 rules inserted. Base: 3874 rules (161 with conclusion selected). Queue: 1220 rules.
15200 rules inserted. Base: 3915 rules (161 with conclusion selected). Queue: 1145 rules.
15400 rules inserted. Base: 3924 rules (161 with conclusion selected). Queue: 1108 rules.
15600 rules inserted. Base: 3956 rules (161 with conclusion selected). Queue: 1096 rules.
15800 rules inserted. Base: 3984 rules (161 with conclusion selected). Queue: 1077 rules.
16000 rules inserted. Base: 4019 rules (161 with conclusion selected). Queue: 1029 rules.
16200 rules inserted. Base: 4028 rules (161 with conclusion selected). Queue: 975 rules.
16400 rules inserted. Base: 4084 rules (161 with conclusion selected). Queue: 938 rules.
16600 rules inserted. Base: 4111 rules (161 with conclusion selected). Queue: 899 rules.
16800 rules inserted. Base: 4121 rules (161 with conclusion selected). Queue: 861 rules.
17000 rules inserted. Base: 4149 rules (161 with conclusion selected). Queue: 801 rules.
17200 rules inserted. Base: 4147 rules (161 with conclusion selected). Queue: 757 rules.
17400 rules inserted. Base: 4154 rules (161 with conclusion selected). Queue: 718 rules.
17600 rules inserted. Base: 4185 rules (161 with conclusion selected). Queue: 696 rules.
17800 rules inserted. Base: 4184 rules (161 with conclusion selected). Queue: 639 rules.
18000 rules inserted. Base: 4175 rules (161 with conclusion selected). Queue: 600 rules.
18200 rules inserted. Base: 4168 rules (161 with conclusion selected). Queue: 584 rules.
18400 rules inserted. Base: 4214 rules (161 with conclusion selected). Queue: 548 rules.
18600 rules inserted. Base: 4270 rules (161 with conclusion selected). Queue: 525 rules.
18800 rules inserted. Base: 4324 rules (161 with conclusion selected). Queue: 551 rules.
19000 rules inserted. Base: 4358 rules (161 with conclusion selected). Queue: 509 rules.
19200 rules inserted. Base: 4361 rules (161 with conclusion selected). Queue: 495 rules.
19400 rules inserted. Base: 4397 rules (161 with conclusion selected). Queue: 492 rules.
19600 rules inserted. Base: 4441 rules (161 with conclusion selected). Queue: 492 rules.
19800 rules inserted. Base: 4461 rules (161 with conclusion selected). Queue: 536 rules.
20000 rules inserted. Base: 4490 rules (161 with conclusion selected). Queue: 532 rules.
20200 rules inserted. Base: 4523 rules (161 with conclusion selected). Queue: 516 rules.
20400 rules inserted. Base: 4554 rules (161 with conclusion selected). Queue: 504 rules.
20600 rules inserted. Base: 4563 rules (161 with conclusion selected). Queue: 488 rules.
20800 rules inserted. Base: 4575 rules (161 with conclusion selected). Queue: 497 rules.
21000 rules inserted. Base: 4600 rules (161 with conclusion selected). Queue: 490 rules.
21200 rules inserted. Base: 4606 rules (161 with conclusion selected). Queue: 500 rules.
21400 rules inserted. Base: 4629 rules (161 with conclusion selected). Queue: 481 rules.
21600 rules inserted. Base: 4639 rules (161 with conclusion selected). Queue: 465 rules.
21800 rules inserted. Base: 4664 rules (161 with conclusion selected). Queue: 464 rules.
22000 rules inserted. Base: 4689 rules (161 with conclusion selected). Queue: 447 rules.
22200 rules inserted. Base: 4728 rules (161 with conclusion selected). Queue: 467 rules.
22400 rules inserted. Base: 4755 rules (161 with conclusion selected). Queue: 463 rules.
22600 rules inserted. Base: 4751 rules (161 with conclusion selected). Queue: 495 rules.
22800 rules inserted. Base: 4769 rules (161 with conclusion selected). Queue: 497 rules.
23000 rules inserted. Base: 4786 rules (161 with conclusion selected). Queue: 535 rules.
23200 rules inserted. Base: 4817 rules (161 with conclusion selected). Queue: 527 rules.
23400 rules inserted. Base: 4851 rules (161 with conclusion selected). Queue: 514 rules.
23600 rules inserted. Base: 4866 rules (161 with conclusion selected). Queue: 508 rules.
23800 rules inserted. Base: 4890 rules (161 with conclusion selected). Queue: 494 rules.
24000 rules inserted. Base: 4897 rules (161 with conclusion selected). Queue: 485 rules.
24200 rules inserted. Base: 4913 rules (161 with conclusion selected). Queue: 465 rules.
24400 rules inserted. Base: 4919 rules (161 with conclusion selected). Queue: 443 rules.
24600 rules inserted. Base: 4956 rules (161 with conclusion selected). Queue: 404 rules.
24800 rules inserted. Base: 4959 rules (161 with conclusion selected). Queue: 373 rules.
25000 rules inserted. Base: 4972 rules (161 with conclusion selected). Queue: 327 rules.
25200 rules inserted. Base: 5003 rules (161 with conclusion selected). Queue: 267 rules.
25400 rules inserted. Base: 5014 rules (161 with conclusion selected). Queue: 222 rules.
25600 rules inserted. Base: 4992 rules (161 with conclusion selected). Queue: 167 rules.
25800 rules inserted. Base: 5017 rules (161 with conclusion selected). Queue: 99 rules.
26000 rules inserted. Base: 5033 rules (161 with conclusion selected). Queue: 14 rules.
ok, secrecy assumption verified: fact unreachable attacker_p2(q_id_i_i[])
ok, secrecy assumption verified: fact unreachable attacker_p1(q_id_i_i[])
ok, secrecy assumption verified: fact unreachable attacker(q_id_i_i[])
ok, secrecy assumption verified: fact unreachable attacker_p2(q_id_i_r[])
ok, secrecy assumption verified: fact unreachable attacker_p1(q_id_i_r[])
ok, secrecy assumption verified: fact unreachable attacker(q_id_i_r[])
ok, secrecy assumption verified: fact unreachable attacker_p2(q_id_r_i[])
ok, secrecy assumption verified: fact unreachable attacker_p1(q_id_r_i[])
ok, secrecy assumption verified: fact unreachable attacker(q_id_r_i[])
ok, secrecy assumption verified: fact unreachable attacker_p2(q_id_r_r[])
ok, secrecy assumption verified: fact unreachable attacker_p1(q_id_r_r[])
ok, secrecy assumption verified: fact unreachable attacker(q_id_r_r[])
ok, secrecy assumption verified: fact unreachable attacker(q_eph_x[])
ok, secrecy assumption verified: fact unreachable attacker_p1(q_eph_y[])
ok, secrecy assumption verified: fact unreachable attacker(q_eph_y[])
ok, secrecy assumption verified: fact unreachable attacker(q_shared_secret_i[])
ok, secrecy assumption verified: fact unreachable attacker(q_shared_secret_r[])
ok, secrecy assumption verified: fact unreachable attacker_p2(q_session_keys_i[])
ok, secrecy assumption verified: fact unreachable attacker_p1(q_session_keys_i[])
ok, secrecy assumption verified: fact unreachable attacker(q_session_keys_i[])
ok, secrecy assumption verified: fact unreachable attacker_p2(q_session_keys_r[])
ok, secrecy assumption verified: fact unreachable attacker_p1(q_session_keys_r[])
ok, secrecy assumption verified: fact unreachable attacker(q_session_keys_r[])
ok, secrecy assumption verified: fact unreachable attacker_p2(q_resumption_prekeys_i[])
ok, secrecy assumption verified: fact unreachable attacker_p1(q_resumption_prekeys_i[])
ok, secrecy assumption verified: fact unreachable attacker(q_resumption_prekeys_i[])
ok, secrecy assumption verified: fact unreachable attacker_p2(q_resumption_prekeys_r[])
ok, secrecy assumption verified: fact unreachable attacker_p1(q_resumption_prekeys_r[])
ok, secrecy assumption verified: fact unreachable attacker(q_resumption_prekeys_r[])
ok, secrecy assumption verified: fact unreachable attacker_p2(q_resumption_session_keys_i[])
ok, secrecy assumption verified: fact unreachable attacker_p1(q_resumption_session_keys_i[])
ok, secrecy assumption verified: fact unreachable attacker(q_resumption_session_keys_i[])
ok, secrecy assumption verified: fact unreachable attacker_p2(q_resumption_session_keys_r[])
ok, secrecy assumption verified: fact unreachable attacker_p1(q_resumption_session_keys_r[])
ok, secrecy assumption verified: fact unreachable attacker(q_resumption_session_keys_r[])
Starting query not attacker_p2(q_resumption_session_keys_i[])
RESULT not attacker_p2(q_resumption_session_keys_i[]) is true.
-- Query not attacker_p2(q_resumption_session_keys_r[]) in process 1.
Translating the process into Horn clauses...
Completing...
200 rules inserted. Base: 197 rules (103 with conclusion selected). Queue: 75 rules.
400 rules inserted. Base: 381 rules (120 with conclusion selected). Queue: 194 rules.
600 rules inserted. Base: 517 rules (120 with conclusion selected). Queue: 358 rules.
800 rules inserted. Base: 619 rules (120 with conclusion selected). Queue: 379 rules.
1000 rules inserted. Base: 695 rules (120 with conclusion selected). Queue: 466 rules.
1200 rules inserted. Base: 774 rules (126 with conclusion selected). Queue: 533 rules.
1400 rules inserted. Base: 909 rules (126 with conclusion selected). Queue: 510 rules.
1600 rules inserted. Base: 981 rules (137 with conclusion selected). Queue: 544 rules.
1800 rules inserted. Base: 1088 rules (137 with conclusion selected). Queue: 586 rules.
2000 rules inserted. Base: 1235 rules (137 with conclusion selected). Queue: 632 rules.
2200 rules inserted. Base: 1285 rules (137 with conclusion selected). Queue: 641 rules.
2400 rules inserted. Base: 1403 rules (137 with conclusion selected). Queue: 679 rules.
2600 rules inserted. Base: 1552 rules (138 with conclusion selected). Queue: 696 rules.
2800 rules inserted. Base: 1580 rules (144 with conclusion selected). Queue: 713 rules.
3000 rules inserted. Base: 1652 rules (144 with conclusion selected). Queue: 717 rules.
3200 rules inserted. Base: 1789 rules (147 with conclusion selected). Queue: 678 rules.
3400 rules inserted. Base: 1762 rules (147 with conclusion selected). Queue: 728 rules.
3600 rules inserted. Base: 1783 rules (147 with conclusion selected). Queue: 715 rules.
3800 rules inserted. Base: 1894 rules (147 with conclusion selected). Queue: 661 rules.
4000 rules inserted. Base: 1976 rules (147 with conclusion selected). Queue: 732 rules.
4200 rules inserted. Base: 2009 rules (147 with conclusion selected). Queue: 747 rules.
4400 rules inserted. Base: 2080 rules (147 with conclusion selected). Queue: 694 rules.
4600 rules inserted. Base: 2179 rules (151 with conclusion selected). Queue: 740 rules.
4800 rules inserted. Base: 2311 rules (151 with conclusion selected). Queue: 826 rules.
5000 rules inserted. Base: 2209 rules (151 with conclusion selected). Queue: 775 rules.
5200 rules inserted. Base: 2309 rules (154 with conclusion selected). Queue: 820 rules.
5400 rules inserted. Base: 2386 rules (154 with conclusion selected). Queue: 923 rules.
5600 rules inserted. Base: 2427 rules (154 with conclusion selected). Queue: 972 rules.
5800 rules inserted. Base: 2473 rules (155 with conclusion selected). Queue: 1000 rules.
6000 rules inserted. Base: 2579 rules (155 with conclusion selected). Queue: 1025 rules.
6200 rules inserted. Base: 2638 rules (156 with conclusion selected). Queue: 1102 rules.
6400 rules inserted. Base: 2705 rules (156 with conclusion selected). Queue: 1185 rules.
6600 rules inserted. Base: 2652 rules (156 with conclusion selected). Queue: 1176 rules.
6800 rules inserted. Base: 2712 rules (156 with conclusion selected). Queue: 1205 rules.
7000 rules inserted. Base: 2820 rules (156 with conclusion selected). Queue: 1229 rules.
7200 rules inserted. Base: 2888 rules (157 with conclusion selected). Queue: 1329 rules.
7400 rules inserted. Base: 2909 rules (157 with conclusion selected). Queue: 1364 rules.
7600 rules inserted. Base: 2730 rules (157 with conclusion selected). Queue: 1329 rules.
7800 rules inserted. Base: 2780 rules (157 with conclusion selected). Queue: 1339 rules.
8000 rules inserted. Base: 2821 rules (157 with conclusion selected). Queue: 1362 rules.
8200 rules inserted. Base: 2901 rules (157 with conclusion selected). Queue: 1375 rules.
8400 rules inserted. Base: 2949 rules (157 with conclusion selected). Queue: 1477 rules.
8600 rules inserted. Base: 2988 rules (157 with conclusion selected). Queue: 1471 rules.
8800 rules inserted. Base: 2971 rules (157 with conclusion selected). Queue: 1400 rules.
9000 rules inserted. Base: 3039 rules (157 with conclusion selected). Queue: 1450 rules.
9200 rules inserted. Base: 3100 rules (158 with conclusion selected). Queue: 1449 rules.
9400 rules inserted. Base: 3144 rules (158 with conclusion selected). Queue: 1430 rules.
9600 rules inserted. Base: 3200 rules (158 with conclusion selected). Queue: 1483 rules.
9800 rules inserted. Base: 3262 rules (159 with conclusion selected). Queue: 1556 rules.
10000 rules inserted. Base: 3314 rules (159 with conclusion selected). Queue: 1517 rules.
10200 rules inserted. Base: 3356 rules (159 with conclusion selected). Queue: 1504 rules.
10400 rules inserted. Base: 3424 rules (159 with conclusion selected). Queue: 1541 rules.
10600 rules inserted. Base: 3453 rules (159 with conclusion selected). Queue: 1497 rules.
10800 rules inserted. Base: 3490 rules (159 with conclusion selected). Queue: 1465 rules.
11000 rules inserted. Base: 3524 rules (159 with conclusion selected). Queue: 1469 rules.
11200 rules inserted. Base: 3575 rules (159 with conclusion selected). Queue: 1509 rules.
11400 rules inserted. Base: 3570 rules (159 with conclusion selected). Queue: 1466 rules.
11600 rules inserted. Base: 3603 rules (159 with conclusion selected). Queue: 1458 rules.
11800 rules inserted. Base: 3649 rules (159 with conclusion selected). Queue: 1480 rules.
12000 rules inserted. Base: 3699 rules (159 with conclusion selected). Queue: 1447 rules.
12200 rules inserted. Base: 3737 rules (160 with conclusion selected). Queue: 1422 rules.
12400 rules inserted. Base: 3758 rules (160 with conclusion selected). Queue: 1441 rules.
12600 rules inserted. Base: 3758 rules (160 with conclusion selected). Queue: 1431 rules.
12800 rules inserted. Base: 3706 rules (161 with conclusion selected). Queue: 1383 rules.
13000 rules inserted. Base: 3728 rules (161 with conclusion selected). Queue: 1355 rules.
13200 rules inserted. Base: 3798 rules (161 with conclusion selected). Queue: 1384 rules.
13400 rules inserted. Base: 3803 rules (161 with conclusion selected). Queue: 1348 rules.
13600 rules inserted. Base: 3799 rules (161 with conclusion selected). Queue: 1324 rules.
13800 rules inserted. Base: 3838 rules (161 with conclusion selected). Queue: 1372 rules.
14000 rules inserted. Base: 3784 rules (161 with conclusion selected). Queue: 1310 rules.
14200 rules inserted. Base: 3814 rules (161 with conclusion selected). Queue: 1280 rules.
14400 rules inserted. Base: 3856 rules (161 with conclusion selected). Queue: 1284 rules.
14600 rules inserted. Base: 3886 rules (161 with conclusion selected). Queue: 1263 rules.
14800 rules inserted. Base: 3848 rules (161 with conclusion selected). Queue: 1220 rules.
15000 rules inserted. Base: 3874 rules (161 with conclusion selected). Queue: 1220 rules.
15200 rules inserted. Base: 3915 rules (161 with conclusion selected). Queue: 1145 rules.
15400 rules inserted. Base: 3924 rules (161 with conclusion selected). Queue: 1108 rules.
15600 rules inserted. Base: 3956 rules (161 with conclusion selected). Queue: 1096 rules.
15800 rules inserted. Base: 3984 rules (161 with conclusion selected). Queue: 1077 rules.
16000 rules inserted. Base: 4019 rules (161 with conclusion selected). Queue: 1029 rules.
16200 rules inserted. Base: 4028 rules (161 with conclusion selected). Queue: 975 rules.
16400 rules inserted. Base: 4084 rules (161 with conclusion selected). Queue: 938 rules.
16600 rules inserted. Base: 4111 rules (161 with conclusion selected). Queue: 899 rules.
16800 rules inserted. Base: 4121 rules (161 with conclusion selected). Queue: 861 rules.
17000 rules inserted. Base: 4149 rules (161 with conclusion selected). Queue: 801 rules.
17200 rules inserted. Base: 4147 rules (161 with conclusion selected). Queue: 757 rules.
17400 rules inserted. Base: 4154 rules (161 with conclusion selected). Queue: 718 rules.
17600 rules inserted. Base: 4185 rules (161 with conclusion selected). Queue: 696 rules.
17800 rules inserted. Base: 4184 rules (161 with conclusion selected). Queue: 639 rules.
18000 rules inserted. Base: 4175 rules (161 with conclusion selected). Queue: 600 rules.
18200 rules inserted. Base: 4168 rules (161 with conclusion selected). Queue: 584 rules.
18400 rules inserted. Base: 4214 rules (161 with conclusion selected). Queue: 548 rules.
18600 rules inserted. Base: 4270 rules (161 with conclusion selected). Queue: 525 rules.
18800 rules inserted. Base: 4324 rules (161 with conclusion selected). Queue: 551 rules.
19000 rules inserted. Base: 4358 rules (161 with conclusion selected). Queue: 509 rules.
19200 rules inserted. Base: 4361 rules (161 with conclusion selected). Queue: 495 rules.
19400 rules inserted. Base: 4397 rules (161 with conclusion selected). Queue: 492 rules.
19600 rules inserted. Base: 4441 rules (161 with conclusion selected). Queue: 492 rules.
19800 rules inserted. Base: 4461 rules (161 with conclusion selected). Queue: 536 rules.
20000 rules inserted. Base: 4490 rules (161 with conclusion selected). Queue: 532 rules.
20200 rules inserted. Base: 4523 rules (161 with conclusion selected). Queue: 516 rules.
20400 rules inserted. Base: 4554 rules (161 with conclusion selected). Queue: 504 rules.
20600 rules inserted. Base: 4563 rules (161 with conclusion selected). Queue: 488 rules.
20800 rules inserted. Base: 4575 rules (161 with conclusion selected). Queue: 497 rules.
21000 rules inserted. Base: 4600 rules (161 with conclusion selected). Queue: 490 rules.
21200 rules inserted. Base: 4606 rules (161 with conclusion selected). Queue: 500 rules.
21400 rules inserted. Base: 4629 rules (161 with conclusion selected). Queue: 481 rules.
21600 rules inserted. Base: 4639 rules (161 with conclusion selected). Queue: 465 rules.
21800 rules inserted. Base: 4664 rules (161 with conclusion selected). Queue: 464 rules.
22000 rules inserted. Base: 4689 rules (161 with conclusion selected). Queue: 447 rules.
22200 rules inserted. Base: 4728 rules (161 with conclusion selected). Queue: 467 rules.
22400 rules inserted. Base: 4755 rules (161 with conclusion selected). Queue: 463 rules.
22600 rules inserted. Base: 4751 rules (161 with conclusion selected). Queue: 495 rules.
22800 rules inserted. Base: 4769 rules (161 with conclusion selected). Queue: 497 rules.
23000 rules inserted. Base: 4786 rules (161 with conclusion selected). Queue: 535 rules.
23200 rules inserted. Base: 4817 rules (161 with conclusion selected). Queue: 527 rules.
23400 rules inserted. Base: 4851 rules (161 with conclusion selected). Queue: 514 rules.
23600 rules inserted. Base: 4866 rules (161 with conclusion selected). Queue: 508 rules.
23800 rules inserted. Base: 4890 rules (161 with conclusion selected). Queue: 494 rules.
24000 rules inserted. Base: 4897 rules (161 with conclusion selected). Queue: 485 rules.
24200 rules inserted. Base: 4913 rules (161 with conclusion selected). Queue: 465 rules.
24400 rules inserted. Base: 4919 rules (161 with conclusion selected). Queue: 443 rules.
24600 rules inserted. Base: 4956 rules (161 with conclusion selected). Queue: 404 rules.
24800 rules inserted. Base: 4959 rules (161 with conclusion selected). Queue: 373 rules.
25000 rules inserted. Base: 4972 rules (161 with conclusion selected). Queue: 327 rules.
25200 rules inserted. Base: 5003 rules (161 with conclusion selected). Queue: 267 rules.
25400 rules inserted. Base: 5014 rules (161 with conclusion selected). Queue: 222 rules.
25600 rules inserted. Base: 4992 rules (161 with conclusion selected). Queue: 167 rules.
25800 rules inserted. Base: 5017 rules (161 with conclusion selected). Queue: 99 rules.
26000 rules inserted. Base: 5033 rules (161 with conclusion selected). Queue: 14 rules.
ok, secrecy assumption verified: fact unreachable attacker_p2(q_id_i_i[])
ok, secrecy assumption verified: fact unreachable attacker_p1(q_id_i_i[])
ok, secrecy assumption verified: fact unreachable attacker(q_id_i_i[])
ok, secrecy assumption verified: fact unreachable attacker_p2(q_id_i_r[])
ok, secrecy assumption verified: fact unreachable attacker_p1(q_id_i_r[])
ok, secrecy assumption verified: fact unreachable attacker(q_id_i_r[])
ok, secrecy assumption verified: fact unreachable attacker_p2(q_id_r_i[])
ok, secrecy assumption verified: fact unreachable attacker_p1(q_id_r_i[])
ok, secrecy assumption verified: fact unreachable attacker(q_id_r_i[])
ok, secrecy assumption verified: fact unreachable attacker_p2(q_id_r_r[])
ok, secrecy assumption verified: fact unreachable attacker_p1(q_id_r_r[])
ok, secrecy assumption verified: fact unreachable attacker(q_id_r_r[])
ok, secrecy assumption verified: fact unreachable attacker(q_eph_x[])
ok, secrecy assumption verified: fact unreachable attacker_p1(q_eph_y[])
ok, secrecy assumption verified: fact unreachable attacker(q_eph_y[])
ok, secrecy assumption verified: fact unreachable attacker(q_shared_secret_i[])
ok, secrecy assumption verified: fact unreachable attacker(q_shared_secret_r[])
ok, secrecy assumption verified: fact unreachable attacker_p2(q_session_keys_i[])
ok, secrecy assumption verified: fact unreachable attacker_p1(q_session_keys_i[])
ok, secrecy assumption verified: fact unreachable attacker(q_session_keys_i[])
ok, secrecy assumption verified: fact unreachable attacker_p2(q_session_keys_r[])
ok, secrecy assumption verified: fact unreachable attacker_p1(q_session_keys_r[])
ok, secrecy assumption verified: fact unreachable attacker(q_session_keys_r[])
ok, secrecy assumption verified: fact unreachable attacker_p2(q_resumption_prekeys_i[])
ok, secrecy assumption verified: fact unreachable attacker_p1(q_resumption_prekeys_i[])
ok, secrecy assumption verified: fact unreachable attacker(q_resumption_prekeys_i[])
ok, secrecy assumption verified: fact unreachable attacker_p2(q_resumption_prekeys_r[])
ok, secrecy assumption verified: fact unreachable attacker_p1(q_resumption_prekeys_r[])
ok, secrecy assumption verified: fact unreachable attacker(q_resumption_prekeys_r[])
ok, secrecy assumption verified: fact unreachable attacker_p2(q_resumption_session_keys_i[])
ok, secrecy assumption verified: fact unreachable attacker_p1(q_resumption_session_keys_i[])
ok, secrecy assumption verified: fact unreachable attacker(q_resumption_session_keys_i[])
ok, secrecy assumption verified: fact unreachable attacker_p2(q_resumption_session_keys_r[])
ok, secrecy assumption verified: fact unreachable attacker_p1(q_resumption_session_keys_r[])
ok, secrecy assumption verified: fact unreachable attacker(q_resumption_session_keys_r[])
Starting query not attacker_p2(q_resumption_session_keys_r[])
RESULT not attacker_p2(q_resumption_session_keys_r[]) is true.
-- Query not event(did_not_reach_end_initiator(x_1)) in process 1.
Translating the process into Horn clauses...
Completing...
200 rules inserted. Base: 197 rules (103 with conclusion selected). Queue: 77 rules.
400 rules inserted. Base: 381 rules (116 with conclusion selected). Queue: 196 rules.
600 rules inserted. Base: 518 rules (120 with conclusion selected). Queue: 341 rules.
800 rules inserted. Base: 622 rules (120 with conclusion selected). Queue: 372 rules.
1000 rules inserted. Base: 699 rules (120 with conclusion selected). Queue: 471 rules.
1200 rules inserted. Base: 779 rules (126 with conclusion selected). Queue: 531 rules.
1400 rules inserted. Base: 909 rules (126 with conclusion selected). Queue: 513 rules.
1600 rules inserted. Base: 989 rules (137 with conclusion selected). Queue: 540 rules.
1800 rules inserted. Base: 1088 rules (137 with conclusion selected). Queue: 591 rules.
2000 rules inserted. Base: 1234 rules (137 with conclusion selected). Queue: 624 rules.
2200 rules inserted. Base: 1289 rules (137 with conclusion selected). Queue: 642 rules.
2400 rules inserted. Base: 1407 rules (137 with conclusion selected). Queue: 677 rules.
2600 rules inserted. Base: 1551 rules (137 with conclusion selected). Queue: 695 rules.
2800 rules inserted. Base: 1586 rules (144 with conclusion selected). Queue: 715 rules.
3000 rules inserted. Base: 1654 rules (144 with conclusion selected). Queue: 719 rules.
3200 rules inserted. Base: 1786 rules (147 with conclusion selected). Queue: 687 rules.
3400 rules inserted. Base: 1771 rules (147 with conclusion selected). Queue: 729 rules.
3600 rules inserted. Base: 1784 rules (147 with conclusion selected). Queue: 723 rules.
3800 rules inserted. Base: 1895 rules (147 with conclusion selected). Queue: 666 rules.
4000 rules inserted. Base: 1976 rules (147 with conclusion selected). Queue: 709 rules.
4200 rules inserted. Base: 2024 rules (147 with conclusion selected). Queue: 750 rules.
4400 rules inserted. Base: 2103 rules (147 with conclusion selected). Queue: 704 rules.
4600 rules inserted. Base: 2182 rules (151 with conclusion selected). Queue: 731 rules.
4800 rules inserted. Base: 2306 rules (151 with conclusion selected). Queue: 838 rules.
5000 rules inserted. Base: 2214 rules (151 with conclusion selected). Queue: 784 rules.
5200 rules inserted. Base: 2299 rules (154 with conclusion selected). Queue: 828 rules.
5400 rules inserted. Base: 2387 rules (154 with conclusion selected). Queue: 897 rules.
5600 rules inserted. Base: 2442 rules (154 with conclusion selected). Queue: 975 rules.
5800 rules inserted. Base: 2468 rules (154 with conclusion selected). Queue: 1006 rules.
6000 rules inserted. Base: 2565 rules (155 with conclusion selected). Queue: 1040 rules.
6200 rules inserted. Base: 2645 rules (156 with conclusion selected). Queue: 1096 rules.
6400 rules inserted. Base: 2714 rules (156 with conclusion selected). Queue: 1186 rules.
6600 rules inserted. Base: 2660 rules (156 with conclusion selected). Queue: 1187 rules.
6800 rules inserted. Base: 2715 rules (156 with conclusion selected). Queue: 1195 rules.
7000 rules inserted. Base: 2813 rules (156 with conclusion selected). Queue: 1237 rules.
7200 rules inserted. Base: 2892 rules (156 with conclusion selected). Queue: 1304 rules.
7400 rules inserted. Base: 2922 rules (157 with conclusion selected). Queue: 1356 rules.
7600 rules inserted. Base: 2760 rules (157 with conclusion selected). Queue: 1341 rules.
7800 rules inserted. Base: 2783 rules (157 with conclusion selected). Queue: 1332 rules.
8000 rules inserted. Base: 2841 rules (157 with conclusion selected). Queue: 1353 rules.
8200 rules inserted. Base: 2906 rules (157 with conclusion selected). Queue: 1357 rules.
8400 rules inserted. Base: 2962 rules (157 with conclusion selected). Queue: 1442 rules.
8600 rules inserted. Base: 2998 rules (157 with conclusion selected). Queue: 1476 rules.
8800 rules inserted. Base: 3029 rules (157 with conclusion selected). Queue: 1432 rules.
9000 rules inserted. Base: 3044 rules (157 with conclusion selected). Queue: 1440 rules.
9200 rules inserted. Base: 3111 rules (158 with conclusion selected). Queue: 1455 rules.
9400 rules inserted. Base: 3162 rules (158 with conclusion selected). Queue: 1442 rules.
9600 rules inserted. Base: 3215 rules (158 with conclusion selected). Queue: 1471 rules.
9800 rules inserted. Base: 3276 rules (158 with conclusion selected). Queue: 1562 rules.
10000 rules inserted. Base: 3328 rules (159 with conclusion selected). Queue: 1536 rules.
10200 rules inserted. Base: 3373 rules (159 with conclusion selected). Queue: 1510 rules.
10400 rules inserted. Base: 3419 rules (159 with conclusion selected). Queue: 1534 rules.
10600 rules inserted. Base: 3474 rules (159 with conclusion selected). Queue: 1513 rules.
10800 rules inserted. Base: 3500 rules (159 with conclusion selected). Queue: 1468 rules.
11000 rules inserted. Base: 3535 rules (159 with conclusion selected). Queue: 1466 rules.
11200 rules inserted. Base: 3592 rules (159 with conclusion selected). Queue: 1524 rules.
11400 rules inserted. Base: 3579 rules (159 with conclusion selected). Queue: 1485 rules.
11600 rules inserted. Base: 3607 rules (159 with conclusion selected). Queue: 1463 rules.
11800 rules inserted. Base: 3644 rules (159 with conclusion selected). Queue: 1462 rules.
12000 rules inserted. Base: 3712 rules (159 with conclusion selected). Queue: 1466 rules.
12200 rules inserted. Base: 3750 rules (161 with conclusion selected). Queue: 1428 rules.
12400 rules inserted. Base: 3764 rules (161 with conclusion selected). Queue: 1420 rules.
12600 rules inserted. Base: 3790 rules (161 with conclusion selected). Queue: 1454 rules.
12800 rules inserted. Base: 3720 rules (163 with conclusion selected). Queue: 1400 rules.
13000 rules inserted. Base: 3747 rules (163 with conclusion selected). Queue: 1359 rules.
13200 rules inserted. Base: 3797 rules (163 with conclusion selected). Queue: 1377 rules.
13400 rules inserted. Base: 3821 rules (163 with conclusion selected). Queue: 1356 rules.
13600 rules inserted. Base: 3821 rules (163 with conclusion selected). Queue: 1317 rules.
13800 rules inserted. Base: 3847 rules (163 with conclusion selected). Queue: 1381 rules.
14000 rules inserted. Base: 3785 rules (163 with conclusion selected). Queue: 1331 rules.
14200 rules inserted. Base: 3829 rules (163 with conclusion selected). Queue: 1289 rules.
14400 rules inserted. Base: 3856 rules (163 with conclusion selected). Queue: 1282 rules.
14600 rules inserted. Base: 3908 rules (163 with conclusion selected). Queue: 1278 rules.
14800 rules inserted. Base: 3893 rules (163 with conclusion selected). Queue: 1236 rules.
15000 rules inserted. Base: 3896 rules (163 with conclusion selected). Queue: 1216 rules.
15200 rules inserted. Base: 3939 rules (163 with conclusion selected). Queue: 1165 rules.
15400 rules inserted. Base: 3941 rules (163 with conclusion selected). Queue: 1112 rules.
15600 rules inserted. Base: 3965 rules (163 with conclusion selected). Queue: 1097 rules.
15800 rules inserted. Base: 3996 rules (163 with conclusion selected). Queue: 1081 rules.
16000 rules inserted. Base: 4027 rules (163 with conclusion selected). Queue: 1045 rules.
16200 rules inserted. Base: 4052 rules (163 with conclusion selected). Queue: 1005 rules.
16400 rules inserted. Base: 4087 rules (163 with conclusion selected). Queue: 951 rules.
16600 rules inserted. Base: 4124 rules (163 with conclusion selected). Queue: 915 rules.
16800 rules inserted. Base: 4145 rules (163 with conclusion selected). Queue: 865 rules.
17000 rules inserted. Base: 4168 rules (163 with conclusion selected). Queue: 816 rules.
17200 rules inserted. Base: 4160 rules (163 with conclusion selected). Queue: 756 rules.
17400 rules inserted. Base: 4173 rules (163 with conclusion selected). Queue: 732 rules.
17600 rules inserted. Base: 4194 rules (163 with conclusion selected). Queue: 676 rules.
17800 rules inserted. Base: 4229 rules (163 with conclusion selected). Queue: 657 rules.
18000 rules inserted. Base: 4193 rules (163 with conclusion selected). Queue: 619 rules.
18200 rules inserted. Base: 4198 rules (163 with conclusion selected). Queue: 568 rules.
18400 rules inserted. Base: 4225 rules (163 with conclusion selected). Queue: 566 rules.
18600 rules inserted. Base: 4274 rules (163 with conclusion selected). Queue: 546 rules.
18800 rules inserted. Base: 4335 rules (163 with conclusion selected). Queue: 538 rules.
19000 rules inserted. Base: 4372 rules (163 with conclusion selected). Queue: 498 rules.
19200 rules inserted. Base: 4384 rules (163 with conclusion selected). Queue: 486 rules.
19400 rules inserted. Base: 4409 rules (163 with conclusion selected). Queue: 518 rules.
19600 rules inserted. Base: 4452 rules (163 with conclusion selected). Queue: 522 rules.
19800 rules inserted. Base: 4482 rules (163 with conclusion selected). Queue: 527 rules.
20000 rules inserted. Base: 4509 rules (163 with conclusion selected). Queue: 521 rules.
20200 rules inserted. Base: 4542 rules (163 with conclusion selected). Queue: 493 rules.
20400 rules inserted. Base: 4565 rules (163 with conclusion selected). Queue: 507 rules.
20600 rules inserted. Base: 4585 rules (163 with conclusion selected). Queue: 507 rules.
20800 rules inserted. Base: 4586 rules (163 with conclusion selected). Queue: 513 rules.
21000 rules inserted. Base: 4613 rules (163 with conclusion selected). Queue: 481 rules.
21200 rules inserted. Base: 4641 rules (163 with conclusion selected). Queue: 483 rules.
21400 rules inserted. Base: 4655 rules (163 with conclusion selected). Queue: 486 rules.
21600 rules inserted. Base: 4659 rules (163 with conclusion selected). Queue: 473 rules.
21800 rules inserted. Base: 4682 rules (163 with conclusion selected). Queue: 475 rules.
22000 rules inserted. Base: 4719 rules (163 with conclusion selected). Queue: 470 rules.
22200 rules inserted. Base: 4739 rules (163 with conclusion selected). Queue: 474 rules.
22400 rules inserted. Base: 4768 rules (163 with conclusion selected). Queue: 480 rules.
22600 rules inserted. Base: 4761 rules (163 with conclusion selected). Queue: 506 rules.
22800 rules inserted. Base: 4775 rules (163 with conclusion selected). Queue: 494 rules.
23000 rules inserted. Base: 4805 rules (163 with conclusion selected). Queue: 506 rules.
23200 rules inserted. Base: 4840 rules (163 with conclusion selected). Queue: 510 rules.
23400 rules inserted. Base: 4870 rules (163 with conclusion selected). Queue: 501 rules.
23600 rules inserted. Base: 4896 rules (163 with conclusion selected). Queue: 514 rules.
23800 rules inserted. Base: 4895 rules (163 with conclusion selected). Queue: 516 rules.
24000 rules inserted. Base: 4932 rules (163 with conclusion selected). Queue: 512 rules.
24200 rules inserted. Base: 4940 rules (163 with conclusion selected). Queue: 466 rules.
24400 rules inserted. Base: 4957 rules (163 with conclusion selected). Queue: 442 rules.
24600 rules inserted. Base: 4971 rules (163 with conclusion selected). Queue: 414 rules.
24800 rules inserted. Base: 4982 rules (163 with conclusion selected). Queue: 384 rules.
25000 rules inserted. Base: 4990 rules (163 with conclusion selected). Queue: 333 rules.
25200 rules inserted. Base: 5002 rules (163 with conclusion selected). Queue: 288 rules.
25400 rules inserted. Base: 5037 rules (163 with conclusion selected). Queue: 236 rules.
25600 rules inserted. Base: 5010 rules (163 with conclusion selected). Queue: 192 rules.
25800 rules inserted. Base: 5036 rules (163 with conclusion selected). Queue: 125 rules.
26000 rules inserted. Base: 5045 rules (163 with conclusion selected). Queue: 48 rules.
ok, secrecy assumption verified: fact unreachable attacker_p2(q_id_i_i[])
ok, secrecy assumption verified: fact unreachable attacker_p1(q_id_i_i[])
ok, secrecy assumption verified: fact unreachable attacker(q_id_i_i[])
ok, secrecy assumption verified: fact unreachable attacker_p2(q_id_i_r[])
ok, secrecy assumption verified: fact unreachable attacker_p1(q_id_i_r[])
ok, secrecy assumption verified: fact unreachable attacker(q_id_i_r[])
ok, secrecy assumption verified: fact unreachable attacker_p2(q_id_r_i[])
ok, secrecy assumption verified: fact unreachable attacker_p1(q_id_r_i[])
ok, secrecy assumption verified: fact unreachable attacker(q_id_r_i[])
ok, secrecy assumption verified: fact unreachable attacker_p2(q_id_r_r[])
ok, secrecy assumption verified: fact unreachable attacker_p1(q_id_r_r[])
ok, secrecy assumption verified: fact unreachable attacker(q_id_r_r[])
ok, secrecy assumption verified: fact unreachable attacker(q_eph_x[])
ok, secrecy assumption verified: fact unreachable attacker_p1(q_eph_y[])
ok, secrecy assumption verified: fact unreachable attacker(q_eph_y[])
ok, secrecy assumption verified: fact unreachable attacker(q_shared_secret_i[])
ok, secrecy assumption verified: fact unreachable attacker(q_shared_secret_r[])
ok, secrecy assumption verified: fact unreachable attacker_p2(q_session_keys_i[])
ok, secrecy assumption verified: fact unreachable attacker_p1(q_session_keys_i[])
ok, secrecy assumption verified: fact unreachable attacker(q_session_keys_i[])
ok, secrecy assumption verified: fact unreachable attacker_p2(q_session_keys_r[])
ok, secrecy assumption verified: fact unreachable attacker_p1(q_session_keys_r[])
ok, secrecy assumption verified: fact unreachable attacker(q_session_keys_r[])
ok, secrecy assumption verified: fact unreachable attacker_p2(q_resumption_prekeys_i[])
ok, secrecy assumption verified: fact unreachable attacker_p1(q_resumption_prekeys_i[])
ok, secrecy assumption verified: fact unreachable attacker(q_resumption_prekeys_i[])
ok, secrecy assumption verified: fact unreachable attacker_p2(q_resumption_prekeys_r[])
ok, secrecy assumption verified: fact unreachable attacker_p1(q_resumption_prekeys_r[])
ok, secrecy assumption verified: fact unreachable attacker(q_resumption_prekeys_r[])
ok, secrecy assumption verified: fact unreachable attacker_p2(q_resumption_session_keys_i[])
ok, secrecy assumption verified: fact unreachable attacker_p1(q_resumption_session_keys_i[])
ok, secrecy assumption verified: fact unreachable attacker(q_resumption_session_keys_i[])
ok, secrecy assumption verified: fact unreachable attacker_p2(q_resumption_session_keys_r[])
ok, secrecy assumption verified: fact unreachable attacker_p1(q_resumption_session_keys_r[])
ok, secrecy assumption verified: fact unreachable attacker(q_resumption_session_keys_r[])
Starting query not event(did_not_reach_end_initiator(x_1))
goal reachable: event(did_not_reach_end_initiator(dummy_2))
Abbreviations:
fresh_x_1 = fresh_x[!1 = @sid]
initiator_random_2 = initiator_random[!1 = @sid]
fresh_y_1 = fresh_y[msg1_1 = (mul_point(P,hash((seed_x[],fresh_x_1))),initiator_random_2),!1 = @sid_1]
responder_random_2 = responder_random_1[msg1_1 = (mul_point(P,hash((seed_x[],fresh_x_1))),initiator_random_2),!1 = @sid_1]
responder_noc_key_2 = responder_noc_key[!1 = @sid_1]
resumption_id_4 = resumption_id_1[msg1_1 = (mul_point(P,hash((seed_x[],fresh_x_1))),initiator_random_2),!1 = @sid_1]
initiator_noc_key_2 = initiator_noc_key[!1 = @sid]
res_initiator_random_2 = res_initiator_random[msg2 = (responder_random_2,mul_point(P,hash((seed_y[],fresh_y_1))),aead_enc(kdf(mul_point(mul_point(P,hash((seed_y[],fresh_y_1))),hash((seed_x[],fresh_x_1))),(ipk[],responder_random_2,mul_point(P,hash((seed_y[],fresh_y_1))),hash((mul_point(P,hash((seed_x[],fresh_x_1))),initiator_random_2))),sigma2_info),(mul_point(P,responder_noc_key_2),sign(noc_signing_key[],mul_point(P,responder_noc_key_2)),sign(responder_noc_key_2,(mul_point(P,responder_noc_key_2),mul_point(P,hash((seed_y[],fresh_y_1))),mul_point(P,hash((seed_x[],fresh_x_1))))),resumption_id_4),ncase_sigma2n,nil)),!1 = @sid]
resumption_id_5 = resumption_id_3[initiator_resume1_mic_1 = aead_enc(kdf(kdf(mul_point(mul_point(P,hash((seed_y[],fresh_y_1))),hash((seed_x[],fresh_x_1))),(ipk[],hash(((mul_point(P,hash((seed_x[],fresh_x_1))),initiator_random_2),(responder_random_2,mul_point(P,hash((seed_y[],fresh_y_1))),aead_enc(kdf(mul_point(mul_point(P,hash((seed_y[],fresh_y_1))),hash((seed_x[],fresh_x_1))),(ipk[],responder_random_2,mul_point(P,hash((seed_y[],fresh_y_1))),hash((mul_point(P,hash((seed_x[],fresh_x_1))),initiator_random_2))),sigma2_info),(mul_point(P,responder_noc_key_2),sign(noc_signing_key[],mul_point(P,responder_noc_key_2)),sign(responder_noc_key_2,(mul_point(P,responder_noc_key_2),mul_point(P,hash((seed_y[],fresh_y_1))),mul_point(P,hash((seed_x[],fresh_x_1))))),resumption_id_4),ncase_sigma2n,nil)),aead_enc(kdf(mul_point(mul_point(P,hash((seed_y[],fresh_y_1))),hash((seed_x[],fresh_x_1))),(ipk[],hash(((mul_point(P,hash((seed_x[],fresh_x_1))),initiator_random_2),(responder_random_2,mul_point(P,hash((seed_y[],fresh_y_1))),aead_enc(kdf(mul_point(mul_point(P,hash((seed_y[],fresh_y_1))),hash((seed_x[],fresh_x_1))),(ipk[],responder_random_2,mul_point(P,hash((seed_y[],fresh_y_1))),hash((mul_point(P,hash((seed_x[],fresh_x_1))),initiator_random_2))),sigma2_info),(mul_point(P,responder_noc_key_2),sign(noc_signing_key[],mul_point(P,responder_noc_key_2)),sign(responder_noc_key_2,(mul_point(P,responder_noc_key_2),mul_point(P,hash((seed_y[],fresh_y_1))),mul_point(P,hash((seed_x[],fresh_x_1))))),resumption_id_4),ncase_sigma2n,nil))))),sigma3_info),(mul_point(P,initiator_noc_key_2),sign(noc_signing_key[],mul_point(P,initiator_noc_key_2)),sign(initiator_noc_key_2,(mul_point(P,initiator_noc_key_2),mul_point(P,hash((seed_x[],fresh_x_1))),mul_point(P,hash((seed_y[],fresh_y_1)))))),ncase_sigma3n,nil)))),resumption_prekey_info),(res_initiator_random_2,resumption_id_4),sigma1_resume),nil,resume1mic_nonce,nil),resumption_id_2 = resumption_id_4,res_initiator_random_1 = res_initiator_random_2,msg3_1 = aead_enc(kdf(mul_point(mul_point(P,hash((seed_y[],fresh_y_1))),hash((seed_x[],fresh_x_1))),(ipk[],hash(((mul_point(P,hash((seed_x[],fresh_x_1))),initiator_random_2),(responder_random_2,mul_point(P,hash((seed_y[],fresh_y_1))),aead_enc(kdf(mul_point(mul_point(P,hash((seed_y[],fresh_y_1))),hash((seed_x[],fresh_x_1))),(ipk[],responder_random_2,mul_point(P,hash((seed_y[],fresh_y_1))),hash((mul_point(P,hash((seed_x[],fresh_x_1))),initiator_random_2))),sigma2_info),(mul_point(P,responder_noc_key_2),sign(noc_signing_key[],mul_point(P,responder_noc_key_2)),sign(responder_noc_key_2,(mul_point(P,responder_noc_key_2),mul_point(P,hash((seed_y[],fresh_y_1))),mul_point(P,hash((seed_x[],fresh_x_1))))),resumption_id_4),ncase_sigma2n,nil))))),sigma3_info),(mul_point(P,initiator_noc_key_2),sign(noc_signing_key[],mul_point(P,initiator_noc_key_2)),sign(initiator_noc_key_2,(mul_point(P,initiator_noc_key_2),mul_point(P,hash((seed_x[],fresh_x_1))),mul_point(P,hash((seed_y[],fresh_y_1)))))),ncase_sigma3n,nil),msg1_1 = (mul_point(P,hash((seed_x[],fresh_x_1))),initiator_random_2),!1 = @sid_1]
dummy_2 = dummy[responder_resume2_mic = aead_enc(kdf(kdf(mul_point(mul_point(P,hash((seed_y[],fresh_y_1))),hash((seed_x[],fresh_x_1))),(ipk[],hash(((mul_point(P,hash((seed_x[],fresh_x_1))),initiator_random_2),(responder_random_2,mul_point(P,hash((seed_y[],fresh_y_1))),aead_enc(kdf(mul_point(mul_point(P,hash((seed_y[],fresh_y_1))),hash((seed_x[],fresh_x_1))),(ipk[],responder_random_2,mul_point(P,hash((seed_y[],fresh_y_1))),hash((mul_point(P,hash((seed_x[],fresh_x_1))),initiator_random_2))),sigma2_info),(mul_point(P,responder_noc_key_2),sign(noc_signing_key[],mul_point(P,responder_noc_key_2)),sign(responder_noc_key_2,(mul_point(P,responder_noc_key_2),mul_point(P,hash((seed_y[],fresh_y_1))),mul_point(P,hash((seed_x[],fresh_x_1))))),resumption_id_4),ncase_sigma2n,nil)),aead_enc(kdf(mul_point(mul_point(P,hash((seed_y[],fresh_y_1))),hash((seed_x[],fresh_x_1))),(ipk[],hash(((mul_point(P,hash((seed_x[],fresh_x_1))),initiator_random_2),(responder_random_2,mul_point(P,hash((seed_y[],fresh_y_1))),aead_enc(kdf(mul_point(mul_point(P,hash((seed_y[],fresh_y_1))),hash((seed_x[],fresh_x_1))),(ipk[],responder_random_2,mul_point(P,hash((seed_y[],fresh_y_1))),hash((mul_point(P,hash((seed_x[],fresh_x_1))),initiator_random_2))),sigma2_info),(mul_point(P,responder_noc_key_2),sign(noc_signing_key[],mul_point(P,responder_noc_key_2)),sign(responder_noc_key_2,(mul_point(P,responder_noc_key_2),mul_point(P,hash((seed_y[],fresh_y_1))),mul_point(P,hash((seed_x[],fresh_x_1))))),resumption_id_4),ncase_sigma2n,nil))))),sigma3_info),(mul_point(P,initiator_noc_key_2),sign(noc_signing_key[],mul_point(P,initiator_noc_key_2)),sign(initiator_noc_key_2,(mul_point(P,initiator_noc_key_2),mul_point(P,hash((seed_x[],fresh_x_1))),mul_point(P,hash((seed_y[],fresh_y_1)))))),ncase_sigma3n,nil)))),resumption_prekey_info),(res_initiator_random_2,resumption_id_5),sigma2_resume),nil,resume2mic_nonce,nil),res_resumption_id = resumption_id_5,msg2 = (responder_random_2,mul_point(P,hash((seed_y[],fresh_y_1))),aead_enc(kdf(mul_point(mul_point(P,hash((seed_y[],fresh_y_1))),hash((seed_x[],fresh_x_1))),(ipk[],responder_random_2,mul_point(P,hash((seed_y[],fresh_y_1))),hash((mul_point(P,hash((seed_x[],fresh_x_1))),initiator_random_2))),sigma2_info),(mul_point(P,responder_noc_key_2),sign(noc_signing_key[],mul_point(P,responder_noc_key_2)),sign(responder_noc_key_2,(mul_point(P,responder_noc_key_2),mul_point(P,hash((seed_y[],fresh_y_1))),mul_point(P,hash((seed_x[],fresh_x_1))))),resumption_id_4),ncase_sigma2n,nil)),!1 = @sid]

Derivation:
Abbreviations:
fresh_x_1 = fresh_x[!1 = @sid]
initiator_random_2 = initiator_random[!1 = @sid]
fresh_y_1 = fresh_y[msg1_1 = (mul_point(P,hash((seed_x[],fresh_x_1))),initiator_random_2),!1 = @sid_1]
responder_random_2 = responder_random_1[msg1_1 = (mul_point(P,hash((seed_x[],fresh_x_1))),initiator_random_2),!1 = @sid_1]
responder_noc_key_2 = responder_noc_key[!1 = @sid_1]
resumption_id_4 = resumption_id_1[msg1_1 = (mul_point(P,hash((seed_x[],fresh_x_1))),initiator_random_2),!1 = @sid_1]
initiator_noc_key_2 = initiator_noc_key[!1 = @sid]
res_initiator_random_2 = res_initiator_random[msg2 = (responder_random_2,mul_point(P,hash((seed_y[],fresh_y_1))),aead_enc(kdf(mul_point(mul_point(P,hash((seed_y[],fresh_y_1))),hash((seed_x[],fresh_x_1))),(ipk[],responder_random_2,mul_point(P,hash((seed_y[],fresh_y_1))),hash((mul_point(P,hash((seed_x[],fresh_x_1))),initiator_random_2))),sigma2_info),(mul_point(P,responder_noc_key_2),sign(noc_signing_key[],mul_point(P,responder_noc_key_2)),sign(responder_noc_key_2,(mul_point(P,responder_noc_key_2),mul_point(P,hash((seed_y[],fresh_y_1))),mul_point(P,hash((seed_x[],fresh_x_1))))),resumption_id_4),ncase_sigma2n,nil)),!1 = @sid]
resumption_id_5 = resumption_id_3[initiator_resume1_mic_1 = aead_enc(kdf(kdf(mul_point(mul_point(P,hash((seed_y[],fresh_y_1))),hash((seed_x[],fresh_x_1))),(ipk[],hash(((mul_point(P,hash((seed_x[],fresh_x_1))),initiator_random_2),(responder_random_2,mul_point(P,hash((seed_y[],fresh_y_1))),aead_enc(kdf(mul_point(mul_point(P,hash((seed_y[],fresh_y_1))),hash((seed_x[],fresh_x_1))),(ipk[],responder_random_2,mul_point(P,hash((seed_y[],fresh_y_1))),hash((mul_point(P,hash((seed_x[],fresh_x_1))),initiator_random_2))),sigma2_info),(mul_point(P,responder_noc_key_2),sign(noc_signing_key[],mul_point(P,responder_noc_key_2)),sign(responder_noc_key_2,(mul_point(P,responder_noc_key_2),mul_point(P,hash((seed_y[],fresh_y_1))),mul_point(P,hash((seed_x[],fresh_x_1))))),resumption_id_4),ncase_sigma2n,nil)),aead_enc(kdf(mul_point(mul_point(P,hash((seed_y[],fresh_y_1))),hash((seed_x[],fresh_x_1))),(ipk[],hash(((mul_point(P,hash((seed_x[],fresh_x_1))),initiator_random_2),(responder_random_2,mul_point(P,hash((seed_y[],fresh_y_1))),aead_enc(kdf(mul_point(mul_point(P,hash((seed_y[],fresh_y_1))),hash((seed_x[],fresh_x_1))),(ipk[],responder_random_2,mul_point(P,hash((seed_y[],fresh_y_1))),hash((mul_point(P,hash((seed_x[],fresh_x_1))),initiator_random_2))),sigma2_info),(mul_point(P,responder_noc_key_2),sign(noc_signing_key[],mul_point(P,responder_noc_key_2)),sign(responder_noc_key_2,(mul_point(P,responder_noc_key_2),mul_point(P,hash((seed_y[],fresh_y_1))),mul_point(P,hash((seed_x[],fresh_x_1))))),resumption_id_4),ncase_sigma2n,nil))))),sigma3_info),(mul_point(P,initiator_noc_key_2),sign(noc_signing_key[],mul_point(P,initiator_noc_key_2)),sign(initiator_noc_key_2,(mul_point(P,initiator_noc_key_2),mul_point(P,hash((seed_x[],fresh_x_1))),mul_point(P,hash((seed_y[],fresh_y_1)))))),ncase_sigma3n,nil)))),resumption_prekey_info),(res_initiator_random_2,resumption_id_4),sigma1_resume),nil,resume1mic_nonce,nil),resumption_id_2 = resumption_id_4,res_initiator_random_1 = res_initiator_random_2,msg3_1 = aead_enc(kdf(mul_point(mul_point(P,hash((seed_y[],fresh_y_1))),hash((seed_x[],fresh_x_1))),(ipk[],hash(((mul_point(P,hash((seed_x[],fresh_x_1))),initiator_random_2),(responder_random_2,mul_point(P,hash((seed_y[],fresh_y_1))),aead_enc(kdf(mul_point(mul_point(P,hash((seed_y[],fresh_y_1))),hash((seed_x[],fresh_x_1))),(ipk[],responder_random_2,mul_point(P,hash((seed_y[],fresh_y_1))),hash((mul_point(P,hash((seed_x[],fresh_x_1))),initiator_random_2))),sigma2_info),(mul_point(P,responder_noc_key_2),sign(noc_signing_key[],mul_point(P,responder_noc_key_2)),sign(responder_noc_key_2,(mul_point(P,responder_noc_key_2),mul_point(P,hash((seed_y[],fresh_y_1))),mul_point(P,hash((seed_x[],fresh_x_1))))),resumption_id_4),ncase_sigma2n,nil))))),sigma3_info),(mul_point(P,initiator_noc_key_2),sign(noc_signing_key[],mul_point(P,initiator_noc_key_2)),sign(initiator_noc_key_2,(mul_point(P,initiator_noc_key_2),mul_point(P,hash((seed_x[],fresh_x_1))),mul_point(P,hash((seed_y[],fresh_y_1)))))),ncase_sigma3n,nil),msg1_1 = (mul_point(P,hash((seed_x[],fresh_x_1))),initiator_random_2),!1 = @sid_1]
dummy_2 = dummy[responder_resume2_mic = aead_enc(kdf(kdf(mul_point(mul_point(P,hash((seed_y[],fresh_y_1))),hash((seed_x[],fresh_x_1))),(ipk[],hash(((mul_point(P,hash((seed_x[],fresh_x_1))),initiator_random_2),(responder_random_2,mul_point(P,hash((seed_y[],fresh_y_1))),aead_enc(kdf(mul_point(mul_point(P,hash((seed_y[],fresh_y_1))),hash((seed_x[],fresh_x_1))),(ipk[],responder_random_2,mul_point(P,hash((seed_y[],fresh_y_1))),hash((mul_point(P,hash((seed_x[],fresh_x_1))),initiator_random_2))),sigma2_info),(mul_point(P,responder_noc_key_2),sign(noc_signing_key[],mul_point(P,responder_noc_key_2)),sign(responder_noc_key_2,(mul_point(P,responder_noc_key_2),mul_point(P,hash((seed_y[],fresh_y_1))),mul_point(P,hash((seed_x[],fresh_x_1))))),resumption_id_4),ncase_sigma2n,nil)),aead_enc(kdf(mul_point(mul_point(P,hash((seed_y[],fresh_y_1))),hash((seed_x[],fresh_x_1))),(ipk[],hash(((mul_point(P,hash((seed_x[],fresh_x_1))),initiator_random_2),(responder_random_2,mul_point(P,hash((seed_y[],fresh_y_1))),aead_enc(kdf(mul_point(mul_point(P,hash((seed_y[],fresh_y_1))),hash((seed_x[],fresh_x_1))),(ipk[],responder_random_2,mul_point(P,hash((seed_y[],fresh_y_1))),hash((mul_point(P,hash((seed_x[],fresh_x_1))),initiator_random_2))),sigma2_info),(mul_point(P,responder_noc_key_2),sign(noc_signing_key[],mul_point(P,responder_noc_key_2)),sign(responder_noc_key_2,(mul_point(P,responder_noc_key_2),mul_point(P,hash((seed_y[],fresh_y_1))),mul_point(P,hash((seed_x[],fresh_x_1))))),resumption_id_4),ncase_sigma2n,nil))))),sigma3_info),(mul_point(P,initiator_noc_key_2),sign(noc_signing_key[],mul_point(P,initiator_noc_key_2)),sign(initiator_noc_key_2,(mul_point(P,initiator_noc_key_2),mul_point(P,hash((seed_x[],fresh_x_1))),mul_point(P,hash((seed_y[],fresh_y_1)))))),ncase_sigma3n,nil)))),resumption_prekey_info),(res_initiator_random_2,resumption_id_5),sigma2_resume),nil,resume2mic_nonce,nil),res_resumption_id = resumption_id_5,msg2 = (responder_random_2,mul_point(P,hash((seed_y[],fresh_y_1))),aead_enc(kdf(mul_point(mul_point(P,hash((seed_y[],fresh_y_1))),hash((seed_x[],fresh_x_1))),(ipk[],responder_random_2,mul_point(P,hash((seed_y[],fresh_y_1))),hash((mul_point(P,hash((seed_x[],fresh_x_1))),initiator_random_2))),sigma2_info),(mul_point(P,responder_noc_key_2),sign(noc_signing_key[],mul_point(P,responder_noc_key_2)),sign(responder_noc_key_2,(mul_point(P,responder_noc_key_2),mul_point(P,hash((seed_y[],fresh_y_1))),mul_point(P,hash((seed_x[],fresh_x_1))))),resumption_id_4),ncase_sigma2n,nil)),!1 = @sid]

1. The message (mul_point(P,hash((seed_x[],fresh_x_1))),initiator_random_2) may be sent to the attacker at output {18}.
attacker((mul_point(P,hash((seed_x[],fresh_x_1))),initiator_random_2)).

2. By 1, the attacker may know (mul_point(P,hash((seed_x[],fresh_x_1))),initiator_random_2).
Using the function 2-proj-2-tuple the attacker may obtain initiator_random_2.
attacker(initiator_random_2).

3. By 1, the attacker may know (mul_point(P,hash((seed_x[],fresh_x_1))),initiator_random_2).
Using the function 1-proj-2-tuple the attacker may obtain mul_point(P,hash((seed_x[],fresh_x_1))).
attacker(mul_point(P,hash((seed_x[],fresh_x_1)))).

4. By 3, the attacker may know mul_point(P,hash((seed_x[],fresh_x_1))).
By 2, the attacker may know initiator_random_2.
Using the function 2-tuple the attacker may obtain (mul_point(P,hash((seed_x[],fresh_x_1))),initiator_random_2).
attacker((mul_point(P,hash((seed_x[],fresh_x_1))),initiator_random_2)).

5. The message (mul_point(P,hash((seed_x[],fresh_x_1))),initiator_random_2) that the attacker may have by 4 may be received at input {59}.
So the message (responder_random_2,mul_point(P,hash((seed_y[],fresh_y_1))),aead_enc(kdf(mul_point(mul_point(P,hash((seed_y[],fresh_y_1))),hash((seed_x[],fresh_x_1))),(ipk[],responder_random_2,mul_point(P,hash((seed_y[],fresh_y_1))),hash((mul_point(P,hash((seed_x[],fresh_x_1))),initiator_random_2))),sigma2_info),(mul_point(P,responder_noc_key_2),sign(noc_signing_key[],mul_point(P,responder_noc_key_2)),sign(responder_noc_key_2,(mul_point(P,responder_noc_key_2),mul_point(P,hash((seed_y[],fresh_y_1))),mul_point(P,hash((seed_x[],fresh_x_1))))),resumption_id_4),ncase_sigma2n,nil)) may be sent to the attacker at output {72}.
attacker((responder_random_2,mul_point(P,hash((seed_y[],fresh_y_1))),aead_enc(kdf(mul_point(mul_point(P,hash((seed_y[],fresh_y_1))),hash((seed_x[],fresh_x_1))),(ipk[],responder_random_2,mul_point(P,hash((seed_y[],fresh_y_1))),hash((mul_point(P,hash((seed_x[],fresh_x_1))),initiator_random_2))),sigma2_info),(mul_point(P,responder_noc_key_2),sign(noc_signing_key[],mul_point(P,responder_noc_key_2)),sign(responder_noc_key_2,(mul_point(P,responder_noc_key_2),mul_point(P,hash((seed_y[],fresh_y_1))),mul_point(P,hash((seed_x[],fresh_x_1))))),resumption_id_4),ncase_sigma2n,nil))).

6. By 5, the attacker may know (responder_random_2,mul_point(P,hash((seed_y[],fresh_y_1))),aead_enc(kdf(mul_point(mul_point(P,hash((seed_y[],fresh_y_1))),hash((seed_x[],fresh_x_1))),(ipk[],responder_random_2,mul_point(P,hash((seed_y[],fresh_y_1))),hash((mul_point(P,hash((seed_x[],fresh_x_1))),initiator_random_2))),sigma2_info),(mul_point(P,responder_noc_key_2),sign(noc_signing_key[],mul_point(P,responder_noc_key_2)),sign(responder_noc_key_2,(mul_point(P,responder_noc_key_2),mul_point(P,hash((seed_y[],fresh_y_1))),mul_point(P,hash((seed_x[],fresh_x_1))))),resumption_id_4),ncase_sigma2n,nil)).
Using the function 3-proj-3-tuple the attacker may obtain aead_enc(kdf(mul_point(mul_point(P,hash((seed_y[],fresh_y_1))),hash((seed_x[],fresh_x_1))),(ipk[],responder_random_2,mul_point(P,hash((seed_y[],fresh_y_1))),hash((mul_point(P,hash((seed_x[],fresh_x_1))),initiator_random_2))),sigma2_info),(mul_point(P,responder_noc_key_2),sign(noc_signing_key[],mul_point(P,responder_noc_key_2)),sign(responder_noc_key_2,(mul_point(P,responder_noc_key_2),mul_point(P,hash((seed_y[],fresh_y_1))),mul_point(P,hash((seed_x[],fresh_x_1))))),resumption_id_4),ncase_sigma2n,nil).
attacker(aead_enc(kdf(mul_point(mul_point(P,hash((seed_y[],fresh_y_1))),hash((seed_x[],fresh_x_1))),(ipk[],responder_random_2,mul_point(P,hash((seed_y[],fresh_y_1))),hash((mul_point(P,hash((seed_x[],fresh_x_1))),initiator_random_2))),sigma2_info),(mul_point(P,responder_noc_key_2),sign(noc_signing_key[],mul_point(P,responder_noc_key_2)),sign(responder_noc_key_2,(mul_point(P,responder_noc_key_2),mul_point(P,hash((seed_y[],fresh_y_1))),mul_point(P,hash((seed_x[],fresh_x_1))))),resumption_id_4),ncase_sigma2n,nil)).

7. The message (mul_point(P,hash((seed_x[],fresh_x_1))),initiator_random_2) that the attacker may have by 4 may be received at input {59}.
So the message (responder_random_2,mul_point(P,hash((seed_y[],fresh_y_1))),aead_enc(kdf(mul_point(mul_point(P,hash((seed_x[],fresh_x_1))),hash((seed_y[],fresh_y_1))),(ipk[],responder_random_2,mul_point(P,hash((seed_y[],fresh_y_1))),hash((mul_point(P,hash((seed_x[],fresh_x_1))),initiator_random_2))),sigma2_info),(mul_point(P,responder_noc_key_2),sign(noc_signing_key[],mul_point(P,responder_noc_key_2)),sign(responder_noc_key_2,(mul_point(P,responder_noc_key_2),mul_point(P,hash((seed_y[],fresh_y_1))),mul_point(P,hash((seed_x[],fresh_x_1))))),resumption_id_4),ncase_sigma2n,nil)) may be sent to the attacker at output {72}.
attacker((responder_random_2,mul_point(P,hash((seed_y[],fresh_y_1))),aead_enc(kdf(mul_point(mul_point(P,hash((seed_x[],fresh_x_1))),hash((seed_y[],fresh_y_1))),(ipk[],responder_random_2,mul_point(P,hash((seed_y[],fresh_y_1))),hash((mul_point(P,hash((seed_x[],fresh_x_1))),initiator_random_2))),sigma2_info),(mul_point(P,responder_noc_key_2),sign(noc_signing_key[],mul_point(P,responder_noc_key_2)),sign(responder_noc_key_2,(mul_point(P,responder_noc_key_2),mul_point(P,hash((seed_y[],fresh_y_1))),mul_point(P,hash((seed_x[],fresh_x_1))))),resumption_id_4),ncase_sigma2n,nil))).

8. By 7, the attacker may know (responder_random_2,mul_point(P,hash((seed_y[],fresh_y_1))),aead_enc(kdf(mul_point(mul_point(P,hash((seed_x[],fresh_x_1))),hash((seed_y[],fresh_y_1))),(ipk[],responder_random_2,mul_point(P,hash((seed_y[],fresh_y_1))),hash((mul_point(P,hash((seed_x[],fresh_x_1))),initiator_random_2))),sigma2_info),(mul_point(P,responder_noc_key_2),sign(noc_signing_key[],mul_point(P,responder_noc_key_2)),sign(responder_noc_key_2,(mul_point(P,responder_noc_key_2),mul_point(P,hash((seed_y[],fresh_y_1))),mul_point(P,hash((seed_x[],fresh_x_1))))),resumption_id_4),ncase_sigma2n,nil)).
Using the function 2-proj-3-tuple the attacker may obtain mul_point(P,hash((seed_y[],fresh_y_1))).
attacker(mul_point(P,hash((seed_y[],fresh_y_1)))).

9. By 7, the attacker may know (responder_random_2,mul_point(P,hash((seed_y[],fresh_y_1))),aead_enc(kdf(mul_point(mul_point(P,hash((seed_x[],fresh_x_1))),hash((seed_y[],fresh_y_1))),(ipk[],responder_random_2,mul_point(P,hash((seed_y[],fresh_y_1))),hash((mul_point(P,hash((seed_x[],fresh_x_1))),initiator_random_2))),sigma2_info),(mul_point(P,responder_noc_key_2),sign(noc_signing_key[],mul_point(P,responder_noc_key_2)),sign(responder_noc_key_2,(mul_point(P,responder_noc_key_2),mul_point(P,hash((seed_y[],fresh_y_1))),mul_point(P,hash((seed_x[],fresh_x_1))))),resumption_id_4),ncase_sigma2n,nil)).
Using the function 1-proj-3-tuple the attacker may obtain responder_random_2.
attacker(responder_random_2).

10. By 9, the attacker may know responder_random_2.
By 8, the attacker may know mul_point(P,hash((seed_y[],fresh_y_1))).
By 6, the attacker may know aead_enc(kdf(mul_point(mul_point(P,hash((seed_y[],fresh_y_1))),hash((seed_x[],fresh_x_1))),(ipk[],responder_random_2,mul_point(P,hash((seed_y[],fresh_y_1))),hash((mul_point(P,hash((seed_x[],fresh_x_1))),initiator_random_2))),sigma2_info),(mul_point(P,responder_noc_key_2),sign(noc_signing_key[],mul_point(P,responder_noc_key_2)),sign(responder_noc_key_2,(mul_point(P,responder_noc_key_2),mul_point(P,hash((seed_y[],fresh_y_1))),mul_point(P,hash((seed_x[],fresh_x_1))))),resumption_id_4),ncase_sigma2n,nil).
Using the function 3-tuple the attacker may obtain (responder_random_2,mul_point(P,hash((seed_y[],fresh_y_1))),aead_enc(kdf(mul_point(mul_point(P,hash((seed_y[],fresh_y_1))),hash((seed_x[],fresh_x_1))),(ipk[],responder_random_2,mul_point(P,hash((seed_y[],fresh_y_1))),hash((mul_point(P,hash((seed_x[],fresh_x_1))),initiator_random_2))),sigma2_info),(mul_point(P,responder_noc_key_2),sign(noc_signing_key[],mul_point(P,responder_noc_key_2)),sign(responder_noc_key_2,(mul_point(P,responder_noc_key_2),mul_point(P,hash((seed_y[],fresh_y_1))),mul_point(P,hash((seed_x[],fresh_x_1))))),resumption_id_4),ncase_sigma2n,nil)).
attacker((responder_random_2,mul_point(P,hash((seed_y[],fresh_y_1))),aead_enc(kdf(mul_point(mul_point(P,hash((seed_y[],fresh_y_1))),hash((seed_x[],fresh_x_1))),(ipk[],responder_random_2,mul_point(P,hash((seed_y[],fresh_y_1))),hash((mul_point(P,hash((seed_x[],fresh_x_1))),initiator_random_2))),sigma2_info),(mul_point(P,responder_noc_key_2),sign(noc_signing_key[],mul_point(P,responder_noc_key_2)),sign(responder_noc_key_2,(mul_point(P,responder_noc_key_2),mul_point(P,hash((seed_y[],fresh_y_1))),mul_point(P,hash((seed_x[],fresh_x_1))))),resumption_id_4),ncase_sigma2n,nil))).

11. The message (responder_random_2,mul_point(P,hash((seed_y[],fresh_y_1))),aead_enc(kdf(mul_point(mul_point(P,hash((seed_y[],fresh_y_1))),hash((seed_x[],fresh_x_1))),(ipk[],responder_random_2,mul_point(P,hash((seed_y[],fresh_y_1))),hash((mul_point(P,hash((seed_x[],fresh_x_1))),initiator_random_2))),sigma2_info),(mul_point(P,responder_noc_key_2),sign(noc_signing_key[],mul_point(P,responder_noc_key_2)),sign(responder_noc_key_2,(mul_point(P,responder_noc_key_2),mul_point(P,hash((seed_y[],fresh_y_1))),mul_point(P,hash((seed_x[],fresh_x_1))))),resumption_id_4),ncase_sigma2n,nil)) that the attacker may have by 10 may be received at input {19}.
So the message aead_enc(kdf(mul_point(mul_point(P,hash((seed_y[],fresh_y_1))),hash((seed_x[],fresh_x_1))),(ipk[],hash(((mul_point(P,hash((seed_x[],fresh_x_1))),initiator_random_2),(responder_random_2,mul_point(P,hash((seed_y[],fresh_y_1))),aead_enc(kdf(mul_point(mul_point(P,hash((seed_y[],fresh_y_1))),hash((seed_x[],fresh_x_1))),(ipk[],responder_random_2,mul_point(P,hash((seed_y[],fresh_y_1))),hash((mul_point(P,hash((seed_x[],fresh_x_1))),initiator_random_2))),sigma2_info),(mul_point(P,responder_noc_key_2),sign(noc_signing_key[],mul_point(P,responder_noc_key_2)),sign(responder_noc_key_2,(mul_point(P,responder_noc_key_2),mul_point(P,hash((seed_y[],fresh_y_1))),mul_point(P,hash((seed_x[],fresh_x_1))))),resumption_id_4),ncase_sigma2n,nil))))),sigma3_info),(mul_point(P,initiator_noc_key_2),sign(noc_signing_key[],mul_point(P,initiator_noc_key_2)),sign(initiator_noc_key_2,(mul_point(P,initiator_noc_key_2),mul_point(P,hash((seed_x[],fresh_x_1))),mul_point(P,hash((seed_y[],fresh_y_1)))))),ncase_sigma3n,nil) may be sent to the attacker at output {30}.
attacker(aead_enc(kdf(mul_point(mul_point(P,hash((seed_y[],fresh_y_1))),hash((seed_x[],fresh_x_1))),(ipk[],hash(((mul_point(P,hash((seed_x[],fresh_x_1))),initiator_random_2),(responder_random_2,mul_point(P,hash((seed_y[],fresh_y_1))),aead_enc(kdf(mul_point(mul_point(P,hash((seed_y[],fresh_y_1))),hash((seed_x[],fresh_x_1))),(ipk[],responder_random_2,mul_point(P,hash((seed_y[],fresh_y_1))),hash((mul_point(P,hash((seed_x[],fresh_x_1))),initiator_random_2))),sigma2_info),(mul_point(P,responder_noc_key_2),sign(noc_signing_key[],mul_point(P,responder_noc_key_2)),sign(responder_noc_key_2,(mul_point(P,responder_noc_key_2),mul_point(P,hash((seed_y[],fresh_y_1))),mul_point(P,hash((seed_x[],fresh_x_1))))),resumption_id_4),ncase_sigma2n,nil))))),sigma3_info),(mul_point(P,initiator_noc_key_2),sign(noc_signing_key[],mul_point(P,initiator_noc_key_2)),sign(initiator_noc_key_2,(mul_point(P,initiator_noc_key_2),mul_point(P,hash((seed_x[],fresh_x_1))),mul_point(P,hash((seed_y[],fresh_y_1)))))),ncase_sigma3n,nil)).

12. The message (responder_random_2,mul_point(P,hash((seed_y[],fresh_y_1))),aead_enc(kdf(mul_point(mul_point(P,hash((seed_y[],fresh_y_1))),hash((seed_x[],fresh_x_1))),(ipk[],responder_random_2,mul_point(P,hash((seed_y[],fresh_y_1))),hash((mul_point(P,hash((seed_x[],fresh_x_1))),initiator_random_2))),sigma2_info),(mul_point(P,responder_noc_key_2),sign(noc_signing_key[],mul_point(P,responder_noc_key_2)),sign(responder_noc_key_2,(mul_point(P,responder_noc_key_2),mul_point(P,hash((seed_y[],fresh_y_1))),mul_point(P,hash((seed_x[],fresh_x_1))))),resumption_id_4),ncase_sigma2n,nil)) that the attacker may have by 10 may be received at input {19}.
So the message (res_initiator_random_2,resumption_id_4,aead_enc(kdf(kdf(mul_point(mul_point(P,hash((seed_y[],fresh_y_1))),hash((seed_x[],fresh_x_1))),(ipk[],hash(((mul_point(P,hash((seed_x[],fresh_x_1))),initiator_random_2),(responder_random_2,mul_point(P,hash((seed_y[],fresh_y_1))),aead_enc(kdf(mul_point(mul_point(P,hash((seed_y[],fresh_y_1))),hash((seed_x[],fresh_x_1))),(ipk[],responder_random_2,mul_point(P,hash((seed_y[],fresh_y_1))),hash((mul_point(P,hash((seed_x[],fresh_x_1))),initiator_random_2))),sigma2_info),(mul_point(P,responder_noc_key_2),sign(noc_signing_key[],mul_point(P,responder_noc_key_2)),sign(responder_noc_key_2,(mul_point(P,responder_noc_key_2),mul_point(P,hash((seed_y[],fresh_y_1))),mul_point(P,hash((seed_x[],fresh_x_1))))),resumption_id_4),ncase_sigma2n,nil)),aead_enc(kdf(mul_point(mul_point(P,hash((seed_y[],fresh_y_1))),hash((seed_x[],fresh_x_1))),(ipk[],hash(((mul_point(P,hash((seed_x[],fresh_x_1))),initiator_random_2),(responder_random_2,mul_point(P,hash((seed_y[],fresh_y_1))),aead_enc(kdf(mul_point(mul_point(P,hash((seed_y[],fresh_y_1))),hash((seed_x[],fresh_x_1))),(ipk[],responder_random_2,mul_point(P,hash((seed_y[],fresh_y_1))),hash((mul_point(P,hash((seed_x[],fresh_x_1))),initiator_random_2))),sigma2_info),(mul_point(P,responder_noc_key_2),sign(noc_signing_key[],mul_point(P,responder_noc_key_2)),sign(responder_noc_key_2,(mul_point(P,responder_noc_key_2),mul_point(P,hash((seed_y[],fresh_y_1))),mul_point(P,hash((seed_x[],fresh_x_1))))),resumption_id_4),ncase_sigma2n,nil))))),sigma3_info),(mul_point(P,initiator_noc_key_2),sign(noc_signing_key[],mul_point(P,initiator_noc_key_2)),sign(initiator_noc_key_2,(mul_point(P,initiator_noc_key_2),mul_point(P,hash((seed_x[],fresh_x_1))),mul_point(P,hash((seed_y[],fresh_y_1)))))),ncase_sigma3n,nil)))),resumption_prekey_info),(res_initiator_random_2,resumption_id_4),sigma1_resume),nil,resume1mic_nonce,nil)) may be sent to the attacker at output {44}.
attacker((res_initiator_random_2,resumption_id_4,aead_enc(kdf(kdf(mul_point(mul_point(P,hash((seed_y[],fresh_y_1))),hash((seed_x[],fresh_x_1))),(ipk[],hash(((mul_point(P,hash((seed_x[],fresh_x_1))),initiator_random_2),(responder_random_2,mul_point(P,hash((seed_y[],fresh_y_1))),aead_enc(kdf(mul_point(mul_point(P,hash((seed_y[],fresh_y_1))),hash((seed_x[],fresh_x_1))),(ipk[],responder_random_2,mul_point(P,hash((seed_y[],fresh_y_1))),hash((mul_point(P,hash((seed_x[],fresh_x_1))),initiator_random_2))),sigma2_info),(mul_point(P,responder_noc_key_2),sign(noc_signing_key[],mul_point(P,responder_noc_key_2)),sign(responder_noc_key_2,(mul_point(P,responder_noc_key_2),mul_point(P,hash((seed_y[],fresh_y_1))),mul_point(P,hash((seed_x[],fresh_x_1))))),resumption_id_4),ncase_sigma2n,nil)),aead_enc(kdf(mul_point(mul_point(P,hash((seed_y[],fresh_y_1))),hash((seed_x[],fresh_x_1))),(ipk[],hash(((mul_point(P,hash((seed_x[],fresh_x_1))),initiator_random_2),(responder_random_2,mul_point(P,hash((seed_y[],fresh_y_1))),aead_enc(kdf(mul_point(mul_point(P,hash((seed_y[],fresh_y_1))),hash((seed_x[],fresh_x_1))),(ipk[],responder_random_2,mul_point(P,hash((seed_y[],fresh_y_1))),hash((mul_point(P,hash((seed_x[],fresh_x_1))),initiator_random_2))),sigma2_info),(mul_point(P,responder_noc_key_2),sign(noc_signing_key[],mul_point(P,responder_noc_key_2)),sign(responder_noc_key_2,(mul_point(P,responder_noc_key_2),mul_point(P,hash((seed_y[],fresh_y_1))),mul_point(P,hash((seed_x[],fresh_x_1))))),resumption_id_4),ncase_sigma2n,nil))))),sigma3_info),(mul_point(P,initiator_noc_key_2),sign(noc_signing_key[],mul_point(P,initiator_noc_key_2)),sign(initiator_noc_key_2,(mul_point(P,initiator_noc_key_2),mul_point(P,hash((seed_x[],fresh_x_1))),mul_point(P,hash((seed_y[],fresh_y_1)))))),ncase_sigma3n,nil)))),resumption_prekey_info),(res_initiator_random_2,resumption_id_4),sigma1_resume),nil,resume1mic_nonce,nil))).

13. By 12, the attacker may know (res_initiator_random_2,resumption_id_4,aead_enc(kdf(kdf(mul_point(mul_point(P,hash((seed_y[],fresh_y_1))),hash((seed_x[],fresh_x_1))),(ipk[],hash(((mul_point(P,hash((seed_x[],fresh_x_1))),initiator_random_2),(responder_random_2,mul_point(P,hash((seed_y[],fresh_y_1))),aead_enc(kdf(mul_point(mul_point(P,hash((seed_y[],fresh_y_1))),hash((seed_x[],fresh_x_1))),(ipk[],responder_random_2,mul_point(P,hash((seed_y[],fresh_y_1))),hash((mul_point(P,hash((seed_x[],fresh_x_1))),initiator_random_2))),sigma2_info),(mul_point(P,responder_noc_key_2),sign(noc_signing_key[],mul_point(P,responder_noc_key_2)),sign(responder_noc_key_2,(mul_point(P,responder_noc_key_2),mul_point(P,hash((seed_y[],fresh_y_1))),mul_point(P,hash((seed_x[],fresh_x_1))))),resumption_id_4),ncase_sigma2n,nil)),aead_enc(kdf(mul_point(mul_point(P,hash((seed_y[],fresh_y_1))),hash((seed_x[],fresh_x_1))),(ipk[],hash(((mul_point(P,hash((seed_x[],fresh_x_1))),initiator_random_2),(responder_random_2,mul_point(P,hash((seed_y[],fresh_y_1))),aead_enc(kdf(mul_point(mul_point(P,hash((seed_y[],fresh_y_1))),hash((seed_x[],fresh_x_1))),(ipk[],responder_random_2,mul_point(P,hash((seed_y[],fresh_y_1))),hash((mul_point(P,hash((seed_x[],fresh_x_1))),initiator_random_2))),sigma2_info),(mul_point(P,responder_noc_key_2),sign(noc_signing_key[],mul_point(P,responder_noc_key_2)),sign(responder_noc_key_2,(mul_point(P,responder_noc_key_2),mul_point(P,hash((seed_y[],fresh_y_1))),mul_point(P,hash((seed_x[],fresh_x_1))))),resumption_id_4),ncase_sigma2n,nil))))),sigma3_info),(mul_point(P,initiator_noc_key_2),sign(noc_signing_key[],mul_point(P,initiator_noc_key_2)),sign(initiator_noc_key_2,(mul_point(P,initiator_noc_key_2),mul_point(P,hash((seed_x[],fresh_x_1))),mul_point(P,hash((seed_y[],fresh_y_1)))))),ncase_sigma3n,nil)))),resumption_prekey_info),(res_initiator_random_2,resumption_id_4),sigma1_resume),nil,resume1mic_nonce,nil)).
Using the function 3-proj-3-tuple the attacker may obtain aead_enc(kdf(kdf(mul_point(mul_point(P,hash((seed_y[],fresh_y_1))),hash((seed_x[],fresh_x_1))),(ipk[],hash(((mul_point(P,hash((seed_x[],fresh_x_1))),initiator_random_2),(responder_random_2,mul_point(P,hash((seed_y[],fresh_y_1))),aead_enc(kdf(mul_point(mul_point(P,hash((seed_y[],fresh_y_1))),hash((seed_x[],fresh_x_1))),(ipk[],responder_random_2,mul_point(P,hash((seed_y[],fresh_y_1))),hash((mul_point(P,hash((seed_x[],fresh_x_1))),initiator_random_2))),sigma2_info),(mul_point(P,responder_noc_key_2),sign(noc_signing_key[],mul_point(P,responder_noc_key_2)),sign(responder_noc_key_2,(mul_point(P,responder_noc_key_2),mul_point(P,hash((seed_y[],fresh_y_1))),mul_point(P,hash((seed_x[],fresh_x_1))))),resumption_id_4),ncase_sigma2n,nil)),aead_enc(kdf(mul_point(mul_point(P,hash((seed_y[],fresh_y_1))),hash((seed_x[],fresh_x_1))),(ipk[],hash(((mul_point(P,hash((seed_x[],fresh_x_1))),initiator_random_2),(responder_random_2,mul_point(P,hash((seed_y[],fresh_y_1))),aead_enc(kdf(mul_point(mul_point(P,hash((seed_y[],fresh_y_1))),hash((seed_x[],fresh_x_1))),(ipk[],responder_random_2,mul_point(P,hash((seed_y[],fresh_y_1))),hash((mul_point(P,hash((seed_x[],fresh_x_1))),initiator_random_2))),sigma2_info),(mul_point(P,responder_noc_key_2),sign(noc_signing_key[],mul_point(P,responder_noc_key_2)),sign(responder_noc_key_2,(mul_point(P,responder_noc_key_2),mul_point(P,hash((seed_y[],fresh_y_1))),mul_point(P,hash((seed_x[],fresh_x_1))))),resumption_id_4),ncase_sigma2n,nil))))),sigma3_info),(mul_point(P,initiator_noc_key_2),sign(noc_signing_key[],mul_point(P,initiator_noc_key_2)),sign(initiator_noc_key_2,(mul_point(P,initiator_noc_key_2),mul_point(P,hash((seed_x[],fresh_x_1))),mul_point(P,hash((seed_y[],fresh_y_1)))))),ncase_sigma3n,nil)))),resumption_prekey_info),(res_initiator_random_2,resumption_id_4),sigma1_resume),nil,resume1mic_nonce,nil).
attacker(aead_enc(kdf(kdf(mul_point(mul_point(P,hash((seed_y[],fresh_y_1))),hash((seed_x[],fresh_x_1))),(ipk[],hash(((mul_point(P,hash((seed_x[],fresh_x_1))),initiator_random_2),(responder_random_2,mul_point(P,hash((seed_y[],fresh_y_1))),aead_enc(kdf(mul_point(mul_point(P,hash((seed_y[],fresh_y_1))),hash((seed_x[],fresh_x_1))),(ipk[],responder_random_2,mul_point(P,hash((seed_y[],fresh_y_1))),hash((mul_point(P,hash((seed_x[],fresh_x_1))),initiator_random_2))),sigma2_info),(mul_point(P,responder_noc_key_2),sign(noc_signing_key[],mul_point(P,responder_noc_key_2)),sign(responder_noc_key_2,(mul_point(P,responder_noc_key_2),mul_point(P,hash((seed_y[],fresh_y_1))),mul_point(P,hash((seed_x[],fresh_x_1))))),resumption_id_4),ncase_sigma2n,nil)),aead_enc(kdf(mul_point(mul_point(P,hash((seed_y[],fresh_y_1))),hash((seed_x[],fresh_x_1))),(ipk[],hash(((mul_point(P,hash((seed_x[],fresh_x_1))),initiator_random_2),(responder_random_2,mul_point(P,hash((seed_y[],fresh_y_1))),aead_enc(kdf(mul_point(mul_point(P,hash((seed_y[],fresh_y_1))),hash((seed_x[],fresh_x_1))),(ipk[],responder_random_2,mul_point(P,hash((seed_y[],fresh_y_1))),hash((mul_point(P,hash((seed_x[],fresh_x_1))),initiator_random_2))),sigma2_info),(mul_point(P,responder_noc_key_2),sign(noc_signing_key[],mul_point(P,responder_noc_key_2)),sign(responder_noc_key_2,(mul_point(P,responder_noc_key_2),mul_point(P,hash((seed_y[],fresh_y_1))),mul_point(P,hash((seed_x[],fresh_x_1))))),resumption_id_4),ncase_sigma2n,nil))))),sigma3_info),(mul_point(P,initiator_noc_key_2),sign(noc_signing_key[],mul_point(P,initiator_noc_key_2)),sign(initiator_noc_key_2,(mul_point(P,initiator_noc_key_2),mul_point(P,hash((seed_x[],fresh_x_1))),mul_point(P,hash((seed_y[],fresh_y_1)))))),ncase_sigma3n,nil)))),resumption_prekey_info),(res_initiator_random_2,resumption_id_4),sigma1_resume),nil,resume1mic_nonce,nil)).

14. By 12, the attacker may know (res_initiator_random_2,resumption_id_4,aead_enc(kdf(kdf(mul_point(mul_point(P,hash((seed_y[],fresh_y_1))),hash((seed_x[],fresh_x_1))),(ipk[],hash(((mul_point(P,hash((seed_x[],fresh_x_1))),initiator_random_2),(responder_random_2,mul_point(P,hash((seed_y[],fresh_y_1))),aead_enc(kdf(mul_point(mul_point(P,hash((seed_y[],fresh_y_1))),hash((seed_x[],fresh_x_1))),(ipk[],responder_random_2,mul_point(P,hash((seed_y[],fresh_y_1))),hash((mul_point(P,hash((seed_x[],fresh_x_1))),initiator_random_2))),sigma2_info),(mul_point(P,responder_noc_key_2),sign(noc_signing_key[],mul_point(P,responder_noc_key_2)),sign(responder_noc_key_2,(mul_point(P,responder_noc_key_2),mul_point(P,hash((seed_y[],fresh_y_1))),mul_point(P,hash((seed_x[],fresh_x_1))))),resumption_id_4),ncase_sigma2n,nil)),aead_enc(kdf(mul_point(mul_point(P,hash((seed_y[],fresh_y_1))),hash((seed_x[],fresh_x_1))),(ipk[],hash(((mul_point(P,hash((seed_x[],fresh_x_1))),initiator_random_2),(responder_random_2,mul_point(P,hash((seed_y[],fresh_y_1))),aead_enc(kdf(mul_point(mul_point(P,hash((seed_y[],fresh_y_1))),hash((seed_x[],fresh_x_1))),(ipk[],responder_random_2,mul_point(P,hash((seed_y[],fresh_y_1))),hash((mul_point(P,hash((seed_x[],fresh_x_1))),initiator_random_2))),sigma2_info),(mul_point(P,responder_noc_key_2),sign(noc_signing_key[],mul_point(P,responder_noc_key_2)),sign(responder_noc_key_2,(mul_point(P,responder_noc_key_2),mul_point(P,hash((seed_y[],fresh_y_1))),mul_point(P,hash((seed_x[],fresh_x_1))))),resumption_id_4),ncase_sigma2n,nil))))),sigma3_info),(mul_point(P,initiator_noc_key_2),sign(noc_signing_key[],mul_point(P,initiator_noc_key_2)),sign(initiator_noc_key_2,(mul_point(P,initiator_noc_key_2),mul_point(P,hash((seed_x[],fresh_x_1))),mul_point(P,hash((seed_y[],fresh_y_1)))))),ncase_sigma3n,nil)))),resumption_prekey_info),(res_initiator_random_2,resumption_id_4),sigma1_resume),nil,resume1mic_nonce,nil)).
Using the function 2-proj-3-tuple the attacker may obtain resumption_id_4.
attacker(resumption_id_4).

15. By 12, the attacker may know (res_initiator_random_2,resumption_id_4,aead_enc(kdf(kdf(mul_point(mul_point(P,hash((seed_y[],fresh_y_1))),hash((seed_x[],fresh_x_1))),(ipk[],hash(((mul_point(P,hash((seed_x[],fresh_x_1))),initiator_random_2),(responder_random_2,mul_point(P,hash((seed_y[],fresh_y_1))),aead_enc(kdf(mul_point(mul_point(P,hash((seed_y[],fresh_y_1))),hash((seed_x[],fresh_x_1))),(ipk[],responder_random_2,mul_point(P,hash((seed_y[],fresh_y_1))),hash((mul_point(P,hash((seed_x[],fresh_x_1))),initiator_random_2))),sigma2_info),(mul_point(P,responder_noc_key_2),sign(noc_signing_key[],mul_point(P,responder_noc_key_2)),sign(responder_noc_key_2,(mul_point(P,responder_noc_key_2),mul_point(P,hash((seed_y[],fresh_y_1))),mul_point(P,hash((seed_x[],fresh_x_1))))),resumption_id_4),ncase_sigma2n,nil)),aead_enc(kdf(mul_point(mul_point(P,hash((seed_y[],fresh_y_1))),hash((seed_x[],fresh_x_1))),(ipk[],hash(((mul_point(P,hash((seed_x[],fresh_x_1))),initiator_random_2),(responder_random_2,mul_point(P,hash((seed_y[],fresh_y_1))),aead_enc(kdf(mul_point(mul_point(P,hash((seed_y[],fresh_y_1))),hash((seed_x[],fresh_x_1))),(ipk[],responder_random_2,mul_point(P,hash((seed_y[],fresh_y_1))),hash((mul_point(P,hash((seed_x[],fresh_x_1))),initiator_random_2))),sigma2_info),(mul_point(P,responder_noc_key_2),sign(noc_signing_key[],mul_point(P,responder_noc_key_2)),sign(responder_noc_key_2,(mul_point(P,responder_noc_key_2),mul_point(P,hash((seed_y[],fresh_y_1))),mul_point(P,hash((seed_x[],fresh_x_1))))),resumption_id_4),ncase_sigma2n,nil))))),sigma3_info),(mul_point(P,initiator_noc_key_2),sign(noc_signing_key[],mul_point(P,initiator_noc_key_2)),sign(initiator_noc_key_2,(mul_point(P,initiator_noc_key_2),mul_point(P,hash((seed_x[],fresh_x_1))),mul_point(P,hash((seed_y[],fresh_y_1)))))),ncase_sigma3n,nil)))),resumption_prekey_info),(res_initiator_random_2,resumption_id_4),sigma1_resume),nil,resume1mic_nonce,nil)).
Using the function 1-proj-3-tuple the attacker may obtain res_initiator_random_2.
attacker(res_initiator_random_2).

16. By 15, the attacker may know res_initiator_random_2.
By 14, the attacker may know resumption_id_4.
By 13, the attacker may know aead_enc(kdf(kdf(mul_point(mul_point(P,hash((seed_y[],fresh_y_1))),hash((seed_x[],fresh_x_1))),(ipk[],hash(((mul_point(P,hash((seed_x[],fresh_x_1))),initiator_random_2),(responder_random_2,mul_point(P,hash((seed_y[],fresh_y_1))),aead_enc(kdf(mul_point(mul_point(P,hash((seed_y[],fresh_y_1))),hash((seed_x[],fresh_x_1))),(ipk[],responder_random_2,mul_point(P,hash((seed_y[],fresh_y_1))),hash((mul_point(P,hash((seed_x[],fresh_x_1))),initiator_random_2))),sigma2_info),(mul_point(P,responder_noc_key_2),sign(noc_signing_key[],mul_point(P,responder_noc_key_2)),sign(responder_noc_key_2,(mul_point(P,responder_noc_key_2),mul_point(P,hash((seed_y[],fresh_y_1))),mul_point(P,hash((seed_x[],fresh_x_1))))),resumption_id_4),ncase_sigma2n,nil)),aead_enc(kdf(mul_point(mul_point(P,hash((seed_y[],fresh_y_1))),hash((seed_x[],fresh_x_1))),(ipk[],hash(((mul_point(P,hash((seed_x[],fresh_x_1))),initiator_random_2),(responder_random_2,mul_point(P,hash((seed_y[],fresh_y_1))),aead_enc(kdf(mul_point(mul_point(P,hash((seed_y[],fresh_y_1))),hash((seed_x[],fresh_x_1))),(ipk[],responder_random_2,mul_point(P,hash((seed_y[],fresh_y_1))),hash((mul_point(P,hash((seed_x[],fresh_x_1))),initiator_random_2))),sigma2_info),(mul_point(P,responder_noc_key_2),sign(noc_signing_key[],mul_point(P,responder_noc_key_2)),sign(responder_noc_key_2,(mul_point(P,responder_noc_key_2),mul_point(P,hash((seed_y[],fresh_y_1))),mul_point(P,hash((seed_x[],fresh_x_1))))),resumption_id_4),ncase_sigma2n,nil))))),sigma3_info),(mul_point(P,initiator_noc_key_2),sign(noc_signing_key[],mul_point(P,initiator_noc_key_2)),sign(initiator_noc_key_2,(mul_point(P,initiator_noc_key_2),mul_point(P,hash((seed_x[],fresh_x_1))),mul_point(P,hash((seed_y[],fresh_y_1)))))),ncase_sigma3n,nil)))),resumption_prekey_info),(res_initiator_random_2,resumption_id_4),sigma1_resume),nil,resume1mic_nonce,nil).
Using the function 3-tuple the attacker may obtain (res_initiator_random_2,resumption_id_4,aead_enc(kdf(kdf(mul_point(mul_point(P,hash((seed_y[],fresh_y_1))),hash((seed_x[],fresh_x_1))),(ipk[],hash(((mul_point(P,hash((seed_x[],fresh_x_1))),initiator_random_2),(responder_random_2,mul_point(P,hash((seed_y[],fresh_y_1))),aead_enc(kdf(mul_point(mul_point(P,hash((seed_y[],fresh_y_1))),hash((seed_x[],fresh_x_1))),(ipk[],responder_random_2,mul_point(P,hash((seed_y[],fresh_y_1))),hash((mul_point(P,hash((seed_x[],fresh_x_1))),initiator_random_2))),sigma2_info),(mul_point(P,responder_noc_key_2),sign(noc_signing_key[],mul_point(P,responder_noc_key_2)),sign(responder_noc_key_2,(mul_point(P,responder_noc_key_2),mul_point(P,hash((seed_y[],fresh_y_1))),mul_point(P,hash((seed_x[],fresh_x_1))))),resumption_id_4),ncase_sigma2n,nil)),aead_enc(kdf(mul_point(mul_point(P,hash((seed_y[],fresh_y_1))),hash((seed_x[],fresh_x_1))),(ipk[],hash(((mul_point(P,hash((seed_x[],fresh_x_1))),initiator_random_2),(responder_random_2,mul_point(P,hash((seed_y[],fresh_y_1))),aead_enc(kdf(mul_point(mul_point(P,hash((seed_y[],fresh_y_1))),hash((seed_x[],fresh_x_1))),(ipk[],responder_random_2,mul_point(P,hash((seed_y[],fresh_y_1))),hash((mul_point(P,hash((seed_x[],fresh_x_1))),initiator_random_2))),sigma2_info),(mul_point(P,responder_noc_key_2),sign(noc_signing_key[],mul_point(P,responder_noc_key_2)),sign(responder_noc_key_2,(mul_point(P,responder_noc_key_2),mul_point(P,hash((seed_y[],fresh_y_1))),mul_point(P,hash((seed_x[],fresh_x_1))))),resumption_id_4),ncase_sigma2n,nil))))),sigma3_info),(mul_point(P,initiator_noc_key_2),sign(noc_signing_key[],mul_point(P,initiator_noc_key_2)),sign(initiator_noc_key_2,(mul_point(P,initiator_noc_key_2),mul_point(P,hash((seed_x[],fresh_x_1))),mul_point(P,hash((seed_y[],fresh_y_1)))))),ncase_sigma3n,nil)))),resumption_prekey_info),(res_initiator_random_2,resumption_id_4),sigma1_resume),nil,resume1mic_nonce,nil)).
attacker((res_initiator_random_2,resumption_id_4,aead_enc(kdf(kdf(mul_point(mul_point(P,hash((seed_y[],fresh_y_1))),hash((seed_x[],fresh_x_1))),(ipk[],hash(((mul_point(P,hash((seed_x[],fresh_x_1))),initiator_random_2),(responder_random_2,mul_point(P,hash((seed_y[],fresh_y_1))),aead_enc(kdf(mul_point(mul_point(P,hash((seed_y[],fresh_y_1))),hash((seed_x[],fresh_x_1))),(ipk[],responder_random_2,mul_point(P,hash((seed_y[],fresh_y_1))),hash((mul_point(P,hash((seed_x[],fresh_x_1))),initiator_random_2))),sigma2_info),(mul_point(P,responder_noc_key_2),sign(noc_signing_key[],mul_point(P,responder_noc_key_2)),sign(responder_noc_key_2,(mul_point(P,responder_noc_key_2),mul_point(P,hash((seed_y[],fresh_y_1))),mul_point(P,hash((seed_x[],fresh_x_1))))),resumption_id_4),ncase_sigma2n,nil)),aead_enc(kdf(mul_point(mul_point(P,hash((seed_y[],fresh_y_1))),hash((seed_x[],fresh_x_1))),(ipk[],hash(((mul_point(P,hash((seed_x[],fresh_x_1))),initiator_random_2),(responder_random_2,mul_point(P,hash((seed_y[],fresh_y_1))),aead_enc(kdf(mul_point(mul_point(P,hash((seed_y[],fresh_y_1))),hash((seed_x[],fresh_x_1))),(ipk[],responder_random_2,mul_point(P,hash((seed_y[],fresh_y_1))),hash((mul_point(P,hash((seed_x[],fresh_x_1))),initiator_random_2))),sigma2_info),(mul_point(P,responder_noc_key_2),sign(noc_signing_key[],mul_point(P,responder_noc_key_2)),sign(responder_noc_key_2,(mul_point(P,responder_noc_key_2),mul_point(P,hash((seed_y[],fresh_y_1))),mul_point(P,hash((seed_x[],fresh_x_1))))),resumption_id_4),ncase_sigma2n,nil))))),sigma3_info),(mul_point(P,initiator_noc_key_2),sign(noc_signing_key[],mul_point(P,initiator_noc_key_2)),sign(initiator_noc_key_2,(mul_point(P,initiator_noc_key_2),mul_point(P,hash((seed_x[],fresh_x_1))),mul_point(P,hash((seed_y[],fresh_y_1)))))),ncase_sigma3n,nil)))),resumption_prekey_info),(res_initiator_random_2,resumption_id_4),sigma1_resume),nil,resume1mic_nonce,nil))).

17. The message (mul_point(P,hash((seed_x[],fresh_x_1))),initiator_random_2) that the attacker may have by 4 may be received at input {59}.
The message aead_enc(kdf(mul_point(mul_point(P,hash((seed_y[],fresh_y_1))),hash((seed_x[],fresh_x_1))),(ipk[],hash(((mul_point(P,hash((seed_x[],fresh_x_1))),initiator_random_2),(responder_random_2,mul_point(P,hash((seed_y[],fresh_y_1))),aead_enc(kdf(mul_point(mul_point(P,hash((seed_y[],fresh_y_1))),hash((seed_x[],fresh_x_1))),(ipk[],responder_random_2,mul_point(P,hash((seed_y[],fresh_y_1))),hash((mul_point(P,hash((seed_x[],fresh_x_1))),initiator_random_2))),sigma2_info),(mul_point(P,responder_noc_key_2),sign(noc_signing_key[],mul_point(P,responder_noc_key_2)),sign(responder_noc_key_2,(mul_point(P,responder_noc_key_2),mul_point(P,hash((seed_y[],fresh_y_1))),mul_point(P,hash((seed_x[],fresh_x_1))))),resumption_id_4),ncase_sigma2n,nil))))),sigma3_info),(mul_point(P,initiator_noc_key_2),sign(noc_signing_key[],mul_point(P,initiator_noc_key_2)),sign(initiator_noc_key_2,(mul_point(P,initiator_noc_key_2),mul_point(P,hash((seed_x[],fresh_x_1))),mul_point(P,hash((seed_y[],fresh_y_1)))))),ncase_sigma3n,nil) that the attacker may have by 11 may be received at input {73}.
The message (res_initiator_random_2,resumption_id_4,aead_enc(kdf(kdf(mul_point(mul_point(P,hash((seed_y[],fresh_y_1))),hash((seed_x[],fresh_x_1))),(ipk[],hash(((mul_point(P,hash((seed_x[],fresh_x_1))),initiator_random_2),(responder_random_2,mul_point(P,hash((seed_y[],fresh_y_1))),aead_enc(kdf(mul_point(mul_point(P,hash((seed_y[],fresh_y_1))),hash((seed_x[],fresh_x_1))),(ipk[],responder_random_2,mul_point(P,hash((seed_y[],fresh_y_1))),hash((mul_point(P,hash((seed_x[],fresh_x_1))),initiator_random_2))),sigma2_info),(mul_point(P,responder_noc_key_2),sign(noc_signing_key[],mul_point(P,responder_noc_key_2)),sign(responder_noc_key_2,(mul_point(P,responder_noc_key_2),mul_point(P,hash((seed_y[],fresh_y_1))),mul_point(P,hash((seed_x[],fresh_x_1))))),resumption_id_4),ncase_sigma2n,nil)),aead_enc(kdf(mul_point(mul_point(P,hash((seed_y[],fresh_y_1))),hash((seed_x[],fresh_x_1))),(ipk[],hash(((mul_point(P,hash((seed_x[],fresh_x_1))),initiator_random_2),(responder_random_2,mul_point(P,hash((seed_y[],fresh_y_1))),aead_enc(kdf(mul_point(mul_point(P,hash((seed_y[],fresh_y_1))),hash((seed_x[],fresh_x_1))),(ipk[],responder_random_2,mul_point(P,hash((seed_y[],fresh_y_1))),hash((mul_point(P,hash((seed_x[],fresh_x_1))),initiator_random_2))),sigma2_info),(mul_point(P,responder_noc_key_2),sign(noc_signing_key[],mul_point(P,responder_noc_key_2)),sign(responder_noc_key_2,(mul_point(P,responder_noc_key_2),mul_point(P,hash((seed_y[],fresh_y_1))),mul_point(P,hash((seed_x[],fresh_x_1))))),resumption_id_4),ncase_sigma2n,nil))))),sigma3_info),(mul_point(P,initiator_noc_key_2),sign(noc_signing_key[],mul_point(P,initiator_noc_key_2)),sign(initiator_noc_key_2,(mul_point(P,initiator_noc_key_2),mul_point(P,hash((seed_x[],fresh_x_1))),mul_point(P,hash((seed_y[],fresh_y_1)))))),ncase_sigma3n,nil)))),resumption_prekey_info),(res_initiator_random_2,resumption_id_4),sigma1_resume),nil,resume1mic_nonce,nil)) that the attacker may have by 16 may be received at input {88}.
So the message (resumption_id_5,aead_enc(kdf(kdf(mul_point(mul_point(P,hash((seed_y[],fresh_y_1))),hash((seed_x[],fresh_x_1))),(ipk[],hash(((mul_point(P,hash((seed_x[],fresh_x_1))),initiator_random_2),(responder_random_2,mul_point(P,hash((seed_y[],fresh_y_1))),aead_enc(kdf(mul_point(mul_point(P,hash((seed_y[],fresh_y_1))),hash((seed_x[],fresh_x_1))),(ipk[],responder_random_2,mul_point(P,hash((seed_y[],fresh_y_1))),hash((mul_point(P,hash((seed_x[],fresh_x_1))),initiator_random_2))),sigma2_info),(mul_point(P,responder_noc_key_2),sign(noc_signing_key[],mul_point(P,responder_noc_key_2)),sign(responder_noc_key_2,(mul_point(P,responder_noc_key_2),mul_point(P,hash((seed_y[],fresh_y_1))),mul_point(P,hash((seed_x[],fresh_x_1))))),resumption_id_4),ncase_sigma2n,nil)),aead_enc(kdf(mul_point(mul_point(P,hash((seed_y[],fresh_y_1))),hash((seed_x[],fresh_x_1))),(ipk[],hash(((mul_point(P,hash((seed_x[],fresh_x_1))),initiator_random_2),(responder_random_2,mul_point(P,hash((seed_y[],fresh_y_1))),aead_enc(kdf(mul_point(mul_point(P,hash((seed_y[],fresh_y_1))),hash((seed_x[],fresh_x_1))),(ipk[],responder_random_2,mul_point(P,hash((seed_y[],fresh_y_1))),hash((mul_point(P,hash((seed_x[],fresh_x_1))),initiator_random_2))),sigma2_info),(mul_point(P,responder_noc_key_2),sign(noc_signing_key[],mul_point(P,responder_noc_key_2)),sign(responder_noc_key_2,(mul_point(P,responder_noc_key_2),mul_point(P,hash((seed_y[],fresh_y_1))),mul_point(P,hash((seed_x[],fresh_x_1))))),resumption_id_4),ncase_sigma2n,nil))))),sigma3_info),(mul_point(P,initiator_noc_key_2),sign(noc_signing_key[],mul_point(P,initiator_noc_key_2)),sign(initiator_noc_key_2,(mul_point(P,initiator_noc_key_2),mul_point(P,hash((seed_x[],fresh_x_1))),mul_point(P,hash((seed_y[],fresh_y_1)))))),ncase_sigma3n,nil)))),resumption_prekey_info),(res_initiator_random_2,resumption_id_5),sigma2_resume),nil,resume2mic_nonce,nil)) may be sent to the attacker at output {94}.
attacker((resumption_id_5,aead_enc(kdf(kdf(mul_point(mul_point(P,hash((seed_y[],fresh_y_1))),hash((seed_x[],fresh_x_1))),(ipk[],hash(((mul_point(P,hash((seed_x[],fresh_x_1))),initiator_random_2),(responder_random_2,mul_point(P,hash((seed_y[],fresh_y_1))),aead_enc(kdf(mul_point(mul_point(P,hash((seed_y[],fresh_y_1))),hash((seed_x[],fresh_x_1))),(ipk[],responder_random_2,mul_point(P,hash((seed_y[],fresh_y_1))),hash((mul_point(P,hash((seed_x[],fresh_x_1))),initiator_random_2))),sigma2_info),(mul_point(P,responder_noc_key_2),sign(noc_signing_key[],mul_point(P,responder_noc_key_2)),sign(responder_noc_key_2,(mul_point(P,responder_noc_key_2),mul_point(P,hash((seed_y[],fresh_y_1))),mul_point(P,hash((seed_x[],fresh_x_1))))),resumption_id_4),ncase_sigma2n,nil)),aead_enc(kdf(mul_point(mul_point(P,hash((seed_y[],fresh_y_1))),hash((seed_x[],fresh_x_1))),(ipk[],hash(((mul_point(P,hash((seed_x[],fresh_x_1))),initiator_random_2),(responder_random_2,mul_point(P,hash((seed_y[],fresh_y_1))),aead_enc(kdf(mul_point(mul_point(P,hash((seed_y[],fresh_y_1))),hash((seed_x[],fresh_x_1))),(ipk[],responder_random_2,mul_point(P,hash((seed_y[],fresh_y_1))),hash((mul_point(P,hash((seed_x[],fresh_x_1))),initiator_random_2))),sigma2_info),(mul_point(P,responder_noc_key_2),sign(noc_signing_key[],mul_point(P,responder_noc_key_2)),sign(responder_noc_key_2,(mul_point(P,responder_noc_key_2),mul_point(P,hash((seed_y[],fresh_y_1))),mul_point(P,hash((seed_x[],fresh_x_1))))),resumption_id_4),ncase_sigma2n,nil))))),sigma3_info),(mul_point(P,initiator_noc_key_2),sign(noc_signing_key[],mul_point(P,initiator_noc_key_2)),sign(initiator_noc_key_2,(mul_point(P,initiator_noc_key_2),mul_point(P,hash((seed_x[],fresh_x_1))),mul_point(P,hash((seed_y[],fresh_y_1)))))),ncase_sigma3n,nil)))),resumption_prekey_info),(res_initiator_random_2,resumption_id_5),sigma2_resume),nil,resume2mic_nonce,nil))).

18. By 17, the attacker may know (resumption_id_5,aead_enc(kdf(kdf(mul_point(mul_point(P,hash((seed_y[],fresh_y_1))),hash((seed_x[],fresh_x_1))),(ipk[],hash(((mul_point(P,hash((seed_x[],fresh_x_1))),initiator_random_2),(responder_random_2,mul_point(P,hash((seed_y[],fresh_y_1))),aead_enc(kdf(mul_point(mul_point(P,hash((seed_y[],fresh_y_1))),hash((seed_x[],fresh_x_1))),(ipk[],responder_random_2,mul_point(P,hash((seed_y[],fresh_y_1))),hash((mul_point(P,hash((seed_x[],fresh_x_1))),initiator_random_2))),sigma2_info),(mul_point(P,responder_noc_key_2),sign(noc_signing_key[],mul_point(P,responder_noc_key_2)),sign(responder_noc_key_2,(mul_point(P,responder_noc_key_2),mul_point(P,hash((seed_y[],fresh_y_1))),mul_point(P,hash((seed_x[],fresh_x_1))))),resumption_id_4),ncase_sigma2n,nil)),aead_enc(kdf(mul_point(mul_point(P,hash((seed_y[],fresh_y_1))),hash((seed_x[],fresh_x_1))),(ipk[],hash(((mul_point(P,hash((seed_x[],fresh_x_1))),initiator_random_2),(responder_random_2,mul_point(P,hash((seed_y[],fresh_y_1))),aead_enc(kdf(mul_point(mul_point(P,hash((seed_y[],fresh_y_1))),hash((seed_x[],fresh_x_1))),(ipk[],responder_random_2,mul_point(P,hash((seed_y[],fresh_y_1))),hash((mul_point(P,hash((seed_x[],fresh_x_1))),initiator_random_2))),sigma2_info),(mul_point(P,responder_noc_key_2),sign(noc_signing_key[],mul_point(P,responder_noc_key_2)),sign(responder_noc_key_2,(mul_point(P,responder_noc_key_2),mul_point(P,hash((seed_y[],fresh_y_1))),mul_point(P,hash((seed_x[],fresh_x_1))))),resumption_id_4),ncase_sigma2n,nil))))),sigma3_info),(mul_point(P,initiator_noc_key_2),sign(noc_signing_key[],mul_point(P,initiator_noc_key_2)),sign(initiator_noc_key_2,(mul_point(P,initiator_noc_key_2),mul_point(P,hash((seed_x[],fresh_x_1))),mul_point(P,hash((seed_y[],fresh_y_1)))))),ncase_sigma3n,nil)))),resumption_prekey_info),(res_initiator_random_2,resumption_id_5),sigma2_resume),nil,resume2mic_nonce,nil)).
Using the function 2-proj-2-tuple the attacker may obtain aead_enc(kdf(kdf(mul_point(mul_point(P,hash((seed_y[],fresh_y_1))),hash((seed_x[],fresh_x_1))),(ipk[],hash(((mul_point(P,hash((seed_x[],fresh_x_1))),initiator_random_2),(responder_random_2,mul_point(P,hash((seed_y[],fresh_y_1))),aead_enc(kdf(mul_point(mul_point(P,hash((seed_y[],fresh_y_1))),hash((seed_x[],fresh_x_1))),(ipk[],responder_random_2,mul_point(P,hash((seed_y[],fresh_y_1))),hash((mul_point(P,hash((seed_x[],fresh_x_1))),initiator_random_2))),sigma2_info),(mul_point(P,responder_noc_key_2),sign(noc_signing_key[],mul_point(P,responder_noc_key_2)),sign(responder_noc_key_2,(mul_point(P,responder_noc_key_2),mul_point(P,hash((seed_y[],fresh_y_1))),mul_point(P,hash((seed_x[],fresh_x_1))))),resumption_id_4),ncase_sigma2n,nil)),aead_enc(kdf(mul_point(mul_point(P,hash((seed_y[],fresh_y_1))),hash((seed_x[],fresh_x_1))),(ipk[],hash(((mul_point(P,hash((seed_x[],fresh_x_1))),initiator_random_2),(responder_random_2,mul_point(P,hash((seed_y[],fresh_y_1))),aead_enc(kdf(mul_point(mul_point(P,hash((seed_y[],fresh_y_1))),hash((seed_x[],fresh_x_1))),(ipk[],responder_random_2,mul_point(P,hash((seed_y[],fresh_y_1))),hash((mul_point(P,hash((seed_x[],fresh_x_1))),initiator_random_2))),sigma2_info),(mul_point(P,responder_noc_key_2),sign(noc_signing_key[],mul_point(P,responder_noc_key_2)),sign(responder_noc_key_2,(mul_point(P,responder_noc_key_2),mul_point(P,hash((seed_y[],fresh_y_1))),mul_point(P,hash((seed_x[],fresh_x_1))))),resumption_id_4),ncase_sigma2n,nil))))),sigma3_info),(mul_point(P,initiator_noc_key_2),sign(noc_signing_key[],mul_point(P,initiator_noc_key_2)),sign(initiator_noc_key_2,(mul_point(P,initiator_noc_key_2),mul_point(P,hash((seed_x[],fresh_x_1))),mul_point(P,hash((seed_y[],fresh_y_1)))))),ncase_sigma3n,nil)))),resumption_prekey_info),(res_initiator_random_2,resumption_id_5),sigma2_resume),nil,resume2mic_nonce,nil).
attacker(aead_enc(kdf(kdf(mul_point(mul_point(P,hash((seed_y[],fresh_y_1))),hash((seed_x[],fresh_x_1))),(ipk[],hash(((mul_point(P,hash((seed_x[],fresh_x_1))),initiator_random_2),(responder_random_2,mul_point(P,hash((seed_y[],fresh_y_1))),aead_enc(kdf(mul_point(mul_point(P,hash((seed_y[],fresh_y_1))),hash((seed_x[],fresh_x_1))),(ipk[],responder_random_2,mul_point(P,hash((seed_y[],fresh_y_1))),hash((mul_point(P,hash((seed_x[],fresh_x_1))),initiator_random_2))),sigma2_info),(mul_point(P,responder_noc_key_2),sign(noc_signing_key[],mul_point(P,responder_noc_key_2)),sign(responder_noc_key_2,(mul_point(P,responder_noc_key_2),mul_point(P,hash((seed_y[],fresh_y_1))),mul_point(P,hash((seed_x[],fresh_x_1))))),resumption_id_4),ncase_sigma2n,nil)),aead_enc(kdf(mul_point(mul_point(P,hash((seed_y[],fresh_y_1))),hash((seed_x[],fresh_x_1))),(ipk[],hash(((mul_point(P,hash((seed_x[],fresh_x_1))),initiator_random_2),(responder_random_2,mul_point(P,hash((seed_y[],fresh_y_1))),aead_enc(kdf(mul_point(mul_point(P,hash((seed_y[],fresh_y_1))),hash((seed_x[],fresh_x_1))),(ipk[],responder_random_2,mul_point(P,hash((seed_y[],fresh_y_1))),hash((mul_point(P,hash((seed_x[],fresh_x_1))),initiator_random_2))),sigma2_info),(mul_point(P,responder_noc_key_2),sign(noc_signing_key[],mul_point(P,responder_noc_key_2)),sign(responder_noc_key_2,(mul_point(P,responder_noc_key_2),mul_point(P,hash((seed_y[],fresh_y_1))),mul_point(P,hash((seed_x[],fresh_x_1))))),resumption_id_4),ncase_sigma2n,nil))))),sigma3_info),(mul_point(P,initiator_noc_key_2),sign(noc_signing_key[],mul_point(P,initiator_noc_key_2)),sign(initiator_noc_key_2,(mul_point(P,initiator_noc_key_2),mul_point(P,hash((seed_x[],fresh_x_1))),mul_point(P,hash((seed_y[],fresh_y_1)))))),ncase_sigma3n,nil)))),resumption_prekey_info),(res_initiator_random_2,resumption_id_5),sigma2_resume),nil,resume2mic_nonce,nil)).

19. By 17, the attacker may know (resumption_id_5,aead_enc(kdf(kdf(mul_point(mul_point(P,hash((seed_y[],fresh_y_1))),hash((seed_x[],fresh_x_1))),(ipk[],hash(((mul_point(P,hash((seed_x[],fresh_x_1))),initiator_random_2),(responder_random_2,mul_point(P,hash((seed_y[],fresh_y_1))),aead_enc(kdf(mul_point(mul_point(P,hash((seed_y[],fresh_y_1))),hash((seed_x[],fresh_x_1))),(ipk[],responder_random_2,mul_point(P,hash((seed_y[],fresh_y_1))),hash((mul_point(P,hash((seed_x[],fresh_x_1))),initiator_random_2))),sigma2_info),(mul_point(P,responder_noc_key_2),sign(noc_signing_key[],mul_point(P,responder_noc_key_2)),sign(responder_noc_key_2,(mul_point(P,responder_noc_key_2),mul_point(P,hash((seed_y[],fresh_y_1))),mul_point(P,hash((seed_x[],fresh_x_1))))),resumption_id_4),ncase_sigma2n,nil)),aead_enc(kdf(mul_point(mul_point(P,hash((seed_y[],fresh_y_1))),hash((seed_x[],fresh_x_1))),(ipk[],hash(((mul_point(P,hash((seed_x[],fresh_x_1))),initiator_random_2),(responder_random_2,mul_point(P,hash((seed_y[],fresh_y_1))),aead_enc(kdf(mul_point(mul_point(P,hash((seed_y[],fresh_y_1))),hash((seed_x[],fresh_x_1))),(ipk[],responder_random_2,mul_point(P,hash((seed_y[],fresh_y_1))),hash((mul_point(P,hash((seed_x[],fresh_x_1))),initiator_random_2))),sigma2_info),(mul_point(P,responder_noc_key_2),sign(noc_signing_key[],mul_point(P,responder_noc_key_2)),sign(responder_noc_key_2,(mul_point(P,responder_noc_key_2),mul_point(P,hash((seed_y[],fresh_y_1))),mul_point(P,hash((seed_x[],fresh_x_1))))),resumption_id_4),ncase_sigma2n,nil))))),sigma3_info),(mul_point(P,initiator_noc_key_2),sign(noc_signing_key[],mul_point(P,initiator_noc_key_2)),sign(initiator_noc_key_2,(mul_point(P,initiator_noc_key_2),mul_point(P,hash((seed_x[],fresh_x_1))),mul_point(P,hash((seed_y[],fresh_y_1)))))),ncase_sigma3n,nil)))),resumption_prekey_info),(res_initiator_random_2,resumption_id_5),sigma2_resume),nil,resume2mic_nonce,nil)).
Using the function 1-proj-2-tuple the attacker may obtain resumption_id_5.
attacker(resumption_id_5).

20. By 19, the attacker may know resumption_id_5.
By 18, the attacker may know aead_enc(kdf(kdf(mul_point(mul_point(P,hash((seed_y[],fresh_y_1))),hash((seed_x[],fresh_x_1))),(ipk[],hash(((mul_point(P,hash((seed_x[],fresh_x_1))),initiator_random_2),(responder_random_2,mul_point(P,hash((seed_y[],fresh_y_1))),aead_enc(kdf(mul_point(mul_point(P,hash((seed_y[],fresh_y_1))),hash((seed_x[],fresh_x_1))),(ipk[],responder_random_2,mul_point(P,hash((seed_y[],fresh_y_1))),hash((mul_point(P,hash((seed_x[],fresh_x_1))),initiator_random_2))),sigma2_info),(mul_point(P,responder_noc_key_2),sign(noc_signing_key[],mul_point(P,responder_noc_key_2)),sign(responder_noc_key_2,(mul_point(P,responder_noc_key_2),mul_point(P,hash((seed_y[],fresh_y_1))),mul_point(P,hash((seed_x[],fresh_x_1))))),resumption_id_4),ncase_sigma2n,nil)),aead_enc(kdf(mul_point(mul_point(P,hash((seed_y[],fresh_y_1))),hash((seed_x[],fresh_x_1))),(ipk[],hash(((mul_point(P,hash((seed_x[],fresh_x_1))),initiator_random_2),(responder_random_2,mul_point(P,hash((seed_y[],fresh_y_1))),aead_enc(kdf(mul_point(mul_point(P,hash((seed_y[],fresh_y_1))),hash((seed_x[],fresh_x_1))),(ipk[],responder_random_2,mul_point(P,hash((seed_y[],fresh_y_1))),hash((mul_point(P,hash((seed_x[],fresh_x_1))),initiator_random_2))),sigma2_info),(mul_point(P,responder_noc_key_2),sign(noc_signing_key[],mul_point(P,responder_noc_key_2)),sign(responder_noc_key_2,(mul_point(P,responder_noc_key_2),mul_point(P,hash((seed_y[],fresh_y_1))),mul_point(P,hash((seed_x[],fresh_x_1))))),resumption_id_4),ncase_sigma2n,nil))))),sigma3_info),(mul_point(P,initiator_noc_key_2),sign(noc_signing_key[],mul_point(P,initiator_noc_key_2)),sign(initiator_noc_key_2,(mul_point(P,initiator_noc_key_2),mul_point(P,hash((seed_x[],fresh_x_1))),mul_point(P,hash((seed_y[],fresh_y_1)))))),ncase_sigma3n,nil)))),resumption_prekey_info),(res_initiator_random_2,resumption_id_5),sigma2_resume),nil,resume2mic_nonce,nil).
Using the function 2-tuple the attacker may obtain (resumption_id_5,aead_enc(kdf(kdf(mul_point(mul_point(P,hash((seed_y[],fresh_y_1))),hash((seed_x[],fresh_x_1))),(ipk[],hash(((mul_point(P,hash((seed_x[],fresh_x_1))),initiator_random_2),(responder_random_2,mul_point(P,hash((seed_y[],fresh_y_1))),aead_enc(kdf(mul_point(mul_point(P,hash((seed_y[],fresh_y_1))),hash((seed_x[],fresh_x_1))),(ipk[],responder_random_2,mul_point(P,hash((seed_y[],fresh_y_1))),hash((mul_point(P,hash((seed_x[],fresh_x_1))),initiator_random_2))),sigma2_info),(mul_point(P,responder_noc_key_2),sign(noc_signing_key[],mul_point(P,responder_noc_key_2)),sign(responder_noc_key_2,(mul_point(P,responder_noc_key_2),mul_point(P,hash((seed_y[],fresh_y_1))),mul_point(P,hash((seed_x[],fresh_x_1))))),resumption_id_4),ncase_sigma2n,nil)),aead_enc(kdf(mul_point(mul_point(P,hash((seed_y[],fresh_y_1))),hash((seed_x[],fresh_x_1))),(ipk[],hash(((mul_point(P,hash((seed_x[],fresh_x_1))),initiator_random_2),(responder_random_2,mul_point(P,hash((seed_y[],fresh_y_1))),aead_enc(kdf(mul_point(mul_point(P,hash((seed_y[],fresh_y_1))),hash((seed_x[],fresh_x_1))),(ipk[],responder_random_2,mul_point(P,hash((seed_y[],fresh_y_1))),hash((mul_point(P,hash((seed_x[],fresh_x_1))),initiator_random_2))),sigma2_info),(mul_point(P,responder_noc_key_2),sign(noc_signing_key[],mul_point(P,responder_noc_key_2)),sign(responder_noc_key_2,(mul_point(P,responder_noc_key_2),mul_point(P,hash((seed_y[],fresh_y_1))),mul_point(P,hash((seed_x[],fresh_x_1))))),resumption_id_4),ncase_sigma2n,nil))))),sigma3_info),(mul_point(P,initiator_noc_key_2),sign(noc_signing_key[],mul_point(P,initiator_noc_key_2)),sign(initiator_noc_key_2,(mul_point(P,initiator_noc_key_2),mul_point(P,hash((seed_x[],fresh_x_1))),mul_point(P,hash((seed_y[],fresh_y_1)))))),ncase_sigma3n,nil)))),resumption_prekey_info),(res_initiator_random_2,resumption_id_5),sigma2_resume),nil,resume2mic_nonce,nil)).
attacker((resumption_id_5,aead_enc(kdf(kdf(mul_point(mul_point(P,hash((seed_y[],fresh_y_1))),hash((seed_x[],fresh_x_1))),(ipk[],hash(((mul_point(P,hash((seed_x[],fresh_x_1))),initiator_random_2),(responder_random_2,mul_point(P,hash((seed_y[],fresh_y_1))),aead_enc(kdf(mul_point(mul_point(P,hash((seed_y[],fresh_y_1))),hash((seed_x[],fresh_x_1))),(ipk[],responder_random_2,mul_point(P,hash((seed_y[],fresh_y_1))),hash((mul_point(P,hash((seed_x[],fresh_x_1))),initiator_random_2))),sigma2_info),(mul_point(P,responder_noc_key_2),sign(noc_signing_key[],mul_point(P,responder_noc_key_2)),sign(responder_noc_key_2,(mul_point(P,responder_noc_key_2),mul_point(P,hash((seed_y[],fresh_y_1))),mul_point(P,hash((seed_x[],fresh_x_1))))),resumption_id_4),ncase_sigma2n,nil)),aead_enc(kdf(mul_point(mul_point(P,hash((seed_y[],fresh_y_1))),hash((seed_x[],fresh_x_1))),(ipk[],hash(((mul_point(P,hash((seed_x[],fresh_x_1))),initiator_random_2),(responder_random_2,mul_point(P,hash((seed_y[],fresh_y_1))),aead_enc(kdf(mul_point(mul_point(P,hash((seed_y[],fresh_y_1))),hash((seed_x[],fresh_x_1))),(ipk[],responder_random_2,mul_point(P,hash((seed_y[],fresh_y_1))),hash((mul_point(P,hash((seed_x[],fresh_x_1))),initiator_random_2))),sigma2_info),(mul_point(P,responder_noc_key_2),sign(noc_signing_key[],mul_point(P,responder_noc_key_2)),sign(responder_noc_key_2,(mul_point(P,responder_noc_key_2),mul_point(P,hash((seed_y[],fresh_y_1))),mul_point(P,hash((seed_x[],fresh_x_1))))),resumption_id_4),ncase_sigma2n,nil))))),sigma3_info),(mul_point(P,initiator_noc_key_2),sign(noc_signing_key[],mul_point(P,initiator_noc_key_2)),sign(initiator_noc_key_2,(mul_point(P,initiator_noc_key_2),mul_point(P,hash((seed_x[],fresh_x_1))),mul_point(P,hash((seed_y[],fresh_y_1)))))),ncase_sigma3n,nil)))),resumption_prekey_info),(res_initiator_random_2,resumption_id_5),sigma2_resume),nil,resume2mic_nonce,nil))).

21. The message (responder_random_2,mul_point(P,hash((seed_y[],fresh_y_1))),aead_enc(kdf(mul_point(mul_point(P,hash((seed_y[],fresh_y_1))),hash((seed_x[],fresh_x_1))),(ipk[],responder_random_2,mul_point(P,hash((seed_y[],fresh_y_1))),hash((mul_point(P,hash((seed_x[],fresh_x_1))),initiator_random_2))),sigma2_info),(mul_point(P,responder_noc_key_2),sign(noc_signing_key[],mul_point(P,responder_noc_key_2)),sign(responder_noc_key_2,(mul_point(P,responder_noc_key_2),mul_point(P,hash((seed_y[],fresh_y_1))),mul_point(P,hash((seed_x[],fresh_x_1))))),resumption_id_4),ncase_sigma2n,nil)) that the attacker may have by 10 may be received at input {19}.
The message (resumption_id_5,aead_enc(kdf(kdf(mul_point(mul_point(P,hash((seed_y[],fresh_y_1))),hash((seed_x[],fresh_x_1))),(ipk[],hash(((mul_point(P,hash((seed_x[],fresh_x_1))),initiator_random_2),(responder_random_2,mul_point(P,hash((seed_y[],fresh_y_1))),aead_enc(kdf(mul_point(mul_point(P,hash((seed_y[],fresh_y_1))),hash((seed_x[],fresh_x_1))),(ipk[],responder_random_2,mul_point(P,hash((seed_y[],fresh_y_1))),hash((mul_point(P,hash((seed_x[],fresh_x_1))),initiator_random_2))),sigma2_info),(mul_point(P,responder_noc_key_2),sign(noc_signing_key[],mul_point(P,responder_noc_key_2)),sign(responder_noc_key_2,(mul_point(P,responder_noc_key_2),mul_point(P,hash((seed_y[],fresh_y_1))),mul_point(P,hash((seed_x[],fresh_x_1))))),resumption_id_4),ncase_sigma2n,nil)),aead_enc(kdf(mul_point(mul_point(P,hash((seed_y[],fresh_y_1))),hash((seed_x[],fresh_x_1))),(ipk[],hash(((mul_point(P,hash((seed_x[],fresh_x_1))),initiator_random_2),(responder_random_2,mul_point(P,hash((seed_y[],fresh_y_1))),aead_enc(kdf(mul_point(mul_point(P,hash((seed_y[],fresh_y_1))),hash((seed_x[],fresh_x_1))),(ipk[],responder_random_2,mul_point(P,hash((seed_y[],fresh_y_1))),hash((mul_point(P,hash((seed_x[],fresh_x_1))),initiator_random_2))),sigma2_info),(mul_point(P,responder_noc_key_2),sign(noc_signing_key[],mul_point(P,responder_noc_key_2)),sign(responder_noc_key_2,(mul_point(P,responder_noc_key_2),mul_point(P,hash((seed_y[],fresh_y_1))),mul_point(P,hash((seed_x[],fresh_x_1))))),resumption_id_4),ncase_sigma2n,nil))))),sigma3_info),(mul_point(P,initiator_noc_key_2),sign(noc_signing_key[],mul_point(P,initiator_noc_key_2)),sign(initiator_noc_key_2,(mul_point(P,initiator_noc_key_2),mul_point(P,hash((seed_x[],fresh_x_1))),mul_point(P,hash((seed_y[],fresh_y_1)))))),ncase_sigma3n,nil)))),resumption_prekey_info),(res_initiator_random_2,resumption_id_5),sigma2_resume),nil,resume2mic_nonce,nil)) that the attacker may have by 20 may be received at input {45}.
So event did_not_reach_end_initiator(dummy_2) may be executed at {51}.
event(did_not_reach_end_initiator(dummy_2)).

22. By 21, event(did_not_reach_end_initiator(dummy_2)).
The goal is reached, represented in the following fact:
event(did_not_reach_end_initiator(dummy_2)).


A more detailed output of the traces is available with
  set traceDisplay = long.

new ipk: key creating ipk_3 at {1}

new seed_x: bitstring creating seed_x_2 at {2}

new seed_y: bitstring creating seed_y_2 at {3}

out(c, ~M) with ~M = mul_point(P,noc_signing_key) at {5}

new responder_noc_key: key creating responder_noc_key_3 at {53} in copy a

new initiator_noc_key: key creating initiator_noc_key_3 at {7} in copy a_1

new fresh_x: bitstring creating fresh_x_2 at {13} in copy a_1

new initiator_random: bitstring creating initiator_random_3 at {15} in copy a_1

out(c, (~M_1,~M_2)) with ~M_1 = mul_point(P,hash((seed_x_2,fresh_x_2))), ~M_2 = initiator_random_3 at {18} in copy a_1

in(c, (~M_1,~M_2)) with ~M_1 = mul_point(P,hash((seed_x_2,fresh_x_2))), ~M_2 = initiator_random_3 at {59} in copy a

event start_session_with_initiator(mul_point(P,hash((seed_x_2,fresh_x_2))),initiator_random_3) at {61} in copy a

new fresh_y: bitstring creating fresh_y_2 at {62} in copy a

new responder_random_1: bitstring creating responder_random_3 at {64} in copy a

new resumption_id_1: bitstring creating resumption_id_6 at {65} in copy a

out(c, (~M_3,~M_4,~M_5)) with ~M_3 = responder_random_3, ~M_4 = mul_point(P,hash((seed_y_2,fresh_y_2))), ~M_5 = aead_enc(kdf(mul_point(mul_point(P,hash((seed_x_2,fresh_x_2))),hash((seed_y_2,fresh_y_2))),(ipk_3,responder_random_3,mul_point(P,hash((seed_y_2,fresh_y_2))),hash((mul_point(P,hash((seed_x_2,fresh_x_2))),initiator_random_3))),sigma2_info),(mul_point(P,responder_noc_key_3),sign(noc_signing_key,mul_point(P,responder_noc_key_3)),sign(responder_noc_key_3,(mul_point(P,responder_noc_key_3),mul_point(P,hash((seed_y_2,fresh_y_2))),mul_point(P,hash((seed_x_2,fresh_x_2))))),resumption_id_6),ncase_sigma2n,nil) at {72} in copy a

in(c, (~M_3,~M_4,~M_5)) with ~M_3 = responder_random_3, ~M_4 = mul_point(P,hash((seed_y_2,fresh_y_2))), ~M_5 = aead_enc(kdf(mul_point(mul_point(P,hash((seed_y_2,fresh_y_2))),hash((seed_x_2,fresh_x_2))),(ipk_3,responder_random_3,mul_point(P,hash((seed_y_2,fresh_y_2))),hash((mul_point(P,hash((seed_x_2,fresh_x_2))),initiator_random_3))),sigma2_info),(mul_point(P,responder_noc_key_3),sign(noc_signing_key,mul_point(P,responder_noc_key_3)),sign(responder_noc_key_3,(mul_point(P,responder_noc_key_3),mul_point(P,hash((seed_y_2,fresh_y_2))),mul_point(P,hash((seed_x_2,fresh_x_2))))),resumption_id_6),ncase_sigma2n,nil) at {19} in copy a_1

event start_session_with_responder(mul_point(P,hash((seed_y_2,fresh_y_2))),responder_random_3) at {21} in copy a_1

event accept_responder_identity(mul_point(P,responder_noc_key_3),mul_point(P,hash((seed_y_2,fresh_y_2))),responder_random_3) at {26} in copy a_1

out(c, ~M_6) with ~M_6 = aead_enc(kdf(mul_point(mul_point(P,hash((seed_y_2,fresh_y_2))),hash((seed_x_2,fresh_x_2))),(ipk_3,hash(((mul_point(P,hash((seed_x_2,fresh_x_2))),initiator_random_3),(responder_random_3,mul_point(P,hash((seed_y_2,fresh_y_2))),aead_enc(kdf(mul_point(mul_point(P,hash((seed_y_2,fresh_y_2))),hash((seed_x_2,fresh_x_2))),(ipk_3,responder_random_3,mul_point(P,hash((seed_y_2,fresh_y_2))),hash((mul_point(P,hash((seed_x_2,fresh_x_2))),initiator_random_3))),sigma2_info),(mul_point(P,responder_noc_key_3),sign(noc_signing_key,mul_point(P,responder_noc_key_3)),sign(responder_noc_key_3,(mul_point(P,responder_noc_key_3),mul_point(P,hash((seed_y_2,fresh_y_2))),mul_point(P,hash((seed_x_2,fresh_x_2))))),resumption_id_6),ncase_sigma2n,nil))))),sigma3_info),(mul_point(P,initiator_noc_key_3),sign(noc_signing_key,mul_point(P,initiator_noc_key_3)),sign(initiator_noc_key_3,(mul_point(P,initiator_noc_key_3),mul_point(P,hash((seed_x_2,fresh_x_2))),mul_point(P,hash((seed_y_2,fresh_y_2)))))),ncase_sigma3n,nil) at {30} in copy a_1

event initiator_end(mul_point(P,initiator_noc_key_3),mul_point(P,hash((seed_x_2,fresh_x_2))),initiator_random_3) at {33} in copy a_1

out(c, ~M_7) with ~M_7 = enc(mul_point(P,initiator_noc_key_3),q_id_i_i) at {34} in copy a_1

out(c, ~M_8) with ~M_8 = enc(mul_point(P,responder_noc_key_3),q_id_r_i) at {35} in copy a_1

out(c, ~M_9) with ~M_9 = fresh_x_2 at {36} in copy a_1

out(c, ~M_10) with ~M_10 = enc(hash((seed_x_2,fresh_x_2)),q_eph_x) at {37} in copy a_1

out(c, ~M_11) with ~M_11 = enc(mul_point(mul_point(P,hash((seed_y_2,fresh_y_2))),hash((seed_x_2,fresh_x_2))),q_shared_secret_i) at {38} in copy a_1

out(c, ~M_12) with ~M_12 = enc(kdf(mul_point(mul_point(P,hash((seed_y_2,fresh_y_2))),hash((seed_x_2,fresh_x_2))),(ipk_3,hash(((mul_point(P,hash((seed_x_2,fresh_x_2))),initiator_random_3),(responder_random_3,mul_point(P,hash((seed_y_2,fresh_y_2))),aead_enc(kdf(mul_point(mul_point(P,hash((seed_y_2,fresh_y_2))),hash((seed_x_2,fresh_x_2))),(ipk_3,responder_random_3,mul_point(P,hash((seed_y_2,fresh_y_2))),hash((mul_point(P,hash((seed_x_2,fresh_x_2))),initiator_random_3))),sigma2_info),(mul_point(P,responder_noc_key_3),sign(noc_signing_key,mul_point(P,responder_noc_key_3)),sign(responder_noc_key_3,(mul_point(P,responder_noc_key_3),mul_point(P,hash((seed_y_2,fresh_y_2))),mul_point(P,hash((seed_x_2,fresh_x_2))))),resumption_id_6),ncase_sigma2n,nil)),aead_enc(kdf(mul_point(mul_point(P,hash((seed_y_2,fresh_y_2))),hash((seed_x_2,fresh_x_2))),(ipk_3,hash(((mul_point(P,hash((seed_x_2,fresh_x_2))),initiator_random_3),(responder_random_3,mul_point(P,hash((seed_y_2,fresh_y_2))),aead_enc(kdf(mul_point(mul_point(P,hash((seed_y_2,fresh_y_2))),hash((seed_x_2,fresh_x_2))),(ipk_3,responder_random_3,mul_point(P,hash((seed_y_2,fresh_y_2))),hash((mul_point(P,hash((seed_x_2,fresh_x_2))),initiator_random_3))),sigma2_info),(mul_point(P,responder_noc_key_3),sign(noc_signing_key,mul_point(P,responder_noc_key_3)),sign(responder_noc_key_3,(mul_point(P,responder_noc_key_3),mul_point(P,hash((seed_y_2,fresh_y_2))),mul_point(P,hash((seed_x_2,fresh_x_2))))),resumption_id_6),ncase_sigma2n,nil))))),sigma3_info),(mul_point(P,initiator_noc_key_3),sign(noc_signing_key,mul_point(P,initiator_noc_key_3)),sign(initiator_noc_key_3,(mul_point(P,initiator_noc_key_3),mul_point(P,hash((seed_x_2,fresh_x_2))),mul_point(P,hash((seed_y_2,fresh_y_2)))))),ncase_sigma3n,nil)))),sekeys_info),q_session_keys_i) at {39} in copy a_1

out(c, ~M_13) with ~M_13 = enc(kdf(mul_point(mul_point(P,hash((seed_y_2,fresh_y_2))),hash((seed_x_2,fresh_x_2))),(ipk_3,hash(((mul_point(P,hash((seed_x_2,fresh_x_2))),initiator_random_3),(responder_random_3,mul_point(P,hash((seed_y_2,fresh_y_2))),aead_enc(kdf(mul_point(mul_point(P,hash((seed_y_2,fresh_y_2))),hash((seed_x_2,fresh_x_2))),(ipk_3,responder_random_3,mul_point(P,hash((seed_y_2,fresh_y_2))),hash((mul_point(P,hash((seed_x_2,fresh_x_2))),initiator_random_3))),sigma2_info),(mul_point(P,responder_noc_key_3),sign(noc_signing_key,mul_point(P,responder_noc_key_3)),sign(responder_noc_key_3,(mul_point(P,responder_noc_key_3),mul_point(P,hash((seed_y_2,fresh_y_2))),mul_point(P,hash((seed_x_2,fresh_x_2))))),resumption_id_6),ncase_sigma2n,nil)),aead_enc(kdf(mul_point(mul_point(P,hash((seed_y_2,fresh_y_2))),hash((seed_x_2,fresh_x_2))),(ipk_3,hash(((mul_point(P,hash((seed_x_2,fresh_x_2))),initiator_random_3),(responder_random_3,mul_point(P,hash((seed_y_2,fresh_y_2))),aead_enc(kdf(mul_point(mul_point(P,hash((seed_y_2,fresh_y_2))),hash((seed_x_2,fresh_x_2))),(ipk_3,responder_random_3,mul_point(P,hash((seed_y_2,fresh_y_2))),hash((mul_point(P,hash((seed_x_2,fresh_x_2))),initiator_random_3))),sigma2_info),(mul_point(P,responder_noc_key_3),sign(noc_signing_key,mul_point(P,responder_noc_key_3)),sign(responder_noc_key_3,(mul_point(P,responder_noc_key_3),mul_point(P,hash((seed_y_2,fresh_y_2))),mul_point(P,hash((seed_x_2,fresh_x_2))))),resumption_id_6),ncase_sigma2n,nil))))),sigma3_info),(mul_point(P,initiator_noc_key_3),sign(noc_signing_key,mul_point(P,initiator_noc_key_3)),sign(initiator_noc_key_3,(mul_point(P,initiator_noc_key_3),mul_point(P,hash((seed_x_2,fresh_x_2))),mul_point(P,hash((seed_y_2,fresh_y_2)))))),ncase_sigma3n,nil)))),resumption_prekey_info),q_resumption_prekeys_i) at {40} in copy a_1

new res_initiator_random: bitstring creating res_initiator_random_3 at {41} in copy a_1

out(c, (~M_14,~M_15,~M_16)) with ~M_14 = res_initiator_random_3, ~M_15 = resumption_id_6, ~M_16 = aead_enc(kdf(kdf(mul_point(mul_point(P,hash((seed_y_2,fresh_y_2))),hash((seed_x_2,fresh_x_2))),(ipk_3,hash(((mul_point(P,hash((seed_x_2,fresh_x_2))),initiator_random_3),(responder_random_3,mul_point(P,hash((seed_y_2,fresh_y_2))),aead_enc(kdf(mul_point(mul_point(P,hash((seed_y_2,fresh_y_2))),hash((seed_x_2,fresh_x_2))),(ipk_3,responder_random_3,mul_point(P,hash((seed_y_2,fresh_y_2))),hash((mul_point(P,hash((seed_x_2,fresh_x_2))),initiator_random_3))),sigma2_info),(mul_point(P,responder_noc_key_3),sign(noc_signing_key,mul_point(P,responder_noc_key_3)),sign(responder_noc_key_3,(mul_point(P,responder_noc_key_3),mul_point(P,hash((seed_y_2,fresh_y_2))),mul_point(P,hash((seed_x_2,fresh_x_2))))),resumption_id_6),ncase_sigma2n,nil)),aead_enc(kdf(mul_point(mul_point(P,hash((seed_y_2,fresh_y_2))),hash((seed_x_2,fresh_x_2))),(ipk_3,hash(((mul_point(P,hash((seed_x_2,fresh_x_2))),initiator_random_3),(responder_random_3,mul_point(P,hash((seed_y_2,fresh_y_2))),aead_enc(kdf(mul_point(mul_point(P,hash((seed_y_2,fresh_y_2))),hash((seed_x_2,fresh_x_2))),(ipk_3,responder_random_3,mul_point(P,hash((seed_y_2,fresh_y_2))),hash((mul_point(P,hash((seed_x_2,fresh_x_2))),initiator_random_3))),sigma2_info),(mul_point(P,responder_noc_key_3),sign(noc_signing_key,mul_point(P,responder_noc_key_3)),sign(responder_noc_key_3,(mul_point(P,responder_noc_key_3),mul_point(P,hash((seed_y_2,fresh_y_2))),mul_point(P,hash((seed_x_2,fresh_x_2))))),resumption_id_6),ncase_sigma2n,nil))))),sigma3_info),(mul_point(P,initiator_noc_key_3),sign(noc_signing_key,mul_point(P,initiator_noc_key_3)),sign(initiator_noc_key_3,(mul_point(P,initiator_noc_key_3),mul_point(P,hash((seed_x_2,fresh_x_2))),mul_point(P,hash((seed_y_2,fresh_y_2)))))),ncase_sigma3n,nil)))),resumption_prekey_info),(res_initiator_random_3,resumption_id_6),sigma1_resume),nil,resume1mic_nonce,nil) at {44} in copy a_1

in(c, ~M_6) with ~M_6 = aead_enc(kdf(mul_point(mul_point(P,hash((seed_y_2,fresh_y_2))),hash((seed_x_2,fresh_x_2))),(ipk_3,hash(((mul_point(P,hash((seed_x_2,fresh_x_2))),initiator_random_3),(responder_random_3,mul_point(P,hash((seed_y_2,fresh_y_2))),aead_enc(kdf(mul_point(mul_point(P,hash((seed_y_2,fresh_y_2))),hash((seed_x_2,fresh_x_2))),(ipk_3,responder_random_3,mul_point(P,hash((seed_y_2,fresh_y_2))),hash((mul_point(P,hash((seed_x_2,fresh_x_2))),initiator_random_3))),sigma2_info),(mul_point(P,responder_noc_key_3),sign(noc_signing_key,mul_point(P,responder_noc_key_3)),sign(responder_noc_key_3,(mul_point(P,responder_noc_key_3),mul_point(P,hash((seed_y_2,fresh_y_2))),mul_point(P,hash((seed_x_2,fresh_x_2))))),resumption_id_6),ncase_sigma2n,nil))))),sigma3_info),(mul_point(P,initiator_noc_key_3),sign(noc_signing_key,mul_point(P,initiator_noc_key_3)),sign(initiator_noc_key_3,(mul_point(P,initiator_noc_key_3),mul_point(P,hash((seed_x_2,fresh_x_2))),mul_point(P,hash((seed_y_2,fresh_y_2)))))),ncase_sigma3n,nil) at {73} in copy a

out(c, ~M_17) with ~M_17 = sigma_finished at {79} in copy a

event responder_end(mul_point(P,responder_noc_key_3),mul_point(P,hash((seed_y_2,fresh_y_2))),responder_random_3) at {80} in copy a

out(c, ~M_18) with ~M_18 = enc(mul_point(P,initiator_noc_key_3),q_id_i_r) at {81} in copy a

out(c, ~M_19) with ~M_19 = enc(mul_point(P,responder_noc_key_3),q_id_r_r) at {82} in copy a

out(c, ~M_20) with ~M_20 = fresh_y_2 at {83} in copy a

out(c, ~M_21) with ~M_21 = enc(hash((seed_y_2,fresh_y_2)),q_eph_y) at {84} in copy a

out(c, ~M_22) with ~M_22 = enc(mul_point(mul_point(P,hash((seed_x_2,fresh_x_2))),hash((seed_y_2,fresh_y_2))),q_shared_secret_r) at {85} in copy a

out(c, ~M_23) with ~M_23 = enc(kdf(mul_point(mul_point(P,hash((seed_x_2,fresh_x_2))),hash((seed_y_2,fresh_y_2))),(ipk_3,hash(((mul_point(P,hash((seed_x_2,fresh_x_2))),initiator_random_3),(responder_random_3,mul_point(P,hash((seed_y_2,fresh_y_2))),aead_enc(kdf(mul_point(mul_point(P,hash((seed_x_2,fresh_x_2))),hash((seed_y_2,fresh_y_2))),(ipk_3,responder_random_3,mul_point(P,hash((seed_y_2,fresh_y_2))),hash((mul_point(P,hash((seed_x_2,fresh_x_2))),initiator_random_3))),sigma2_info),(mul_point(P,responder_noc_key_3),sign(noc_signing_key,mul_point(P,responder_noc_key_3)),sign(responder_noc_key_3,(mul_point(P,responder_noc_key_3),mul_point(P,hash((seed_y_2,fresh_y_2))),mul_point(P,hash((seed_x_2,fresh_x_2))))),resumption_id_6),ncase_sigma2n,nil)),aead_enc(kdf(mul_point(mul_point(P,hash((seed_y_2,fresh_y_2))),hash((seed_x_2,fresh_x_2))),(ipk_3,hash(((mul_point(P,hash((seed_x_2,fresh_x_2))),initiator_random_3),(responder_random_3,mul_point(P,hash((seed_y_2,fresh_y_2))),aead_enc(kdf(mul_point(mul_point(P,hash((seed_y_2,fresh_y_2))),hash((seed_x_2,fresh_x_2))),(ipk_3,responder_random_3,mul_point(P,hash((seed_y_2,fresh_y_2))),hash((mul_point(P,hash((seed_x_2,fresh_x_2))),initiator_random_3))),sigma2_info),(mul_point(P,responder_noc_key_3),sign(noc_signing_key,mul_point(P,responder_noc_key_3)),sign(responder_noc_key_3,(mul_point(P,responder_noc_key_3),mul_point(P,hash((seed_y_2,fresh_y_2))),mul_point(P,hash((seed_x_2,fresh_x_2))))),resumption_id_6),ncase_sigma2n,nil))))),sigma3_info),(mul_point(P,initiator_noc_key_3),sign(noc_signing_key,mul_point(P,initiator_noc_key_3)),sign(initiator_noc_key_3,(mul_point(P,initiator_noc_key_3),mul_point(P,hash((seed_x_2,fresh_x_2))),mul_point(P,hash((seed_y_2,fresh_y_2)))))),ncase_sigma3n,nil)))),sekeys_info),q_session_keys_r) at {86} in copy a

out(c, ~M_24) with ~M_24 = enc(kdf(mul_point(mul_point(P,hash((seed_x_2,fresh_x_2))),hash((seed_y_2,fresh_y_2))),(ipk_3,hash(((mul_point(P,hash((seed_x_2,fresh_x_2))),initiator_random_3),(responder_random_3,mul_point(P,hash((seed_y_2,fresh_y_2))),aead_enc(kdf(mul_point(mul_point(P,hash((seed_x_2,fresh_x_2))),hash((seed_y_2,fresh_y_2))),(ipk_3,responder_random_3,mul_point(P,hash((seed_y_2,fresh_y_2))),hash((mul_point(P,hash((seed_x_2,fresh_x_2))),initiator_random_3))),sigma2_info),(mul_point(P,responder_noc_key_3),sign(noc_signing_key,mul_point(P,responder_noc_key_3)),sign(responder_noc_key_3,(mul_point(P,responder_noc_key_3),mul_point(P,hash((seed_y_2,fresh_y_2))),mul_point(P,hash((seed_x_2,fresh_x_2))))),resumption_id_6),ncase_sigma2n,nil)),aead_enc(kdf(mul_point(mul_point(P,hash((seed_y_2,fresh_y_2))),hash((seed_x_2,fresh_x_2))),(ipk_3,hash(((mul_point(P,hash((seed_x_2,fresh_x_2))),initiator_random_3),(responder_random_3,mul_point(P,hash((seed_y_2,fresh_y_2))),aead_enc(kdf(mul_point(mul_point(P,hash((seed_y_2,fresh_y_2))),hash((seed_x_2,fresh_x_2))),(ipk_3,responder_random_3,mul_point(P,hash((seed_y_2,fresh_y_2))),hash((mul_point(P,hash((seed_x_2,fresh_x_2))),initiator_random_3))),sigma2_info),(mul_point(P,responder_noc_key_3),sign(noc_signing_key,mul_point(P,responder_noc_key_3)),sign(responder_noc_key_3,(mul_point(P,responder_noc_key_3),mul_point(P,hash((seed_y_2,fresh_y_2))),mul_point(P,hash((seed_x_2,fresh_x_2))))),resumption_id_6),ncase_sigma2n,nil))))),sigma3_info),(mul_point(P,initiator_noc_key_3),sign(noc_signing_key,mul_point(P,initiator_noc_key_3)),sign(initiator_noc_key_3,(mul_point(P,initiator_noc_key_3),mul_point(P,hash((seed_x_2,fresh_x_2))),mul_point(P,hash((seed_y_2,fresh_y_2)))))),ncase_sigma3n,nil)))),resumption_prekey_info),q_resumption_prekeys_r) at {87} in copy a

in(c, (~M_14,~M_15,~M_16)) with ~M_14 = res_initiator_random_3, ~M_15 = resumption_id_6, ~M_16 = aead_enc(kdf(kdf(mul_point(mul_point(P,hash((seed_y_2,fresh_y_2))),hash((seed_x_2,fresh_x_2))),(ipk_3,hash(((mul_point(P,hash((seed_x_2,fresh_x_2))),initiator_random_3),(responder_random_3,mul_point(P,hash((seed_y_2,fresh_y_2))),aead_enc(kdf(mul_point(mul_point(P,hash((seed_y_2,fresh_y_2))),hash((seed_x_2,fresh_x_2))),(ipk_3,responder_random_3,mul_point(P,hash((seed_y_2,fresh_y_2))),hash((mul_point(P,hash((seed_x_2,fresh_x_2))),initiator_random_3))),sigma2_info),(mul_point(P,responder_noc_key_3),sign(noc_signing_key,mul_point(P,responder_noc_key_3)),sign(responder_noc_key_3,(mul_point(P,responder_noc_key_3),mul_point(P,hash((seed_y_2,fresh_y_2))),mul_point(P,hash((seed_x_2,fresh_x_2))))),resumption_id_6),ncase_sigma2n,nil)),aead_enc(kdf(mul_point(mul_point(P,hash((seed_y_2,fresh_y_2))),hash((seed_x_2,fresh_x_2))),(ipk_3,hash(((mul_point(P,hash((seed_x_2,fresh_x_2))),initiator_random_3),(responder_random_3,mul_point(P,hash((seed_y_2,fresh_y_2))),aead_enc(kdf(mul_point(mul_point(P,hash((seed_y_2,fresh_y_2))),hash((seed_x_2,fresh_x_2))),(ipk_3,responder_random_3,mul_point(P,hash((seed_y_2,fresh_y_2))),hash((mul_point(P,hash((seed_x_2,fresh_x_2))),initiator_random_3))),sigma2_info),(mul_point(P,responder_noc_key_3),sign(noc_signing_key,mul_point(P,responder_noc_key_3)),sign(responder_noc_key_3,(mul_point(P,responder_noc_key_3),mul_point(P,hash((seed_y_2,fresh_y_2))),mul_point(P,hash((seed_x_2,fresh_x_2))))),resumption_id_6),ncase_sigma2n,nil))))),sigma3_info),(mul_point(P,initiator_noc_key_3),sign(noc_signing_key,mul_point(P,initiator_noc_key_3)),sign(initiator_noc_key_3,(mul_point(P,initiator_noc_key_3),mul_point(P,hash((seed_x_2,fresh_x_2))),mul_point(P,hash((seed_y_2,fresh_y_2)))))),ncase_sigma3n,nil)))),resumption_prekey_info),(res_initiator_random_3,resumption_id_6),sigma1_resume),nil,resume1mic_nonce,nil) at {88} in copy a

new resumption_id_3: bitstring creating resumption_id_7 at {91} in copy a

out(c, (~M_25,~M_26)) with ~M_25 = resumption_id_7, ~M_26 = aead_enc(kdf(kdf(mul_point(mul_point(P,hash((seed_x_2,fresh_x_2))),hash((seed_y_2,fresh_y_2))),(ipk_3,hash(((mul_point(P,hash((seed_x_2,fresh_x_2))),initiator_random_3),(responder_random_3,mul_point(P,hash((seed_y_2,fresh_y_2))),aead_enc(kdf(mul_point(mul_point(P,hash((seed_x_2,fresh_x_2))),hash((seed_y_2,fresh_y_2))),(ipk_3,responder_random_3,mul_point(P,hash((seed_y_2,fresh_y_2))),hash((mul_point(P,hash((seed_x_2,fresh_x_2))),initiator_random_3))),sigma2_info),(mul_point(P,responder_noc_key_3),sign(noc_signing_key,mul_point(P,responder_noc_key_3)),sign(responder_noc_key_3,(mul_point(P,responder_noc_key_3),mul_point(P,hash((seed_y_2,fresh_y_2))),mul_point(P,hash((seed_x_2,fresh_x_2))))),resumption_id_6),ncase_sigma2n,nil)),aead_enc(kdf(mul_point(mul_point(P,hash((seed_y_2,fresh_y_2))),hash((seed_x_2,fresh_x_2))),(ipk_3,hash(((mul_point(P,hash((seed_x_2,fresh_x_2))),initiator_random_3),(responder_random_3,mul_point(P,hash((seed_y_2,fresh_y_2))),aead_enc(kdf(mul_point(mul_point(P,hash((seed_y_2,fresh_y_2))),hash((seed_x_2,fresh_x_2))),(ipk_3,responder_random_3,mul_point(P,hash((seed_y_2,fresh_y_2))),hash((mul_point(P,hash((seed_x_2,fresh_x_2))),initiator_random_3))),sigma2_info),(mul_point(P,responder_noc_key_3),sign(noc_signing_key,mul_point(P,responder_noc_key_3)),sign(responder_noc_key_3,(mul_point(P,responder_noc_key_3),mul_point(P,hash((seed_y_2,fresh_y_2))),mul_point(P,hash((seed_x_2,fresh_x_2))))),resumption_id_6),ncase_sigma2n,nil))))),sigma3_info),(mul_point(P,initiator_noc_key_3),sign(noc_signing_key,mul_point(P,initiator_noc_key_3)),sign(initiator_noc_key_3,(mul_point(P,initiator_noc_key_3),mul_point(P,hash((seed_x_2,fresh_x_2))),mul_point(P,hash((seed_y_2,fresh_y_2)))))),ncase_sigma3n,nil)))),resumption_prekey_info),(res_initiator_random_3,resumption_id_7),sigma2_resume),nil,resume2mic_nonce,nil) at {94} in copy a

out(c, ~M_27) with ~M_27 = enc(kdf(kdf(mul_point(mul_point(P,hash((seed_x_2,fresh_x_2))),hash((seed_y_2,fresh_y_2))),(ipk_3,hash(((mul_point(P,hash((seed_x_2,fresh_x_2))),initiator_random_3),(responder_random_3,mul_point(P,hash((seed_y_2,fresh_y_2))),aead_enc(kdf(mul_point(mul_point(P,hash((seed_x_2,fresh_x_2))),hash((seed_y_2,fresh_y_2))),(ipk_3,responder_random_3,mul_point(P,hash((seed_y_2,fresh_y_2))),hash((mul_point(P,hash((seed_x_2,fresh_x_2))),initiator_random_3))),sigma2_info),(mul_point(P,responder_noc_key_3),sign(noc_signing_key,mul_point(P,responder_noc_key_3)),sign(responder_noc_key_3,(mul_point(P,responder_noc_key_3),mul_point(P,hash((seed_y_2,fresh_y_2))),mul_point(P,hash((seed_x_2,fresh_x_2))))),resumption_id_6),ncase_sigma2n,nil)),aead_enc(kdf(mul_point(mul_point(P,hash((seed_y_2,fresh_y_2))),hash((seed_x_2,fresh_x_2))),(ipk_3,hash(((mul_point(P,hash((seed_x_2,fresh_x_2))),initiator_random_3),(responder_random_3,mul_point(P,hash((seed_y_2,fresh_y_2))),aead_enc(kdf(mul_point(mul_point(P,hash((seed_y_2,fresh_y_2))),hash((seed_x_2,fresh_x_2))),(ipk_3,responder_random_3,mul_point(P,hash((seed_y_2,fresh_y_2))),hash((mul_point(P,hash((seed_x_2,fresh_x_2))),initiator_random_3))),sigma2_info),(mul_point(P,responder_noc_key_3),sign(noc_signing_key,mul_point(P,responder_noc_key_3)),sign(responder_noc_key_3,(mul_point(P,responder_noc_key_3),mul_point(P,hash((seed_y_2,fresh_y_2))),mul_point(P,hash((seed_x_2,fresh_x_2))))),resumption_id_6),ncase_sigma2n,nil))))),sigma3_info),(mul_point(P,initiator_noc_key_3),sign(noc_signing_key,mul_point(P,initiator_noc_key_3)),sign(initiator_noc_key_3,(mul_point(P,initiator_noc_key_3),mul_point(P,hash((seed_x_2,fresh_x_2))),mul_point(P,hash((seed_y_2,fresh_y_2)))))),ncase_sigma3n,nil)))),resumption_prekey_info),(res_initiator_random_3,resumption_id_7),sessionresumptionkeys),q_resumption_session_keys_r) at {96} in copy a

new dummy_1: bitstring creating dummy_3 at {97} in copy a

event did_not_reach_end_responder(dummy_3) at {98} in copy a

in(c, (~M_25,~M_26)) with ~M_25 = resumption_id_7, ~M_26 = aead_enc(kdf(kdf(mul_point(mul_point(P,hash((seed_y_2,fresh_y_2))),hash((seed_x_2,fresh_x_2))),(ipk_3,hash(((mul_point(P,hash((seed_x_2,fresh_x_2))),initiator_random_3),(responder_random_3,mul_point(P,hash((seed_y_2,fresh_y_2))),aead_enc(kdf(mul_point(mul_point(P,hash((seed_y_2,fresh_y_2))),hash((seed_x_2,fresh_x_2))),(ipk_3,responder_random_3,mul_point(P,hash((seed_y_2,fresh_y_2))),hash((mul_point(P,hash((seed_x_2,fresh_x_2))),initiator_random_3))),sigma2_info),(mul_point(P,responder_noc_key_3),sign(noc_signing_key,mul_point(P,responder_noc_key_3)),sign(responder_noc_key_3,(mul_point(P,responder_noc_key_3),mul_point(P,hash((seed_y_2,fresh_y_2))),mul_point(P,hash((seed_x_2,fresh_x_2))))),resumption_id_6),ncase_sigma2n,nil)),aead_enc(kdf(mul_point(mul_point(P,hash((seed_y_2,fresh_y_2))),hash((seed_x_2,fresh_x_2))),(ipk_3,hash(((mul_point(P,hash((seed_x_2,fresh_x_2))),initiator_random_3),(responder_random_3,mul_point(P,hash((seed_y_2,fresh_y_2))),aead_enc(kdf(mul_point(mul_point(P,hash((seed_y_2,fresh_y_2))),hash((seed_x_2,fresh_x_2))),(ipk_3,responder_random_3,mul_point(P,hash((seed_y_2,fresh_y_2))),hash((mul_point(P,hash((seed_x_2,fresh_x_2))),initiator_random_3))),sigma2_info),(mul_point(P,responder_noc_key_3),sign(noc_signing_key,mul_point(P,responder_noc_key_3)),sign(responder_noc_key_3,(mul_point(P,responder_noc_key_3),mul_point(P,hash((seed_y_2,fresh_y_2))),mul_point(P,hash((seed_x_2,fresh_x_2))))),resumption_id_6),ncase_sigma2n,nil))))),sigma3_info),(mul_point(P,initiator_noc_key_3),sign(noc_signing_key,mul_point(P,initiator_noc_key_3)),sign(initiator_noc_key_3,(mul_point(P,initiator_noc_key_3),mul_point(P,hash((seed_x_2,fresh_x_2))),mul_point(P,hash((seed_y_2,fresh_y_2)))))),ncase_sigma3n,nil)))),resumption_prekey_info),(res_initiator_random_3,resumption_id_7),sigma2_resume),nil,resume2mic_nonce,nil) at {45} in copy a_1

out(c, ~M_28) with ~M_28 = enc(kdf(kdf(mul_point(mul_point(P,hash((seed_y_2,fresh_y_2))),hash((seed_x_2,fresh_x_2))),(ipk_3,hash(((mul_point(P,hash((seed_x_2,fresh_x_2))),initiator_random_3),(responder_random_3,mul_point(P,hash((seed_y_2,fresh_y_2))),aead_enc(kdf(mul_point(mul_point(P,hash((seed_y_2,fresh_y_2))),hash((seed_x_2,fresh_x_2))),(ipk_3,responder_random_3,mul_point(P,hash((seed_y_2,fresh_y_2))),hash((mul_point(P,hash((seed_x_2,fresh_x_2))),initiator_random_3))),sigma2_info),(mul_point(P,responder_noc_key_3),sign(noc_signing_key,mul_point(P,responder_noc_key_3)),sign(responder_noc_key_3,(mul_point(P,responder_noc_key_3),mul_point(P,hash((seed_y_2,fresh_y_2))),mul_point(P,hash((seed_x_2,fresh_x_2))))),resumption_id_6),ncase_sigma2n,nil)),aead_enc(kdf(mul_point(mul_point(P,hash((seed_y_2,fresh_y_2))),hash((seed_x_2,fresh_x_2))),(ipk_3,hash(((mul_point(P,hash((seed_x_2,fresh_x_2))),initiator_random_3),(responder_random_3,mul_point(P,hash((seed_y_2,fresh_y_2))),aead_enc(kdf(mul_point(mul_point(P,hash((seed_y_2,fresh_y_2))),hash((seed_x_2,fresh_x_2))),(ipk_3,responder_random_3,mul_point(P,hash((seed_y_2,fresh_y_2))),hash((mul_point(P,hash((seed_x_2,fresh_x_2))),initiator_random_3))),sigma2_info),(mul_point(P,responder_noc_key_3),sign(noc_signing_key,mul_point(P,responder_noc_key_3)),sign(responder_noc_key_3,(mul_point(P,responder_noc_key_3),mul_point(P,hash((seed_y_2,fresh_y_2))),mul_point(P,hash((seed_x_2,fresh_x_2))))),resumption_id_6),ncase_sigma2n,nil))))),sigma3_info),(mul_point(P,initiator_noc_key_3),sign(noc_signing_key,mul_point(P,initiator_noc_key_3)),sign(initiator_noc_key_3,(mul_point(P,initiator_noc_key_3),mul_point(P,hash((seed_x_2,fresh_x_2))),mul_point(P,hash((seed_y_2,fresh_y_2)))))),ncase_sigma3n,nil)))),resumption_prekey_info),(res_initiator_random_3,resumption_id_7),sessionresumptionkeys),q_resumption_session_keys_i) at {49} in copy a_1

new dummy: bitstring creating dummy_4 at {50} in copy a_1

event did_not_reach_end_initiator(dummy_4) at {51} in copy a_1 (goal)

The event did_not_reach_end_initiator(dummy_4) is executed at {51} in copy a_1.
A trace has been found.
RESULT not event(did_not_reach_end_initiator(x_1)) is false.
-- Query not event(did_not_reach_end_responder(x_1)) in process 1.
Translating the process into Horn clauses...
Completing...
200 rules inserted. Base: 197 rules (103 with conclusion selected). Queue: 77 rules.
400 rules inserted. Base: 381 rules (116 with conclusion selected). Queue: 196 rules.
600 rules inserted. Base: 518 rules (120 with conclusion selected). Queue: 341 rules.
800 rules inserted. Base: 622 rules (120 with conclusion selected). Queue: 372 rules.
1000 rules inserted. Base: 698 rules (120 with conclusion selected). Queue: 471 rules.
1200 rules inserted. Base: 779 rules (126 with conclusion selected). Queue: 532 rules.
1400 rules inserted. Base: 911 rules (126 with conclusion selected). Queue: 514 rules.
1600 rules inserted. Base: 989 rules (137 with conclusion selected). Queue: 541 rules.
1800 rules inserted. Base: 1087 rules (137 with conclusion selected). Queue: 594 rules.
2000 rules inserted. Base: 1232 rules (137 with conclusion selected). Queue: 630 rules.
2200 rules inserted. Base: 1295 rules (137 with conclusion selected). Queue: 655 rules.
2400 rules inserted. Base: 1406 rules (137 with conclusion selected). Queue: 686 rules.
2600 rules inserted. Base: 1550 rules (137 with conclusion selected). Queue: 700 rules.
2800 rules inserted. Base: 1600 rules (144 with conclusion selected). Queue: 729 rules.
3000 rules inserted. Base: 1653 rules (144 with conclusion selected). Queue: 728 rules.
3200 rules inserted. Base: 1782 rules (147 with conclusion selected). Queue: 686 rules.
3400 rules inserted. Base: 1904 rules (147 with conclusion selected). Queue: 742 rules.
3600 rules inserted. Base: 1789 rules (147 with conclusion selected). Queue: 735 rules.
3800 rules inserted. Base: 1896 rules (147 with conclusion selected). Queue: 672 rules.
4000 rules inserted. Base: 1971 rules (147 with conclusion selected). Queue: 713 rules.
4200 rules inserted. Base: 2037 rules (147 with conclusion selected). Queue: 756 rules.
4400 rules inserted. Base: 2105 rules (147 with conclusion selected). Queue: 724 rules.
4600 rules inserted. Base: 2177 rules (148 with conclusion selected). Queue: 720 rules.
4800 rules inserted. Base: 2300 rules (152 with conclusion selected). Queue: 840 rules.
5000 rules inserted. Base: 2230 rules (152 with conclusion selected). Queue: 817 rules.
5200 rules inserted. Base: 2296 rules (156 with conclusion selected). Queue: 821 rules.
5400 rules inserted. Base: 2398 rules (156 with conclusion selected). Queue: 875 rules.
5600 rules inserted. Base: 2478 rules (156 with conclusion selected). Queue: 999 rules.
5800 rules inserted. Base: 2477 rules (156 with conclusion selected). Queue: 985 rules.
6000 rules inserted. Base: 2570 rules (157 with conclusion selected). Queue: 1029 rules.
6200 rules inserted. Base: 2669 rules (158 with conclusion selected). Queue: 1101 rules.
6400 rules inserted. Base: 2726 rules (158 with conclusion selected). Queue: 1160 rules.
6600 rules inserted. Base: 2703 rules (158 with conclusion selected). Queue: 1192 rules.
6800 rules inserted. Base: 2746 rules (158 with conclusion selected). Queue: 1216 rules.
7000 rules inserted. Base: 2814 rules (158 with conclusion selected). Queue: 1230 rules.
7200 rules inserted. Base: 2900 rules (158 with conclusion selected). Queue: 1307 rules.
7400 rules inserted. Base: 2950 rules (159 with conclusion selected). Queue: 1356 rules.
7600 rules inserted. Base: 2980 rules (159 with conclusion selected). Queue: 1369 rules.
7800 rules inserted. Base: 2783 rules (159 with conclusion selected). Queue: 1323 rules.
8000 rules inserted. Base: 2842 rules (159 with conclusion selected). Queue: 1363 rules.
8200 rules inserted. Base: 2905 rules (159 with conclusion selected). Queue: 1373 rules.
8400 rules inserted. Base: 2975 rules (159 with conclusion selected). Queue: 1431 rules.
8600 rules inserted. Base: 3024 rules (159 with conclusion selected). Queue: 1479 rules.
8800 rules inserted. Base: 3079 rules (159 with conclusion selected). Queue: 1437 rules.
9000 rules inserted. Base: 3056 rules (159 with conclusion selected). Queue: 1423 rules.
9200 rules inserted. Base: 3133 rules (160 with conclusion selected). Queue: 1460 rules.
9400 rules inserted. Base: 3179 rules (160 with conclusion selected). Queue: 1439 rules.
9600 rules inserted. Base: 3232 rules (160 with conclusion selected). Queue: 1452 rules.
9800 rules inserted. Base: 3283 rules (160 with conclusion selected). Queue: 1526 rules.
10000 rules inserted. Base: 3344 rules (161 with conclusion selected). Queue: 1541 rules.
10200 rules inserted. Base: 3389 rules (161 with conclusion selected). Queue: 1500 rules.
10400 rules inserted. Base: 3428 rules (161 with conclusion selected). Queue: 1523 rules.
10600 rules inserted. Base: 3493 rules (161 with conclusion selected). Queue: 1528 rules.
10800 rules inserted. Base: 3528 rules (161 with conclusion selected). Queue: 1479 rules.
11000 rules inserted. Base: 3565 rules (161 with conclusion selected). Queue: 1457 rules.
11200 rules inserted. Base: 3610 rules (161 with conclusion selected). Queue: 1520 rules.
11400 rules inserted. Base: 3650 rules (161 with conclusion selected). Queue: 1502 rules.
11600 rules inserted. Base: 3655 rules (161 with conclusion selected). Queue: 1463 rules.
11800 rules inserted. Base: 3671 rules (161 with conclusion selected). Queue: 1455 rules.
12000 rules inserted. Base: 3747 rules (161 with conclusion selected). Queue: 1479 rules.
12200 rules inserted. Base: 3775 rules (161 with conclusion selected). Queue: 1431 rules.
12400 rules inserted. Base: 3804 rules (162 with conclusion selected). Queue: 1407 rules.
12600 rules inserted. Base: 3841 rules (162 with conclusion selected). Queue: 1471 rules.
12800 rules inserted. Base: 3776 rules (162 with conclusion selected). Queue: 1399 rules.
13000 rules inserted. Base: 3779 rules (163 with conclusion selected). Queue: 1374 rules.
13200 rules inserted. Base: 3812 rules (163 with conclusion selected). Queue: 1371 rules.
13400 rules inserted. Base: 3863 rules (163 with conclusion selected). Queue: 1367 rules.
13600 rules inserted. Base: 3858 rules (163 with conclusion selected). Queue: 1326 rules.
13800 rules inserted. Base: 3881 rules (163 with conclusion selected). Queue: 1347 rules.
14000 rules inserted. Base: 3851 rules (163 with conclusion selected). Queue: 1346 rules.
14200 rules inserted. Base: 3861 rules (163 with conclusion selected). Queue: 1299 rules.
14400 rules inserted. Base: 3890 rules (163 with conclusion selected). Queue: 1276 rules.
14600 rules inserted. Base: 3935 rules (163 with conclusion selected). Queue: 1287 rules.
14800 rules inserted. Base: 3956 rules (163 with conclusion selected). Queue: 1249 rules.
15000 rules inserted. Base: 3917 rules (163 with conclusion selected). Queue: 1226 rules.
15200 rules inserted. Base: 3964 rules (163 with conclusion selected). Queue: 1185 rules.
15400 rules inserted. Base: 3981 rules (163 with conclusion selected). Queue: 1127 rules.
15600 rules inserted. Base: 3993 rules (163 with conclusion selected). Queue: 1105 rules.
15800 rules inserted. Base: 4030 rules (163 with conclusion selected). Queue: 1088 rules.
16000 rules inserted. Base: 4062 rules (163 with conclusion selected). Queue: 1053 rules.
16200 rules inserted. Base: 4085 rules (163 with conclusion selected). Queue: 1010 rules.
16400 rules inserted. Base: 4109 rules (163 with conclusion selected). Queue: 961 rules.
16600 rules inserted. Base: 4161 rules (163 with conclusion selected). Queue: 920 rules.
16800 rules inserted. Base: 4183 rules (163 with conclusion selected). Queue: 888 rules.
17000 rules inserted. Base: 4202 rules (163 with conclusion selected). Queue: 833 rules.
17200 rules inserted. Base: 4191 rules (163 with conclusion selected). Queue: 780 rules.
17400 rules inserted. Base: 4204 rules (163 with conclusion selected). Queue: 738 rules.
17600 rules inserted. Base: 4229 rules (163 with conclusion selected). Queue: 706 rules.
17800 rules inserted. Base: 4264 rules (163 with conclusion selected). Queue: 664 rules.
18000 rules inserted. Base: 4225 rules (163 with conclusion selected). Queue: 630 rules.
18200 rules inserted. Base: 4237 rules (163 with conclusion selected). Queue: 581 rules.
18400 rules inserted. Base: 4257 rules (163 with conclusion selected). Queue: 577 rules.
18600 rules inserted. Base: 4289 rules (163 with conclusion selected). Queue: 551 rules.
18800 rules inserted. Base: 4359 rules (163 with conclusion selected). Queue: 513 rules.
19000 rules inserted. Base: 4401 rules (163 with conclusion selected). Queue: 515 rules.
19200 rules inserted. Base: 4427 rules (163 with conclusion selected). Queue: 498 rules.
19400 rules inserted. Base: 4432 rules (163 with conclusion selected). Queue: 533 rules.
19600 rules inserted. Base: 4476 rules (163 with conclusion selected). Queue: 518 rules.
19800 rules inserted. Base: 4519 rules (163 with conclusion selected). Queue: 500 rules.
20000 rules inserted. Base: 4543 rules (163 with conclusion selected). Queue: 506 rules.
20200 rules inserted. Base: 4563 rules (163 with conclusion selected). Queue: 495 rules.
20400 rules inserted. Base: 4593 rules (163 with conclusion selected). Queue: 518 rules.
20600 rules inserted. Base: 4613 rules (163 with conclusion selected). Queue: 513 rules.
20800 rules inserted. Base: 4631 rules (163 with conclusion selected). Queue: 506 rules.
21000 rules inserted. Base: 4650 rules (163 with conclusion selected). Queue: 485 rules.
21200 rules inserted. Base: 4680 rules (163 with conclusion selected). Queue: 482 rules.
21400 rules inserted. Base: 4690 rules (163 with conclusion selected). Queue: 490 rules.
21600 rules inserted. Base: 4694 rules (163 with conclusion selected). Queue: 479 rules.
21800 rules inserted. Base: 4722 rules (163 with conclusion selected). Queue: 493 rules.
22000 rules inserted. Base: 4734 rules (163 with conclusion selected). Queue: 479 rules.
22200 rules inserted. Base: 4761 rules (163 with conclusion selected). Queue: 478 rules.
22400 rules inserted. Base: 4801 rules (163 with conclusion selected). Queue: 463 rules.
22600 rules inserted. Base: 4802 rules (163 with conclusion selected). Queue: 477 rules.
22800 rules inserted. Base: 4811 rules (163 with conclusion selected). Queue: 474 rules.
23000 rules inserted. Base: 4839 rules (163 with conclusion selected). Queue: 479 rules.
23200 rules inserted. Base: 4865 rules (163 with conclusion selected). Queue: 512 rules.
23400 rules inserted. Base: 4901 rules (163 with conclusion selected). Queue: 518 rules.
23600 rules inserted. Base: 4924 rules (163 with conclusion selected). Queue: 533 rules.
23800 rules inserted. Base: 4932 rules (163 with conclusion selected). Queue: 513 rules.
24000 rules inserted. Base: 4967 rules (163 with conclusion selected). Queue: 498 rules.
24200 rules inserted. Base: 4975 rules (163 with conclusion selected). Queue: 467 rules.
24400 rules inserted. Base: 4990 rules (163 with conclusion selected). Queue: 452 rules.
24600 rules inserted. Base: 5004 rules (163 with conclusion selected). Queue: 423 rules.
24800 rules inserted. Base: 5015 rules (163 with conclusion selected). Queue: 391 rules.
25000 rules inserted. Base: 5024 rules (163 with conclusion selected). Queue: 342 rules.
25200 rules inserted. Base: 5043 rules (163 with conclusion selected). Queue: 303 rules.
25400 rules inserted. Base: 5073 rules (163 with conclusion selected). Queue: 255 rules.
25600 rules inserted. Base: 5053 rules (163 with conclusion selected). Queue: 205 rules.
25800 rules inserted. Base: 5056 rules (163 with conclusion selected). Queue: 143 rules.
26000 rules inserted. Base: 5078 rules (163 with conclusion selected). Queue: 68 rules.
ok, secrecy assumption verified: fact unreachable attacker_p2(q_id_i_i[])
ok, secrecy assumption verified: fact unreachable attacker_p1(q_id_i_i[])
ok, secrecy assumption verified: fact unreachable attacker(q_id_i_i[])
ok, secrecy assumption verified: fact unreachable attacker_p2(q_id_i_r[])
ok, secrecy assumption verified: fact unreachable attacker_p1(q_id_i_r[])
ok, secrecy assumption verified: fact unreachable attacker(q_id_i_r[])
ok, secrecy assumption verified: fact unreachable attacker_p2(q_id_r_i[])
ok, secrecy assumption verified: fact unreachable attacker_p1(q_id_r_i[])
ok, secrecy assumption verified: fact unreachable attacker(q_id_r_i[])
ok, secrecy assumption verified: fact unreachable attacker_p2(q_id_r_r[])
ok, secrecy assumption verified: fact unreachable attacker_p1(q_id_r_r[])
ok, secrecy assumption verified: fact unreachable attacker(q_id_r_r[])
ok, secrecy assumption verified: fact unreachable attacker(q_eph_x[])
ok, secrecy assumption verified: fact unreachable attacker_p1(q_eph_y[])
ok, secrecy assumption verified: fact unreachable attacker(q_eph_y[])
ok, secrecy assumption verified: fact unreachable attacker(q_shared_secret_i[])
ok, secrecy assumption verified: fact unreachable attacker(q_shared_secret_r[])
ok, secrecy assumption verified: fact unreachable attacker_p2(q_session_keys_i[])
ok, secrecy assumption verified: fact unreachable attacker_p1(q_session_keys_i[])
ok, secrecy assumption verified: fact unreachable attacker(q_session_keys_i[])
ok, secrecy assumption verified: fact unreachable attacker_p2(q_session_keys_r[])
ok, secrecy assumption verified: fact unreachable attacker_p1(q_session_keys_r[])
ok, secrecy assumption verified: fact unreachable attacker(q_session_keys_r[])
ok, secrecy assumption verified: fact unreachable attacker_p2(q_resumption_prekeys_i[])
ok, secrecy assumption verified: fact unreachable attacker_p1(q_resumption_prekeys_i[])
ok, secrecy assumption verified: fact unreachable attacker(q_resumption_prekeys_i[])
ok, secrecy assumption verified: fact unreachable attacker_p2(q_resumption_prekeys_r[])
ok, secrecy assumption verified: fact unreachable attacker_p1(q_resumption_prekeys_r[])
ok, secrecy assumption verified: fact unreachable attacker(q_resumption_prekeys_r[])
ok, secrecy assumption verified: fact unreachable attacker_p2(q_resumption_session_keys_i[])
ok, secrecy assumption verified: fact unreachable attacker_p1(q_resumption_session_keys_i[])
ok, secrecy assumption verified: fact unreachable attacker(q_resumption_session_keys_i[])
ok, secrecy assumption verified: fact unreachable attacker_p2(q_resumption_session_keys_r[])
ok, secrecy assumption verified: fact unreachable attacker_p1(q_resumption_session_keys_r[])
ok, secrecy assumption verified: fact unreachable attacker(q_resumption_session_keys_r[])
Starting query not event(did_not_reach_end_responder(x_1))
goal reachable: event(did_not_reach_end_responder(dummy_2))
Abbreviations:
fresh_x_1 = fresh_x[!1 = @sid]
initiator_random_2 = initiator_random[!1 = @sid]
fresh_y_1 = fresh_y[msg1_1 = (mul_point(P,hash((seed_x[],fresh_x_1))),initiator_random_2),!1 = @sid_1]
responder_random_2 = responder_random_1[msg1_1 = (mul_point(P,hash((seed_x[],fresh_x_1))),initiator_random_2),!1 = @sid_1]
responder_noc_key_2 = responder_noc_key[!1 = @sid_1]
resumption_id_4 = resumption_id_1[msg1_1 = (mul_point(P,hash((seed_x[],fresh_x_1))),initiator_random_2),!1 = @sid_1]
initiator_noc_key_2 = initiator_noc_key[!1 = @sid]
res_initiator_random_2 = res_initiator_random[msg2 = (responder_random_2,mul_point(P,hash((seed_y[],fresh_y_1))),aead_enc(kdf(mul_point(mul_point(P,hash((seed_y[],fresh_y_1))),hash((seed_x[],fresh_x_1))),(ipk[],responder_random_2,mul_point(P,hash((seed_y[],fresh_y_1))),hash((mul_point(P,hash((seed_x[],fresh_x_1))),initiator_random_2))),sigma2_info),(mul_point(P,responder_noc_key_2),sign(noc_signing_key[],mul_point(P,responder_noc_key_2)),sign(responder_noc_key_2,(mul_point(P,responder_noc_key_2),mul_point(P,hash((seed_y[],fresh_y_1))),mul_point(P,hash((seed_x[],fresh_x_1))))),resumption_id_4),ncase_sigma2n,nil)),!1 = @sid]
dummy_2 = dummy_1[initiator_resume1_mic_1 = aead_enc(kdf(kdf(mul_point(mul_point(P,hash((seed_y[],fresh_y_1))),hash((seed_x[],fresh_x_1))),(ipk[],hash(((mul_point(P,hash((seed_x[],fresh_x_1))),initiator_random_2),(responder_random_2,mul_point(P,hash((seed_y[],fresh_y_1))),aead_enc(kdf(mul_point(mul_point(P,hash((seed_y[],fresh_y_1))),hash((seed_x[],fresh_x_1))),(ipk[],responder_random_2,mul_point(P,hash((seed_y[],fresh_y_1))),hash((mul_point(P,hash((seed_x[],fresh_x_1))),initiator_random_2))),sigma2_info),(mul_point(P,responder_noc_key_2),sign(noc_signing_key[],mul_point(P,responder_noc_key_2)),sign(responder_noc_key_2,(mul_point(P,responder_noc_key_2),mul_point(P,hash((seed_y[],fresh_y_1))),mul_point(P,hash((seed_x[],fresh_x_1))))),resumption_id_4),ncase_sigma2n,nil)),aead_enc(kdf(mul_point(mul_point(P,hash((seed_y[],fresh_y_1))),hash((seed_x[],fresh_x_1))),(ipk[],hash(((mul_point(P,hash((seed_x[],fresh_x_1))),initiator_random_2),(responder_random_2,mul_point(P,hash((seed_y[],fresh_y_1))),aead_enc(kdf(mul_point(mul_point(P,hash((seed_y[],fresh_y_1))),hash((seed_x[],fresh_x_1))),(ipk[],responder_random_2,mul_point(P,hash((seed_y[],fresh_y_1))),hash((mul_point(P,hash((seed_x[],fresh_x_1))),initiator_random_2))),sigma2_info),(mul_point(P,responder_noc_key_2),sign(noc_signing_key[],mul_point(P,responder_noc_key_2)),sign(responder_noc_key_2,(mul_point(P,responder_noc_key_2),mul_point(P,hash((seed_y[],fresh_y_1))),mul_point(P,hash((seed_x[],fresh_x_1))))),resumption_id_4),ncase_sigma2n,nil))))),sigma3_info),(mul_point(P,initiator_noc_key_2),sign(noc_signing_key[],mul_point(P,initiator_noc_key_2)),sign(initiator_noc_key_2,(mul_point(P,initiator_noc_key_2),mul_point(P,hash((seed_x[],fresh_x_1))),mul_point(P,hash((seed_y[],fresh_y_1)))))),ncase_sigma3n,nil)))),resumption_prekey_info),(res_initiator_random_2,resumption_id_4),sigma1_resume),nil,resume1mic_nonce,nil),resumption_id_2 = resumption_id_4,res_initiator_random_1 = res_initiator_random_2,msg3_1 = aead_enc(kdf(mul_point(mul_point(P,hash((seed_y[],fresh_y_1))),hash((seed_x[],fresh_x_1))),(ipk[],hash(((mul_point(P,hash((seed_x[],fresh_x_1))),initiator_random_2),(responder_random_2,mul_point(P,hash((seed_y[],fresh_y_1))),aead_enc(kdf(mul_point(mul_point(P,hash((seed_y[],fresh_y_1))),hash((seed_x[],fresh_x_1))),(ipk[],responder_random_2,mul_point(P,hash((seed_y[],fresh_y_1))),hash((mul_point(P,hash((seed_x[],fresh_x_1))),initiator_random_2))),sigma2_info),(mul_point(P,responder_noc_key_2),sign(noc_signing_key[],mul_point(P,responder_noc_key_2)),sign(responder_noc_key_2,(mul_point(P,responder_noc_key_2),mul_point(P,hash((seed_y[],fresh_y_1))),mul_point(P,hash((seed_x[],fresh_x_1))))),resumption_id_4),ncase_sigma2n,nil))))),sigma3_info),(mul_point(P,initiator_noc_key_2),sign(noc_signing_key[],mul_point(P,initiator_noc_key_2)),sign(initiator_noc_key_2,(mul_point(P,initiator_noc_key_2),mul_point(P,hash((seed_x[],fresh_x_1))),mul_point(P,hash((seed_y[],fresh_y_1)))))),ncase_sigma3n,nil),msg1_1 = (mul_point(P,hash((seed_x[],fresh_x_1))),initiator_random_2),!1 = @sid_1]

Derivation:
Abbreviations:
fresh_x_1 = fresh_x[!1 = @sid]
initiator_random_2 = initiator_random[!1 = @sid]
fresh_y_1 = fresh_y[msg1_1 = (mul_point(P,hash((seed_x[],fresh_x_1))),initiator_random_2),!1 = @sid_1]
responder_random_2 = responder_random_1[msg1_1 = (mul_point(P,hash((seed_x[],fresh_x_1))),initiator_random_2),!1 = @sid_1]
responder_noc_key_2 = responder_noc_key[!1 = @sid_1]
resumption_id_4 = resumption_id_1[msg1_1 = (mul_point(P,hash((seed_x[],fresh_x_1))),initiator_random_2),!1 = @sid_1]
initiator_noc_key_2 = initiator_noc_key[!1 = @sid]
res_initiator_random_2 = res_initiator_random[msg2 = (responder_random_2,mul_point(P,hash((seed_y[],fresh_y_1))),aead_enc(kdf(mul_point(mul_point(P,hash((seed_y[],fresh_y_1))),hash((seed_x[],fresh_x_1))),(ipk[],responder_random_2,mul_point(P,hash((seed_y[],fresh_y_1))),hash((mul_point(P,hash((seed_x[],fresh_x_1))),initiator_random_2))),sigma2_info),(mul_point(P,responder_noc_key_2),sign(noc_signing_key[],mul_point(P,responder_noc_key_2)),sign(responder_noc_key_2,(mul_point(P,responder_noc_key_2),mul_point(P,hash((seed_y[],fresh_y_1))),mul_point(P,hash((seed_x[],fresh_x_1))))),resumption_id_4),ncase_sigma2n,nil)),!1 = @sid]
dummy_2 = dummy_1[initiator_resume1_mic_1 = aead_enc(kdf(kdf(mul_point(mul_point(P,hash((seed_y[],fresh_y_1))),hash((seed_x[],fresh_x_1))),(ipk[],hash(((mul_point(P,hash((seed_x[],fresh_x_1))),initiator_random_2),(responder_random_2,mul_point(P,hash((seed_y[],fresh_y_1))),aead_enc(kdf(mul_point(mul_point(P,hash((seed_y[],fresh_y_1))),hash((seed_x[],fresh_x_1))),(ipk[],responder_random_2,mul_point(P,hash((seed_y[],fresh_y_1))),hash((mul_point(P,hash((seed_x[],fresh_x_1))),initiator_random_2))),sigma2_info),(mul_point(P,responder_noc_key_2),sign(noc_signing_key[],mul_point(P,responder_noc_key_2)),sign(responder_noc_key_2,(mul_point(P,responder_noc_key_2),mul_point(P,hash((seed_y[],fresh_y_1))),mul_point(P,hash((seed_x[],fresh_x_1))))),resumption_id_4),ncase_sigma2n,nil)),aead_enc(kdf(mul_point(mul_point(P,hash((seed_y[],fresh_y_1))),hash((seed_x[],fresh_x_1))),(ipk[],hash(((mul_point(P,hash((seed_x[],fresh_x_1))),initiator_random_2),(responder_random_2,mul_point(P,hash((seed_y[],fresh_y_1))),aead_enc(kdf(mul_point(mul_point(P,hash((seed_y[],fresh_y_1))),hash((seed_x[],fresh_x_1))),(ipk[],responder_random_2,mul_point(P,hash((seed_y[],fresh_y_1))),hash((mul_point(P,hash((seed_x[],fresh_x_1))),initiator_random_2))),sigma2_info),(mul_point(P,responder_noc_key_2),sign(noc_signing_key[],mul_point(P,responder_noc_key_2)),sign(responder_noc_key_2,(mul_point(P,responder_noc_key_2),mul_point(P,hash((seed_y[],fresh_y_1))),mul_point(P,hash((seed_x[],fresh_x_1))))),resumption_id_4),ncase_sigma2n,nil))))),sigma3_info),(mul_point(P,initiator_noc_key_2),sign(noc_signing_key[],mul_point(P,initiator_noc_key_2)),sign(initiator_noc_key_2,(mul_point(P,initiator_noc_key_2),mul_point(P,hash((seed_x[],fresh_x_1))),mul_point(P,hash((seed_y[],fresh_y_1)))))),ncase_sigma3n,nil)))),resumption_prekey_info),(res_initiator_random_2,resumption_id_4),sigma1_resume),nil,resume1mic_nonce,nil),resumption_id_2 = resumption_id_4,res_initiator_random_1 = res_initiator_random_2,msg3_1 = aead_enc(kdf(mul_point(mul_point(P,hash((seed_y[],fresh_y_1))),hash((seed_x[],fresh_x_1))),(ipk[],hash(((mul_point(P,hash((seed_x[],fresh_x_1))),initiator_random_2),(responder_random_2,mul_point(P,hash((seed_y[],fresh_y_1))),aead_enc(kdf(mul_point(mul_point(P,hash((seed_y[],fresh_y_1))),hash((seed_x[],fresh_x_1))),(ipk[],responder_random_2,mul_point(P,hash((seed_y[],fresh_y_1))),hash((mul_point(P,hash((seed_x[],fresh_x_1))),initiator_random_2))),sigma2_info),(mul_point(P,responder_noc_key_2),sign(noc_signing_key[],mul_point(P,responder_noc_key_2)),sign(responder_noc_key_2,(mul_point(P,responder_noc_key_2),mul_point(P,hash((seed_y[],fresh_y_1))),mul_point(P,hash((seed_x[],fresh_x_1))))),resumption_id_4),ncase_sigma2n,nil))))),sigma3_info),(mul_point(P,initiator_noc_key_2),sign(noc_signing_key[],mul_point(P,initiator_noc_key_2)),sign(initiator_noc_key_2,(mul_point(P,initiator_noc_key_2),mul_point(P,hash((seed_x[],fresh_x_1))),mul_point(P,hash((seed_y[],fresh_y_1)))))),ncase_sigma3n,nil),msg1_1 = (mul_point(P,hash((seed_x[],fresh_x_1))),initiator_random_2),!1 = @sid_1]

1. The message (mul_point(P,hash((seed_x[],fresh_x_1))),initiator_random_2) may be sent to the attacker at output {18}.
attacker((mul_point(P,hash((seed_x[],fresh_x_1))),initiator_random_2)).

2. By 1, the attacker may know (mul_point(P,hash((seed_x[],fresh_x_1))),initiator_random_2).
Using the function 2-proj-2-tuple the attacker may obtain initiator_random_2.
attacker(initiator_random_2).

3. By 1, the attacker may know (mul_point(P,hash((seed_x[],fresh_x_1))),initiator_random_2).
Using the function 1-proj-2-tuple the attacker may obtain mul_point(P,hash((seed_x[],fresh_x_1))).
attacker(mul_point(P,hash((seed_x[],fresh_x_1)))).

4. By 3, the attacker may know mul_point(P,hash((seed_x[],fresh_x_1))).
By 2, the attacker may know initiator_random_2.
Using the function 2-tuple the attacker may obtain (mul_point(P,hash((seed_x[],fresh_x_1))),initiator_random_2).
attacker((mul_point(P,hash((seed_x[],fresh_x_1))),initiator_random_2)).

5. The message (mul_point(P,hash((seed_x[],fresh_x_1))),initiator_random_2) that the attacker may have by 4 may be received at input {59}.
So the message (responder_random_2,mul_point(P,hash((seed_y[],fresh_y_1))),aead_enc(kdf(mul_point(mul_point(P,hash((seed_y[],fresh_y_1))),hash((seed_x[],fresh_x_1))),(ipk[],responder_random_2,mul_point(P,hash((seed_y[],fresh_y_1))),hash((mul_point(P,hash((seed_x[],fresh_x_1))),initiator_random_2))),sigma2_info),(mul_point(P,responder_noc_key_2),sign(noc_signing_key[],mul_point(P,responder_noc_key_2)),sign(responder_noc_key_2,(mul_point(P,responder_noc_key_2),mul_point(P,hash((seed_y[],fresh_y_1))),mul_point(P,hash((seed_x[],fresh_x_1))))),resumption_id_4),ncase_sigma2n,nil)) may be sent to the attacker at output {72}.
attacker((responder_random_2,mul_point(P,hash((seed_y[],fresh_y_1))),aead_enc(kdf(mul_point(mul_point(P,hash((seed_y[],fresh_y_1))),hash((seed_x[],fresh_x_1))),(ipk[],responder_random_2,mul_point(P,hash((seed_y[],fresh_y_1))),hash((mul_point(P,hash((seed_x[],fresh_x_1))),initiator_random_2))),sigma2_info),(mul_point(P,responder_noc_key_2),sign(noc_signing_key[],mul_point(P,responder_noc_key_2)),sign(responder_noc_key_2,(mul_point(P,responder_noc_key_2),mul_point(P,hash((seed_y[],fresh_y_1))),mul_point(P,hash((seed_x[],fresh_x_1))))),resumption_id_4),ncase_sigma2n,nil))).

6. By 5, the attacker may know (responder_random_2,mul_point(P,hash((seed_y[],fresh_y_1))),aead_enc(kdf(mul_point(mul_point(P,hash((seed_y[],fresh_y_1))),hash((seed_x[],fresh_x_1))),(ipk[],responder_random_2,mul_point(P,hash((seed_y[],fresh_y_1))),hash((mul_point(P,hash((seed_x[],fresh_x_1))),initiator_random_2))),sigma2_info),(mul_point(P,responder_noc_key_2),sign(noc_signing_key[],mul_point(P,responder_noc_key_2)),sign(responder_noc_key_2,(mul_point(P,responder_noc_key_2),mul_point(P,hash((seed_y[],fresh_y_1))),mul_point(P,hash((seed_x[],fresh_x_1))))),resumption_id_4),ncase_sigma2n,nil)).
Using the function 3-proj-3-tuple the attacker may obtain aead_enc(kdf(mul_point(mul_point(P,hash((seed_y[],fresh_y_1))),hash((seed_x[],fresh_x_1))),(ipk[],responder_random_2,mul_point(P,hash((seed_y[],fresh_y_1))),hash((mul_point(P,hash((seed_x[],fresh_x_1))),initiator_random_2))),sigma2_info),(mul_point(P,responder_noc_key_2),sign(noc_signing_key[],mul_point(P,responder_noc_key_2)),sign(responder_noc_key_2,(mul_point(P,responder_noc_key_2),mul_point(P,hash((seed_y[],fresh_y_1))),mul_point(P,hash((seed_x[],fresh_x_1))))),resumption_id_4),ncase_sigma2n,nil).
attacker(aead_enc(kdf(mul_point(mul_point(P,hash((seed_y[],fresh_y_1))),hash((seed_x[],fresh_x_1))),(ipk[],responder_random_2,mul_point(P,hash((seed_y[],fresh_y_1))),hash((mul_point(P,hash((seed_x[],fresh_x_1))),initiator_random_2))),sigma2_info),(mul_point(P,responder_noc_key_2),sign(noc_signing_key[],mul_point(P,responder_noc_key_2)),sign(responder_noc_key_2,(mul_point(P,responder_noc_key_2),mul_point(P,hash((seed_y[],fresh_y_1))),mul_point(P,hash((seed_x[],fresh_x_1))))),resumption_id_4),ncase_sigma2n,nil)).

7. The message (mul_point(P,hash((seed_x[],fresh_x_1))),initiator_random_2) that the attacker may have by 4 may be received at input {59}.
So the message (responder_random_2,mul_point(P,hash((seed_y[],fresh_y_1))),aead_enc(kdf(mul_point(mul_point(P,hash((seed_x[],fresh_x_1))),hash((seed_y[],fresh_y_1))),(ipk[],responder_random_2,mul_point(P,hash((seed_y[],fresh_y_1))),hash((mul_point(P,hash((seed_x[],fresh_x_1))),initiator_random_2))),sigma2_info),(mul_point(P,responder_noc_key_2),sign(noc_signing_key[],mul_point(P,responder_noc_key_2)),sign(responder_noc_key_2,(mul_point(P,responder_noc_key_2),mul_point(P,hash((seed_y[],fresh_y_1))),mul_point(P,hash((seed_x[],fresh_x_1))))),resumption_id_4),ncase_sigma2n,nil)) may be sent to the attacker at output {72}.
attacker((responder_random_2,mul_point(P,hash((seed_y[],fresh_y_1))),aead_enc(kdf(mul_point(mul_point(P,hash((seed_x[],fresh_x_1))),hash((seed_y[],fresh_y_1))),(ipk[],responder_random_2,mul_point(P,hash((seed_y[],fresh_y_1))),hash((mul_point(P,hash((seed_x[],fresh_x_1))),initiator_random_2))),sigma2_info),(mul_point(P,responder_noc_key_2),sign(noc_signing_key[],mul_point(P,responder_noc_key_2)),sign(responder_noc_key_2,(mul_point(P,responder_noc_key_2),mul_point(P,hash((seed_y[],fresh_y_1))),mul_point(P,hash((seed_x[],fresh_x_1))))),resumption_id_4),ncase_sigma2n,nil))).

8. By 7, the attacker may know (responder_random_2,mul_point(P,hash((seed_y[],fresh_y_1))),aead_enc(kdf(mul_point(mul_point(P,hash((seed_x[],fresh_x_1))),hash((seed_y[],fresh_y_1))),(ipk[],responder_random_2,mul_point(P,hash((seed_y[],fresh_y_1))),hash((mul_point(P,hash((seed_x[],fresh_x_1))),initiator_random_2))),sigma2_info),(mul_point(P,responder_noc_key_2),sign(noc_signing_key[],mul_point(P,responder_noc_key_2)),sign(responder_noc_key_2,(mul_point(P,responder_noc_key_2),mul_point(P,hash((seed_y[],fresh_y_1))),mul_point(P,hash((seed_x[],fresh_x_1))))),resumption_id_4),ncase_sigma2n,nil)).
Using the function 2-proj-3-tuple the attacker may obtain mul_point(P,hash((seed_y[],fresh_y_1))).
attacker(mul_point(P,hash((seed_y[],fresh_y_1)))).

9. By 7, the attacker may know (responder_random_2,mul_point(P,hash((seed_y[],fresh_y_1))),aead_enc(kdf(mul_point(mul_point(P,hash((seed_x[],fresh_x_1))),hash((seed_y[],fresh_y_1))),(ipk[],responder_random_2,mul_point(P,hash((seed_y[],fresh_y_1))),hash((mul_point(P,hash((seed_x[],fresh_x_1))),initiator_random_2))),sigma2_info),(mul_point(P,responder_noc_key_2),sign(noc_signing_key[],mul_point(P,responder_noc_key_2)),sign(responder_noc_key_2,(mul_point(P,responder_noc_key_2),mul_point(P,hash((seed_y[],fresh_y_1))),mul_point(P,hash((seed_x[],fresh_x_1))))),resumption_id_4),ncase_sigma2n,nil)).
Using the function 1-proj-3-tuple the attacker may obtain responder_random_2.
attacker(responder_random_2).

10. By 9, the attacker may know responder_random_2.
By 8, the attacker may know mul_point(P,hash((seed_y[],fresh_y_1))).
By 6, the attacker may know aead_enc(kdf(mul_point(mul_point(P,hash((seed_y[],fresh_y_1))),hash((seed_x[],fresh_x_1))),(ipk[],responder_random_2,mul_point(P,hash((seed_y[],fresh_y_1))),hash((mul_point(P,hash((seed_x[],fresh_x_1))),initiator_random_2))),sigma2_info),(mul_point(P,responder_noc_key_2),sign(noc_signing_key[],mul_point(P,responder_noc_key_2)),sign(responder_noc_key_2,(mul_point(P,responder_noc_key_2),mul_point(P,hash((seed_y[],fresh_y_1))),mul_point(P,hash((seed_x[],fresh_x_1))))),resumption_id_4),ncase_sigma2n,nil).
Using the function 3-tuple the attacker may obtain (responder_random_2,mul_point(P,hash((seed_y[],fresh_y_1))),aead_enc(kdf(mul_point(mul_point(P,hash((seed_y[],fresh_y_1))),hash((seed_x[],fresh_x_1))),(ipk[],responder_random_2,mul_point(P,hash((seed_y[],fresh_y_1))),hash((mul_point(P,hash((seed_x[],fresh_x_1))),initiator_random_2))),sigma2_info),(mul_point(P,responder_noc_key_2),sign(noc_signing_key[],mul_point(P,responder_noc_key_2)),sign(responder_noc_key_2,(mul_point(P,responder_noc_key_2),mul_point(P,hash((seed_y[],fresh_y_1))),mul_point(P,hash((seed_x[],fresh_x_1))))),resumption_id_4),ncase_sigma2n,nil)).
attacker((responder_random_2,mul_point(P,hash((seed_y[],fresh_y_1))),aead_enc(kdf(mul_point(mul_point(P,hash((seed_y[],fresh_y_1))),hash((seed_x[],fresh_x_1))),(ipk[],responder_random_2,mul_point(P,hash((seed_y[],fresh_y_1))),hash((mul_point(P,hash((seed_x[],fresh_x_1))),initiator_random_2))),sigma2_info),(mul_point(P,responder_noc_key_2),sign(noc_signing_key[],mul_point(P,responder_noc_key_2)),sign(responder_noc_key_2,(mul_point(P,responder_noc_key_2),mul_point(P,hash((seed_y[],fresh_y_1))),mul_point(P,hash((seed_x[],fresh_x_1))))),resumption_id_4),ncase_sigma2n,nil))).

11. The message (responder_random_2,mul_point(P,hash((seed_y[],fresh_y_1))),aead_enc(kdf(mul_point(mul_point(P,hash((seed_y[],fresh_y_1))),hash((seed_x[],fresh_x_1))),(ipk[],responder_random_2,mul_point(P,hash((seed_y[],fresh_y_1))),hash((mul_point(P,hash((seed_x[],fresh_x_1))),initiator_random_2))),sigma2_info),(mul_point(P,responder_noc_key_2),sign(noc_signing_key[],mul_point(P,responder_noc_key_2)),sign(responder_noc_key_2,(mul_point(P,responder_noc_key_2),mul_point(P,hash((seed_y[],fresh_y_1))),mul_point(P,hash((seed_x[],fresh_x_1))))),resumption_id_4),ncase_sigma2n,nil)) that the attacker may have by 10 may be received at input {19}.
So the message aead_enc(kdf(mul_point(mul_point(P,hash((seed_y[],fresh_y_1))),hash((seed_x[],fresh_x_1))),(ipk[],hash(((mul_point(P,hash((seed_x[],fresh_x_1))),initiator_random_2),(responder_random_2,mul_point(P,hash((seed_y[],fresh_y_1))),aead_enc(kdf(mul_point(mul_point(P,hash((seed_y[],fresh_y_1))),hash((seed_x[],fresh_x_1))),(ipk[],responder_random_2,mul_point(P,hash((seed_y[],fresh_y_1))),hash((mul_point(P,hash((seed_x[],fresh_x_1))),initiator_random_2))),sigma2_info),(mul_point(P,responder_noc_key_2),sign(noc_signing_key[],mul_point(P,responder_noc_key_2)),sign(responder_noc_key_2,(mul_point(P,responder_noc_key_2),mul_point(P,hash((seed_y[],fresh_y_1))),mul_point(P,hash((seed_x[],fresh_x_1))))),resumption_id_4),ncase_sigma2n,nil))))),sigma3_info),(mul_point(P,initiator_noc_key_2),sign(noc_signing_key[],mul_point(P,initiator_noc_key_2)),sign(initiator_noc_key_2,(mul_point(P,initiator_noc_key_2),mul_point(P,hash((seed_x[],fresh_x_1))),mul_point(P,hash((seed_y[],fresh_y_1)))))),ncase_sigma3n,nil) may be sent to the attacker at output {30}.
attacker(aead_enc(kdf(mul_point(mul_point(P,hash((seed_y[],fresh_y_1))),hash((seed_x[],fresh_x_1))),(ipk[],hash(((mul_point(P,hash((seed_x[],fresh_x_1))),initiator_random_2),(responder_random_2,mul_point(P,hash((seed_y[],fresh_y_1))),aead_enc(kdf(mul_point(mul_point(P,hash((seed_y[],fresh_y_1))),hash((seed_x[],fresh_x_1))),(ipk[],responder_random_2,mul_point(P,hash((seed_y[],fresh_y_1))),hash((mul_point(P,hash((seed_x[],fresh_x_1))),initiator_random_2))),sigma2_info),(mul_point(P,responder_noc_key_2),sign(noc_signing_key[],mul_point(P,responder_noc_key_2)),sign(responder_noc_key_2,(mul_point(P,responder_noc_key_2),mul_point(P,hash((seed_y[],fresh_y_1))),mul_point(P,hash((seed_x[],fresh_x_1))))),resumption_id_4),ncase_sigma2n,nil))))),sigma3_info),(mul_point(P,initiator_noc_key_2),sign(noc_signing_key[],mul_point(P,initiator_noc_key_2)),sign(initiator_noc_key_2,(mul_point(P,initiator_noc_key_2),mul_point(P,hash((seed_x[],fresh_x_1))),mul_point(P,hash((seed_y[],fresh_y_1)))))),ncase_sigma3n,nil)).

12. The message (responder_random_2,mul_point(P,hash((seed_y[],fresh_y_1))),aead_enc(kdf(mul_point(mul_point(P,hash((seed_y[],fresh_y_1))),hash((seed_x[],fresh_x_1))),(ipk[],responder_random_2,mul_point(P,hash((seed_y[],fresh_y_1))),hash((mul_point(P,hash((seed_x[],fresh_x_1))),initiator_random_2))),sigma2_info),(mul_point(P,responder_noc_key_2),sign(noc_signing_key[],mul_point(P,responder_noc_key_2)),sign(responder_noc_key_2,(mul_point(P,responder_noc_key_2),mul_point(P,hash((seed_y[],fresh_y_1))),mul_point(P,hash((seed_x[],fresh_x_1))))),resumption_id_4),ncase_sigma2n,nil)) that the attacker may have by 10 may be received at input {19}.
So the message (res_initiator_random_2,resumption_id_4,aead_enc(kdf(kdf(mul_point(mul_point(P,hash((seed_y[],fresh_y_1))),hash((seed_x[],fresh_x_1))),(ipk[],hash(((mul_point(P,hash((seed_x[],fresh_x_1))),initiator_random_2),(responder_random_2,mul_point(P,hash((seed_y[],fresh_y_1))),aead_enc(kdf(mul_point(mul_point(P,hash((seed_y[],fresh_y_1))),hash((seed_x[],fresh_x_1))),(ipk[],responder_random_2,mul_point(P,hash((seed_y[],fresh_y_1))),hash((mul_point(P,hash((seed_x[],fresh_x_1))),initiator_random_2))),sigma2_info),(mul_point(P,responder_noc_key_2),sign(noc_signing_key[],mul_point(P,responder_noc_key_2)),sign(responder_noc_key_2,(mul_point(P,responder_noc_key_2),mul_point(P,hash((seed_y[],fresh_y_1))),mul_point(P,hash((seed_x[],fresh_x_1))))),resumption_id_4),ncase_sigma2n,nil)),aead_enc(kdf(mul_point(mul_point(P,hash((seed_y[],fresh_y_1))),hash((seed_x[],fresh_x_1))),(ipk[],hash(((mul_point(P,hash((seed_x[],fresh_x_1))),initiator_random_2),(responder_random_2,mul_point(P,hash((seed_y[],fresh_y_1))),aead_enc(kdf(mul_point(mul_point(P,hash((seed_y[],fresh_y_1))),hash((seed_x[],fresh_x_1))),(ipk[],responder_random_2,mul_point(P,hash((seed_y[],fresh_y_1))),hash((mul_point(P,hash((seed_x[],fresh_x_1))),initiator_random_2))),sigma2_info),(mul_point(P,responder_noc_key_2),sign(noc_signing_key[],mul_point(P,responder_noc_key_2)),sign(responder_noc_key_2,(mul_point(P,responder_noc_key_2),mul_point(P,hash((seed_y[],fresh_y_1))),mul_point(P,hash((seed_x[],fresh_x_1))))),resumption_id_4),ncase_sigma2n,nil))))),sigma3_info),(mul_point(P,initiator_noc_key_2),sign(noc_signing_key[],mul_point(P,initiator_noc_key_2)),sign(initiator_noc_key_2,(mul_point(P,initiator_noc_key_2),mul_point(P,hash((seed_x[],fresh_x_1))),mul_point(P,hash((seed_y[],fresh_y_1)))))),ncase_sigma3n,nil)))),resumption_prekey_info),(res_initiator_random_2,resumption_id_4),sigma1_resume),nil,resume1mic_nonce,nil)) may be sent to the attacker at output {44}.
attacker((res_initiator_random_2,resumption_id_4,aead_enc(kdf(kdf(mul_point(mul_point(P,hash((seed_y[],fresh_y_1))),hash((seed_x[],fresh_x_1))),(ipk[],hash(((mul_point(P,hash((seed_x[],fresh_x_1))),initiator_random_2),(responder_random_2,mul_point(P,hash((seed_y[],fresh_y_1))),aead_enc(kdf(mul_point(mul_point(P,hash((seed_y[],fresh_y_1))),hash((seed_x[],fresh_x_1))),(ipk[],responder_random_2,mul_point(P,hash((seed_y[],fresh_y_1))),hash((mul_point(P,hash((seed_x[],fresh_x_1))),initiator_random_2))),sigma2_info),(mul_point(P,responder_noc_key_2),sign(noc_signing_key[],mul_point(P,responder_noc_key_2)),sign(responder_noc_key_2,(mul_point(P,responder_noc_key_2),mul_point(P,hash((seed_y[],fresh_y_1))),mul_point(P,hash((seed_x[],fresh_x_1))))),resumption_id_4),ncase_sigma2n,nil)),aead_enc(kdf(mul_point(mul_point(P,hash((seed_y[],fresh_y_1))),hash((seed_x[],fresh_x_1))),(ipk[],hash(((mul_point(P,hash((seed_x[],fresh_x_1))),initiator_random_2),(responder_random_2,mul_point(P,hash((seed_y[],fresh_y_1))),aead_enc(kdf(mul_point(mul_point(P,hash((seed_y[],fresh_y_1))),hash((seed_x[],fresh_x_1))),(ipk[],responder_random_2,mul_point(P,hash((seed_y[],fresh_y_1))),hash((mul_point(P,hash((seed_x[],fresh_x_1))),initiator_random_2))),sigma2_info),(mul_point(P,responder_noc_key_2),sign(noc_signing_key[],mul_point(P,responder_noc_key_2)),sign(responder_noc_key_2,(mul_point(P,responder_noc_key_2),mul_point(P,hash((seed_y[],fresh_y_1))),mul_point(P,hash((seed_x[],fresh_x_1))))),resumption_id_4),ncase_sigma2n,nil))))),sigma3_info),(mul_point(P,initiator_noc_key_2),sign(noc_signing_key[],mul_point(P,initiator_noc_key_2)),sign(initiator_noc_key_2,(mul_point(P,initiator_noc_key_2),mul_point(P,hash((seed_x[],fresh_x_1))),mul_point(P,hash((seed_y[],fresh_y_1)))))),ncase_sigma3n,nil)))),resumption_prekey_info),(res_initiator_random_2,resumption_id_4),sigma1_resume),nil,resume1mic_nonce,nil))).

13. By 12, the attacker may know (res_initiator_random_2,resumption_id_4,aead_enc(kdf(kdf(mul_point(mul_point(P,hash((seed_y[],fresh_y_1))),hash((seed_x[],fresh_x_1))),(ipk[],hash(((mul_point(P,hash((seed_x[],fresh_x_1))),initiator_random_2),(responder_random_2,mul_point(P,hash((seed_y[],fresh_y_1))),aead_enc(kdf(mul_point(mul_point(P,hash((seed_y[],fresh_y_1))),hash((seed_x[],fresh_x_1))),(ipk[],responder_random_2,mul_point(P,hash((seed_y[],fresh_y_1))),hash((mul_point(P,hash((seed_x[],fresh_x_1))),initiator_random_2))),sigma2_info),(mul_point(P,responder_noc_key_2),sign(noc_signing_key[],mul_point(P,responder_noc_key_2)),sign(responder_noc_key_2,(mul_point(P,responder_noc_key_2),mul_point(P,hash((seed_y[],fresh_y_1))),mul_point(P,hash((seed_x[],fresh_x_1))))),resumption_id_4),ncase_sigma2n,nil)),aead_enc(kdf(mul_point(mul_point(P,hash((seed_y[],fresh_y_1))),hash((seed_x[],fresh_x_1))),(ipk[],hash(((mul_point(P,hash((seed_x[],fresh_x_1))),initiator_random_2),(responder_random_2,mul_point(P,hash((seed_y[],fresh_y_1))),aead_enc(kdf(mul_point(mul_point(P,hash((seed_y[],fresh_y_1))),hash((seed_x[],fresh_x_1))),(ipk[],responder_random_2,mul_point(P,hash((seed_y[],fresh_y_1))),hash((mul_point(P,hash((seed_x[],fresh_x_1))),initiator_random_2))),sigma2_info),(mul_point(P,responder_noc_key_2),sign(noc_signing_key[],mul_point(P,responder_noc_key_2)),sign(responder_noc_key_2,(mul_point(P,responder_noc_key_2),mul_point(P,hash((seed_y[],fresh_y_1))),mul_point(P,hash((seed_x[],fresh_x_1))))),resumption_id_4),ncase_sigma2n,nil))))),sigma3_info),(mul_point(P,initiator_noc_key_2),sign(noc_signing_key[],mul_point(P,initiator_noc_key_2)),sign(initiator_noc_key_2,(mul_point(P,initiator_noc_key_2),mul_point(P,hash((seed_x[],fresh_x_1))),mul_point(P,hash((seed_y[],fresh_y_1)))))),ncase_sigma3n,nil)))),resumption_prekey_info),(res_initiator_random_2,resumption_id_4),sigma1_resume),nil,resume1mic_nonce,nil)).
Using the function 3-proj-3-tuple the attacker may obtain aead_enc(kdf(kdf(mul_point(mul_point(P,hash((seed_y[],fresh_y_1))),hash((seed_x[],fresh_x_1))),(ipk[],hash(((mul_point(P,hash((seed_x[],fresh_x_1))),initiator_random_2),(responder_random_2,mul_point(P,hash((seed_y[],fresh_y_1))),aead_enc(kdf(mul_point(mul_point(P,hash((seed_y[],fresh_y_1))),hash((seed_x[],fresh_x_1))),(ipk[],responder_random_2,mul_point(P,hash((seed_y[],fresh_y_1))),hash((mul_point(P,hash((seed_x[],fresh_x_1))),initiator_random_2))),sigma2_info),(mul_point(P,responder_noc_key_2),sign(noc_signing_key[],mul_point(P,responder_noc_key_2)),sign(responder_noc_key_2,(mul_point(P,responder_noc_key_2),mul_point(P,hash((seed_y[],fresh_y_1))),mul_point(P,hash((seed_x[],fresh_x_1))))),resumption_id_4),ncase_sigma2n,nil)),aead_enc(kdf(mul_point(mul_point(P,hash((seed_y[],fresh_y_1))),hash((seed_x[],fresh_x_1))),(ipk[],hash(((mul_point(P,hash((seed_x[],fresh_x_1))),initiator_random_2),(responder_random_2,mul_point(P,hash((seed_y[],fresh_y_1))),aead_enc(kdf(mul_point(mul_point(P,hash((seed_y[],fresh_y_1))),hash((seed_x[],fresh_x_1))),(ipk[],responder_random_2,mul_point(P,hash((seed_y[],fresh_y_1))),hash((mul_point(P,hash((seed_x[],fresh_x_1))),initiator_random_2))),sigma2_info),(mul_point(P,responder_noc_key_2),sign(noc_signing_key[],mul_point(P,responder_noc_key_2)),sign(responder_noc_key_2,(mul_point(P,responder_noc_key_2),mul_point(P,hash((seed_y[],fresh_y_1))),mul_point(P,hash((seed_x[],fresh_x_1))))),resumption_id_4),ncase_sigma2n,nil))))),sigma3_info),(mul_point(P,initiator_noc_key_2),sign(noc_signing_key[],mul_point(P,initiator_noc_key_2)),sign(initiator_noc_key_2,(mul_point(P,initiator_noc_key_2),mul_point(P,hash((seed_x[],fresh_x_1))),mul_point(P,hash((seed_y[],fresh_y_1)))))),ncase_sigma3n,nil)))),resumption_prekey_info),(res_initiator_random_2,resumption_id_4),sigma1_resume),nil,resume1mic_nonce,nil).
attacker(aead_enc(kdf(kdf(mul_point(mul_point(P,hash((seed_y[],fresh_y_1))),hash((seed_x[],fresh_x_1))),(ipk[],hash(((mul_point(P,hash((seed_x[],fresh_x_1))),initiator_random_2),(responder_random_2,mul_point(P,hash((seed_y[],fresh_y_1))),aead_enc(kdf(mul_point(mul_point(P,hash((seed_y[],fresh_y_1))),hash((seed_x[],fresh_x_1))),(ipk[],responder_random_2,mul_point(P,hash((seed_y[],fresh_y_1))),hash((mul_point(P,hash((seed_x[],fresh_x_1))),initiator_random_2))),sigma2_info),(mul_point(P,responder_noc_key_2),sign(noc_signing_key[],mul_point(P,responder_noc_key_2)),sign(responder_noc_key_2,(mul_point(P,responder_noc_key_2),mul_point(P,hash((seed_y[],fresh_y_1))),mul_point(P,hash((seed_x[],fresh_x_1))))),resumption_id_4),ncase_sigma2n,nil)),aead_enc(kdf(mul_point(mul_point(P,hash((seed_y[],fresh_y_1))),hash((seed_x[],fresh_x_1))),(ipk[],hash(((mul_point(P,hash((seed_x[],fresh_x_1))),initiator_random_2),(responder_random_2,mul_point(P,hash((seed_y[],fresh_y_1))),aead_enc(kdf(mul_point(mul_point(P,hash((seed_y[],fresh_y_1))),hash((seed_x[],fresh_x_1))),(ipk[],responder_random_2,mul_point(P,hash((seed_y[],fresh_y_1))),hash((mul_point(P,hash((seed_x[],fresh_x_1))),initiator_random_2))),sigma2_info),(mul_point(P,responder_noc_key_2),sign(noc_signing_key[],mul_point(P,responder_noc_key_2)),sign(responder_noc_key_2,(mul_point(P,responder_noc_key_2),mul_point(P,hash((seed_y[],fresh_y_1))),mul_point(P,hash((seed_x[],fresh_x_1))))),resumption_id_4),ncase_sigma2n,nil))))),sigma3_info),(mul_point(P,initiator_noc_key_2),sign(noc_signing_key[],mul_point(P,initiator_noc_key_2)),sign(initiator_noc_key_2,(mul_point(P,initiator_noc_key_2),mul_point(P,hash((seed_x[],fresh_x_1))),mul_point(P,hash((seed_y[],fresh_y_1)))))),ncase_sigma3n,nil)))),resumption_prekey_info),(res_initiator_random_2,resumption_id_4),sigma1_resume),nil,resume1mic_nonce,nil)).

14. By 12, the attacker may know (res_initiator_random_2,resumption_id_4,aead_enc(kdf(kdf(mul_point(mul_point(P,hash((seed_y[],fresh_y_1))),hash((seed_x[],fresh_x_1))),(ipk[],hash(((mul_point(P,hash((seed_x[],fresh_x_1))),initiator_random_2),(responder_random_2,mul_point(P,hash((seed_y[],fresh_y_1))),aead_enc(kdf(mul_point(mul_point(P,hash((seed_y[],fresh_y_1))),hash((seed_x[],fresh_x_1))),(ipk[],responder_random_2,mul_point(P,hash((seed_y[],fresh_y_1))),hash((mul_point(P,hash((seed_x[],fresh_x_1))),initiator_random_2))),sigma2_info),(mul_point(P,responder_noc_key_2),sign(noc_signing_key[],mul_point(P,responder_noc_key_2)),sign(responder_noc_key_2,(mul_point(P,responder_noc_key_2),mul_point(P,hash((seed_y[],fresh_y_1))),mul_point(P,hash((seed_x[],fresh_x_1))))),resumption_id_4),ncase_sigma2n,nil)),aead_enc(kdf(mul_point(mul_point(P,hash((seed_y[],fresh_y_1))),hash((seed_x[],fresh_x_1))),(ipk[],hash(((mul_point(P,hash((seed_x[],fresh_x_1))),initiator_random_2),(responder_random_2,mul_point(P,hash((seed_y[],fresh_y_1))),aead_enc(kdf(mul_point(mul_point(P,hash((seed_y[],fresh_y_1))),hash((seed_x[],fresh_x_1))),(ipk[],responder_random_2,mul_point(P,hash((seed_y[],fresh_y_1))),hash((mul_point(P,hash((seed_x[],fresh_x_1))),initiator_random_2))),sigma2_info),(mul_point(P,responder_noc_key_2),sign(noc_signing_key[],mul_point(P,responder_noc_key_2)),sign(responder_noc_key_2,(mul_point(P,responder_noc_key_2),mul_point(P,hash((seed_y[],fresh_y_1))),mul_point(P,hash((seed_x[],fresh_x_1))))),resumption_id_4),ncase_sigma2n,nil))))),sigma3_info),(mul_point(P,initiator_noc_key_2),sign(noc_signing_key[],mul_point(P,initiator_noc_key_2)),sign(initiator_noc_key_2,(mul_point(P,initiator_noc_key_2),mul_point(P,hash((seed_x[],fresh_x_1))),mul_point(P,hash((seed_y[],fresh_y_1)))))),ncase_sigma3n,nil)))),resumption_prekey_info),(res_initiator_random_2,resumption_id_4),sigma1_resume),nil,resume1mic_nonce,nil)).
Using the function 2-proj-3-tuple the attacker may obtain resumption_id_4.
attacker(resumption_id_4).

15. By 12, the attacker may know (res_initiator_random_2,resumption_id_4,aead_enc(kdf(kdf(mul_point(mul_point(P,hash((seed_y[],fresh_y_1))),hash((seed_x[],fresh_x_1))),(ipk[],hash(((mul_point(P,hash((seed_x[],fresh_x_1))),initiator_random_2),(responder_random_2,mul_point(P,hash((seed_y[],fresh_y_1))),aead_enc(kdf(mul_point(mul_point(P,hash((seed_y[],fresh_y_1))),hash((seed_x[],fresh_x_1))),(ipk[],responder_random_2,mul_point(P,hash((seed_y[],fresh_y_1))),hash((mul_point(P,hash((seed_x[],fresh_x_1))),initiator_random_2))),sigma2_info),(mul_point(P,responder_noc_key_2),sign(noc_signing_key[],mul_point(P,responder_noc_key_2)),sign(responder_noc_key_2,(mul_point(P,responder_noc_key_2),mul_point(P,hash((seed_y[],fresh_y_1))),mul_point(P,hash((seed_x[],fresh_x_1))))),resumption_id_4),ncase_sigma2n,nil)),aead_enc(kdf(mul_point(mul_point(P,hash((seed_y[],fresh_y_1))),hash((seed_x[],fresh_x_1))),(ipk[],hash(((mul_point(P,hash((seed_x[],fresh_x_1))),initiator_random_2),(responder_random_2,mul_point(P,hash((seed_y[],fresh_y_1))),aead_enc(kdf(mul_point(mul_point(P,hash((seed_y[],fresh_y_1))),hash((seed_x[],fresh_x_1))),(ipk[],responder_random_2,mul_point(P,hash((seed_y[],fresh_y_1))),hash((mul_point(P,hash((seed_x[],fresh_x_1))),initiator_random_2))),sigma2_info),(mul_point(P,responder_noc_key_2),sign(noc_signing_key[],mul_point(P,responder_noc_key_2)),sign(responder_noc_key_2,(mul_point(P,responder_noc_key_2),mul_point(P,hash((seed_y[],fresh_y_1))),mul_point(P,hash((seed_x[],fresh_x_1))))),resumption_id_4),ncase_sigma2n,nil))))),sigma3_info),(mul_point(P,initiator_noc_key_2),sign(noc_signing_key[],mul_point(P,initiator_noc_key_2)),sign(initiator_noc_key_2,(mul_point(P,initiator_noc_key_2),mul_point(P,hash((seed_x[],fresh_x_1))),mul_point(P,hash((seed_y[],fresh_y_1)))))),ncase_sigma3n,nil)))),resumption_prekey_info),(res_initiator_random_2,resumption_id_4),sigma1_resume),nil,resume1mic_nonce,nil)).
Using the function 1-proj-3-tuple the attacker may obtain res_initiator_random_2.
attacker(res_initiator_random_2).

16. By 15, the attacker may know res_initiator_random_2.
By 14, the attacker may know resumption_id_4.
By 13, the attacker may know aead_enc(kdf(kdf(mul_point(mul_point(P,hash((seed_y[],fresh_y_1))),hash((seed_x[],fresh_x_1))),(ipk[],hash(((mul_point(P,hash((seed_x[],fresh_x_1))),initiator_random_2),(responder_random_2,mul_point(P,hash((seed_y[],fresh_y_1))),aead_enc(kdf(mul_point(mul_point(P,hash((seed_y[],fresh_y_1))),hash((seed_x[],fresh_x_1))),(ipk[],responder_random_2,mul_point(P,hash((seed_y[],fresh_y_1))),hash((mul_point(P,hash((seed_x[],fresh_x_1))),initiator_random_2))),sigma2_info),(mul_point(P,responder_noc_key_2),sign(noc_signing_key[],mul_point(P,responder_noc_key_2)),sign(responder_noc_key_2,(mul_point(P,responder_noc_key_2),mul_point(P,hash((seed_y[],fresh_y_1))),mul_point(P,hash((seed_x[],fresh_x_1))))),resumption_id_4),ncase_sigma2n,nil)),aead_enc(kdf(mul_point(mul_point(P,hash((seed_y[],fresh_y_1))),hash((seed_x[],fresh_x_1))),(ipk[],hash(((mul_point(P,hash((seed_x[],fresh_x_1))),initiator_random_2),(responder_random_2,mul_point(P,hash((seed_y[],fresh_y_1))),aead_enc(kdf(mul_point(mul_point(P,hash((seed_y[],fresh_y_1))),hash((seed_x[],fresh_x_1))),(ipk[],responder_random_2,mul_point(P,hash((seed_y[],fresh_y_1))),hash((mul_point(P,hash((seed_x[],fresh_x_1))),initiator_random_2))),sigma2_info),(mul_point(P,responder_noc_key_2),sign(noc_signing_key[],mul_point(P,responder_noc_key_2)),sign(responder_noc_key_2,(mul_point(P,responder_noc_key_2),mul_point(P,hash((seed_y[],fresh_y_1))),mul_point(P,hash((seed_x[],fresh_x_1))))),resumption_id_4),ncase_sigma2n,nil))))),sigma3_info),(mul_point(P,initiator_noc_key_2),sign(noc_signing_key[],mul_point(P,initiator_noc_key_2)),sign(initiator_noc_key_2,(mul_point(P,initiator_noc_key_2),mul_point(P,hash((seed_x[],fresh_x_1))),mul_point(P,hash((seed_y[],fresh_y_1)))))),ncase_sigma3n,nil)))),resumption_prekey_info),(res_initiator_random_2,resumption_id_4),sigma1_resume),nil,resume1mic_nonce,nil).
Using the function 3-tuple the attacker may obtain (res_initiator_random_2,resumption_id_4,aead_enc(kdf(kdf(mul_point(mul_point(P,hash((seed_y[],fresh_y_1))),hash((seed_x[],fresh_x_1))),(ipk[],hash(((mul_point(P,hash((seed_x[],fresh_x_1))),initiator_random_2),(responder_random_2,mul_point(P,hash((seed_y[],fresh_y_1))),aead_enc(kdf(mul_point(mul_point(P,hash((seed_y[],fresh_y_1))),hash((seed_x[],fresh_x_1))),(ipk[],responder_random_2,mul_point(P,hash((seed_y[],fresh_y_1))),hash((mul_point(P,hash((seed_x[],fresh_x_1))),initiator_random_2))),sigma2_info),(mul_point(P,responder_noc_key_2),sign(noc_signing_key[],mul_point(P,responder_noc_key_2)),sign(responder_noc_key_2,(mul_point(P,responder_noc_key_2),mul_point(P,hash((seed_y[],fresh_y_1))),mul_point(P,hash((seed_x[],fresh_x_1))))),resumption_id_4),ncase_sigma2n,nil)),aead_enc(kdf(mul_point(mul_point(P,hash((seed_y[],fresh_y_1))),hash((seed_x[],fresh_x_1))),(ipk[],hash(((mul_point(P,hash((seed_x[],fresh_x_1))),initiator_random_2),(responder_random_2,mul_point(P,hash((seed_y[],fresh_y_1))),aead_enc(kdf(mul_point(mul_point(P,hash((seed_y[],fresh_y_1))),hash((seed_x[],fresh_x_1))),(ipk[],responder_random_2,mul_point(P,hash((seed_y[],fresh_y_1))),hash((mul_point(P,hash((seed_x[],fresh_x_1))),initiator_random_2))),sigma2_info),(mul_point(P,responder_noc_key_2),sign(noc_signing_key[],mul_point(P,responder_noc_key_2)),sign(responder_noc_key_2,(mul_point(P,responder_noc_key_2),mul_point(P,hash((seed_y[],fresh_y_1))),mul_point(P,hash((seed_x[],fresh_x_1))))),resumption_id_4),ncase_sigma2n,nil))))),sigma3_info),(mul_point(P,initiator_noc_key_2),sign(noc_signing_key[],mul_point(P,initiator_noc_key_2)),sign(initiator_noc_key_2,(mul_point(P,initiator_noc_key_2),mul_point(P,hash((seed_x[],fresh_x_1))),mul_point(P,hash((seed_y[],fresh_y_1)))))),ncase_sigma3n,nil)))),resumption_prekey_info),(res_initiator_random_2,resumption_id_4),sigma1_resume),nil,resume1mic_nonce,nil)).
attacker((res_initiator_random_2,resumption_id_4,aead_enc(kdf(kdf(mul_point(mul_point(P,hash((seed_y[],fresh_y_1))),hash((seed_x[],fresh_x_1))),(ipk[],hash(((mul_point(P,hash((seed_x[],fresh_x_1))),initiator_random_2),(responder_random_2,mul_point(P,hash((seed_y[],fresh_y_1))),aead_enc(kdf(mul_point(mul_point(P,hash((seed_y[],fresh_y_1))),hash((seed_x[],fresh_x_1))),(ipk[],responder_random_2,mul_point(P,hash((seed_y[],fresh_y_1))),hash((mul_point(P,hash((seed_x[],fresh_x_1))),initiator_random_2))),sigma2_info),(mul_point(P,responder_noc_key_2),sign(noc_signing_key[],mul_point(P,responder_noc_key_2)),sign(responder_noc_key_2,(mul_point(P,responder_noc_key_2),mul_point(P,hash((seed_y[],fresh_y_1))),mul_point(P,hash((seed_x[],fresh_x_1))))),resumption_id_4),ncase_sigma2n,nil)),aead_enc(kdf(mul_point(mul_point(P,hash((seed_y[],fresh_y_1))),hash((seed_x[],fresh_x_1))),(ipk[],hash(((mul_point(P,hash((seed_x[],fresh_x_1))),initiator_random_2),(responder_random_2,mul_point(P,hash((seed_y[],fresh_y_1))),aead_enc(kdf(mul_point(mul_point(P,hash((seed_y[],fresh_y_1))),hash((seed_x[],fresh_x_1))),(ipk[],responder_random_2,mul_point(P,hash((seed_y[],fresh_y_1))),hash((mul_point(P,hash((seed_x[],fresh_x_1))),initiator_random_2))),sigma2_info),(mul_point(P,responder_noc_key_2),sign(noc_signing_key[],mul_point(P,responder_noc_key_2)),sign(responder_noc_key_2,(mul_point(P,responder_noc_key_2),mul_point(P,hash((seed_y[],fresh_y_1))),mul_point(P,hash((seed_x[],fresh_x_1))))),resumption_id_4),ncase_sigma2n,nil))))),sigma3_info),(mul_point(P,initiator_noc_key_2),sign(noc_signing_key[],mul_point(P,initiator_noc_key_2)),sign(initiator_noc_key_2,(mul_point(P,initiator_noc_key_2),mul_point(P,hash((seed_x[],fresh_x_1))),mul_point(P,hash((seed_y[],fresh_y_1)))))),ncase_sigma3n,nil)))),resumption_prekey_info),(res_initiator_random_2,resumption_id_4),sigma1_resume),nil,resume1mic_nonce,nil))).

17. The message (mul_point(P,hash((seed_x[],fresh_x_1))),initiator_random_2) that the attacker may have by 4 may be received at input {59}.
The message aead_enc(kdf(mul_point(mul_point(P,hash((seed_y[],fresh_y_1))),hash((seed_x[],fresh_x_1))),(ipk[],hash(((mul_point(P,hash((seed_x[],fresh_x_1))),initiator_random_2),(responder_random_2,mul_point(P,hash((seed_y[],fresh_y_1))),aead_enc(kdf(mul_point(mul_point(P,hash((seed_y[],fresh_y_1))),hash((seed_x[],fresh_x_1))),(ipk[],responder_random_2,mul_point(P,hash((seed_y[],fresh_y_1))),hash((mul_point(P,hash((seed_x[],fresh_x_1))),initiator_random_2))),sigma2_info),(mul_point(P,responder_noc_key_2),sign(noc_signing_key[],mul_point(P,responder_noc_key_2)),sign(responder_noc_key_2,(mul_point(P,responder_noc_key_2),mul_point(P,hash((seed_y[],fresh_y_1))),mul_point(P,hash((seed_x[],fresh_x_1))))),resumption_id_4),ncase_sigma2n,nil))))),sigma3_info),(mul_point(P,initiator_noc_key_2),sign(noc_signing_key[],mul_point(P,initiator_noc_key_2)),sign(initiator_noc_key_2,(mul_point(P,initiator_noc_key_2),mul_point(P,hash((seed_x[],fresh_x_1))),mul_point(P,hash((seed_y[],fresh_y_1)))))),ncase_sigma3n,nil) that the attacker may have by 11 may be received at input {73}.
The message (res_initiator_random_2,resumption_id_4,aead_enc(kdf(kdf(mul_point(mul_point(P,hash((seed_y[],fresh_y_1))),hash((seed_x[],fresh_x_1))),(ipk[],hash(((mul_point(P,hash((seed_x[],fresh_x_1))),initiator_random_2),(responder_random_2,mul_point(P,hash((seed_y[],fresh_y_1))),aead_enc(kdf(mul_point(mul_point(P,hash((seed_y[],fresh_y_1))),hash((seed_x[],fresh_x_1))),(ipk[],responder_random_2,mul_point(P,hash((seed_y[],fresh_y_1))),hash((mul_point(P,hash((seed_x[],fresh_x_1))),initiator_random_2))),sigma2_info),(mul_point(P,responder_noc_key_2),sign(noc_signing_key[],mul_point(P,responder_noc_key_2)),sign(responder_noc_key_2,(mul_point(P,responder_noc_key_2),mul_point(P,hash((seed_y[],fresh_y_1))),mul_point(P,hash((seed_x[],fresh_x_1))))),resumption_id_4),ncase_sigma2n,nil)),aead_enc(kdf(mul_point(mul_point(P,hash((seed_y[],fresh_y_1))),hash((seed_x[],fresh_x_1))),(ipk[],hash(((mul_point(P,hash((seed_x[],fresh_x_1))),initiator_random_2),(responder_random_2,mul_point(P,hash((seed_y[],fresh_y_1))),aead_enc(kdf(mul_point(mul_point(P,hash((seed_y[],fresh_y_1))),hash((seed_x[],fresh_x_1))),(ipk[],responder_random_2,mul_point(P,hash((seed_y[],fresh_y_1))),hash((mul_point(P,hash((seed_x[],fresh_x_1))),initiator_random_2))),sigma2_info),(mul_point(P,responder_noc_key_2),sign(noc_signing_key[],mul_point(P,responder_noc_key_2)),sign(responder_noc_key_2,(mul_point(P,responder_noc_key_2),mul_point(P,hash((seed_y[],fresh_y_1))),mul_point(P,hash((seed_x[],fresh_x_1))))),resumption_id_4),ncase_sigma2n,nil))))),sigma3_info),(mul_point(P,initiator_noc_key_2),sign(noc_signing_key[],mul_point(P,initiator_noc_key_2)),sign(initiator_noc_key_2,(mul_point(P,initiator_noc_key_2),mul_point(P,hash((seed_x[],fresh_x_1))),mul_point(P,hash((seed_y[],fresh_y_1)))))),ncase_sigma3n,nil)))),resumption_prekey_info),(res_initiator_random_2,resumption_id_4),sigma1_resume),nil,resume1mic_nonce,nil)) that the attacker may have by 16 may be received at input {88}.
So event did_not_reach_end_responder(dummy_2) may be executed at {98}.
event(did_not_reach_end_responder(dummy_2)).

18. By 17, event(did_not_reach_end_responder(dummy_2)).
The goal is reached, represented in the following fact:
event(did_not_reach_end_responder(dummy_2)).


A more detailed output of the traces is available with
  set traceDisplay = long.

new ipk: key creating ipk_3 at {1}

new seed_x: bitstring creating seed_x_2 at {2}

new seed_y: bitstring creating seed_y_2 at {3}

out(c, ~M) with ~M = mul_point(P,noc_signing_key) at {5}

new responder_noc_key: key creating responder_noc_key_3 at {53} in copy a

new initiator_noc_key: key creating initiator_noc_key_3 at {7} in copy a_1

new fresh_x: bitstring creating fresh_x_2 at {13} in copy a_1

new initiator_random: bitstring creating initiator_random_3 at {15} in copy a_1

out(c, (~M_1,~M_2)) with ~M_1 = mul_point(P,hash((seed_x_2,fresh_x_2))), ~M_2 = initiator_random_3 at {18} in copy a_1

in(c, (~M_1,~M_2)) with ~M_1 = mul_point(P,hash((seed_x_2,fresh_x_2))), ~M_2 = initiator_random_3 at {59} in copy a

event start_session_with_initiator(mul_point(P,hash((seed_x_2,fresh_x_2))),initiator_random_3) at {61} in copy a

new fresh_y: bitstring creating fresh_y_2 at {62} in copy a

new responder_random_1: bitstring creating responder_random_3 at {64} in copy a

new resumption_id_1: bitstring creating resumption_id_5 at {65} in copy a

out(c, (~M_3,~M_4,~M_5)) with ~M_3 = responder_random_3, ~M_4 = mul_point(P,hash((seed_y_2,fresh_y_2))), ~M_5 = aead_enc(kdf(mul_point(mul_point(P,hash((seed_x_2,fresh_x_2))),hash((seed_y_2,fresh_y_2))),(ipk_3,responder_random_3,mul_point(P,hash((seed_y_2,fresh_y_2))),hash((mul_point(P,hash((seed_x_2,fresh_x_2))),initiator_random_3))),sigma2_info),(mul_point(P,responder_noc_key_3),sign(noc_signing_key,mul_point(P,responder_noc_key_3)),sign(responder_noc_key_3,(mul_point(P,responder_noc_key_3),mul_point(P,hash((seed_y_2,fresh_y_2))),mul_point(P,hash((seed_x_2,fresh_x_2))))),resumption_id_5),ncase_sigma2n,nil) at {72} in copy a

in(c, (~M_3,~M_4,~M_5)) with ~M_3 = responder_random_3, ~M_4 = mul_point(P,hash((seed_y_2,fresh_y_2))), ~M_5 = aead_enc(kdf(mul_point(mul_point(P,hash((seed_y_2,fresh_y_2))),hash((seed_x_2,fresh_x_2))),(ipk_3,responder_random_3,mul_point(P,hash((seed_y_2,fresh_y_2))),hash((mul_point(P,hash((seed_x_2,fresh_x_2))),initiator_random_3))),sigma2_info),(mul_point(P,responder_noc_key_3),sign(noc_signing_key,mul_point(P,responder_noc_key_3)),sign(responder_noc_key_3,(mul_point(P,responder_noc_key_3),mul_point(P,hash((seed_y_2,fresh_y_2))),mul_point(P,hash((seed_x_2,fresh_x_2))))),resumption_id_5),ncase_sigma2n,nil) at {19} in copy a_1

event start_session_with_responder(mul_point(P,hash((seed_y_2,fresh_y_2))),responder_random_3) at {21} in copy a_1

event accept_responder_identity(mul_point(P,responder_noc_key_3),mul_point(P,hash((seed_y_2,fresh_y_2))),responder_random_3) at {26} in copy a_1

out(c, ~M_6) with ~M_6 = aead_enc(kdf(mul_point(mul_point(P,hash((seed_y_2,fresh_y_2))),hash((seed_x_2,fresh_x_2))),(ipk_3,hash(((mul_point(P,hash((seed_x_2,fresh_x_2))),initiator_random_3),(responder_random_3,mul_point(P,hash((seed_y_2,fresh_y_2))),aead_enc(kdf(mul_point(mul_point(P,hash((seed_y_2,fresh_y_2))),hash((seed_x_2,fresh_x_2))),(ipk_3,responder_random_3,mul_point(P,hash((seed_y_2,fresh_y_2))),hash((mul_point(P,hash((seed_x_2,fresh_x_2))),initiator_random_3))),sigma2_info),(mul_point(P,responder_noc_key_3),sign(noc_signing_key,mul_point(P,responder_noc_key_3)),sign(responder_noc_key_3,(mul_point(P,responder_noc_key_3),mul_point(P,hash((seed_y_2,fresh_y_2))),mul_point(P,hash((seed_x_2,fresh_x_2))))),resumption_id_5),ncase_sigma2n,nil))))),sigma3_info),(mul_point(P,initiator_noc_key_3),sign(noc_signing_key,mul_point(P,initiator_noc_key_3)),sign(initiator_noc_key_3,(mul_point(P,initiator_noc_key_3),mul_point(P,hash((seed_x_2,fresh_x_2))),mul_point(P,hash((seed_y_2,fresh_y_2)))))),ncase_sigma3n,nil) at {30} in copy a_1

event initiator_end(mul_point(P,initiator_noc_key_3),mul_point(P,hash((seed_x_2,fresh_x_2))),initiator_random_3) at {33} in copy a_1

out(c, ~M_7) with ~M_7 = enc(mul_point(P,initiator_noc_key_3),q_id_i_i) at {34} in copy a_1

out(c, ~M_8) with ~M_8 = enc(mul_point(P,responder_noc_key_3),q_id_r_i) at {35} in copy a_1

out(c, ~M_9) with ~M_9 = fresh_x_2 at {36} in copy a_1

out(c, ~M_10) with ~M_10 = enc(hash((seed_x_2,fresh_x_2)),q_eph_x) at {37} in copy a_1

out(c, ~M_11) with ~M_11 = enc(mul_point(mul_point(P,hash((seed_y_2,fresh_y_2))),hash((seed_x_2,fresh_x_2))),q_shared_secret_i) at {38} in copy a_1

out(c, ~M_12) with ~M_12 = enc(kdf(mul_point(mul_point(P,hash((seed_y_2,fresh_y_2))),hash((seed_x_2,fresh_x_2))),(ipk_3,hash(((mul_point(P,hash((seed_x_2,fresh_x_2))),initiator_random_3),(responder_random_3,mul_point(P,hash((seed_y_2,fresh_y_2))),aead_enc(kdf(mul_point(mul_point(P,hash((seed_y_2,fresh_y_2))),hash((seed_x_2,fresh_x_2))),(ipk_3,responder_random_3,mul_point(P,hash((seed_y_2,fresh_y_2))),hash((mul_point(P,hash((seed_x_2,fresh_x_2))),initiator_random_3))),sigma2_info),(mul_point(P,responder_noc_key_3),sign(noc_signing_key,mul_point(P,responder_noc_key_3)),sign(responder_noc_key_3,(mul_point(P,responder_noc_key_3),mul_point(P,hash((seed_y_2,fresh_y_2))),mul_point(P,hash((seed_x_2,fresh_x_2))))),resumption_id_5),ncase_sigma2n,nil)),aead_enc(kdf(mul_point(mul_point(P,hash((seed_y_2,fresh_y_2))),hash((seed_x_2,fresh_x_2))),(ipk_3,hash(((mul_point(P,hash((seed_x_2,fresh_x_2))),initiator_random_3),(responder_random_3,mul_point(P,hash((seed_y_2,fresh_y_2))),aead_enc(kdf(mul_point(mul_point(P,hash((seed_y_2,fresh_y_2))),hash((seed_x_2,fresh_x_2))),(ipk_3,responder_random_3,mul_point(P,hash((seed_y_2,fresh_y_2))),hash((mul_point(P,hash((seed_x_2,fresh_x_2))),initiator_random_3))),sigma2_info),(mul_point(P,responder_noc_key_3),sign(noc_signing_key,mul_point(P,responder_noc_key_3)),sign(responder_noc_key_3,(mul_point(P,responder_noc_key_3),mul_point(P,hash((seed_y_2,fresh_y_2))),mul_point(P,hash((seed_x_2,fresh_x_2))))),resumption_id_5),ncase_sigma2n,nil))))),sigma3_info),(mul_point(P,initiator_noc_key_3),sign(noc_signing_key,mul_point(P,initiator_noc_key_3)),sign(initiator_noc_key_3,(mul_point(P,initiator_noc_key_3),mul_point(P,hash((seed_x_2,fresh_x_2))),mul_point(P,hash((seed_y_2,fresh_y_2)))))),ncase_sigma3n,nil)))),sekeys_info),q_session_keys_i) at {39} in copy a_1

out(c, ~M_13) with ~M_13 = enc(kdf(mul_point(mul_point(P,hash((seed_y_2,fresh_y_2))),hash((seed_x_2,fresh_x_2))),(ipk_3,hash(((mul_point(P,hash((seed_x_2,fresh_x_2))),initiator_random_3),(responder_random_3,mul_point(P,hash((seed_y_2,fresh_y_2))),aead_enc(kdf(mul_point(mul_point(P,hash((seed_y_2,fresh_y_2))),hash((seed_x_2,fresh_x_2))),(ipk_3,responder_random_3,mul_point(P,hash((seed_y_2,fresh_y_2))),hash((mul_point(P,hash((seed_x_2,fresh_x_2))),initiator_random_3))),sigma2_info),(mul_point(P,responder_noc_key_3),sign(noc_signing_key,mul_point(P,responder_noc_key_3)),sign(responder_noc_key_3,(mul_point(P,responder_noc_key_3),mul_point(P,hash((seed_y_2,fresh_y_2))),mul_point(P,hash((seed_x_2,fresh_x_2))))),resumption_id_5),ncase_sigma2n,nil)),aead_enc(kdf(mul_point(mul_point(P,hash((seed_y_2,fresh_y_2))),hash((seed_x_2,fresh_x_2))),(ipk_3,hash(((mul_point(P,hash((seed_x_2,fresh_x_2))),initiator_random_3),(responder_random_3,mul_point(P,hash((seed_y_2,fresh_y_2))),aead_enc(kdf(mul_point(mul_point(P,hash((seed_y_2,fresh_y_2))),hash((seed_x_2,fresh_x_2))),(ipk_3,responder_random_3,mul_point(P,hash((seed_y_2,fresh_y_2))),hash((mul_point(P,hash((seed_x_2,fresh_x_2))),initiator_random_3))),sigma2_info),(mul_point(P,responder_noc_key_3),sign(noc_signing_key,mul_point(P,responder_noc_key_3)),sign(responder_noc_key_3,(mul_point(P,responder_noc_key_3),mul_point(P,hash((seed_y_2,fresh_y_2))),mul_point(P,hash((seed_x_2,fresh_x_2))))),resumption_id_5),ncase_sigma2n,nil))))),sigma3_info),(mul_point(P,initiator_noc_key_3),sign(noc_signing_key,mul_point(P,initiator_noc_key_3)),sign(initiator_noc_key_3,(mul_point(P,initiator_noc_key_3),mul_point(P,hash((seed_x_2,fresh_x_2))),mul_point(P,hash((seed_y_2,fresh_y_2)))))),ncase_sigma3n,nil)))),resumption_prekey_info),q_resumption_prekeys_i) at {40} in copy a_1

new res_initiator_random: bitstring creating res_initiator_random_3 at {41} in copy a_1

out(c, (~M_14,~M_15,~M_16)) with ~M_14 = res_initiator_random_3, ~M_15 = resumption_id_5, ~M_16 = aead_enc(kdf(kdf(mul_point(mul_point(P,hash((seed_y_2,fresh_y_2))),hash((seed_x_2,fresh_x_2))),(ipk_3,hash(((mul_point(P,hash((seed_x_2,fresh_x_2))),initiator_random_3),(responder_random_3,mul_point(P,hash((seed_y_2,fresh_y_2))),aead_enc(kdf(mul_point(mul_point(P,hash((seed_y_2,fresh_y_2))),hash((seed_x_2,fresh_x_2))),(ipk_3,responder_random_3,mul_point(P,hash((seed_y_2,fresh_y_2))),hash((mul_point(P,hash((seed_x_2,fresh_x_2))),initiator_random_3))),sigma2_info),(mul_point(P,responder_noc_key_3),sign(noc_signing_key,mul_point(P,responder_noc_key_3)),sign(responder_noc_key_3,(mul_point(P,responder_noc_key_3),mul_point(P,hash((seed_y_2,fresh_y_2))),mul_point(P,hash((seed_x_2,fresh_x_2))))),resumption_id_5),ncase_sigma2n,nil)),aead_enc(kdf(mul_point(mul_point(P,hash((seed_y_2,fresh_y_2))),hash((seed_x_2,fresh_x_2))),(ipk_3,hash(((mul_point(P,hash((seed_x_2,fresh_x_2))),initiator_random_3),(responder_random_3,mul_point(P,hash((seed_y_2,fresh_y_2))),aead_enc(kdf(mul_point(mul_point(P,hash((seed_y_2,fresh_y_2))),hash((seed_x_2,fresh_x_2))),(ipk_3,responder_random_3,mul_point(P,hash((seed_y_2,fresh_y_2))),hash((mul_point(P,hash((seed_x_2,fresh_x_2))),initiator_random_3))),sigma2_info),(mul_point(P,responder_noc_key_3),sign(noc_signing_key,mul_point(P,responder_noc_key_3)),sign(responder_noc_key_3,(mul_point(P,responder_noc_key_3),mul_point(P,hash((seed_y_2,fresh_y_2))),mul_point(P,hash((seed_x_2,fresh_x_2))))),resumption_id_5),ncase_sigma2n,nil))))),sigma3_info),(mul_point(P,initiator_noc_key_3),sign(noc_signing_key,mul_point(P,initiator_noc_key_3)),sign(initiator_noc_key_3,(mul_point(P,initiator_noc_key_3),mul_point(P,hash((seed_x_2,fresh_x_2))),mul_point(P,hash((seed_y_2,fresh_y_2)))))),ncase_sigma3n,nil)))),resumption_prekey_info),(res_initiator_random_3,resumption_id_5),sigma1_resume),nil,resume1mic_nonce,nil) at {44} in copy a_1

in(c, ~M_6) with ~M_6 = aead_enc(kdf(mul_point(mul_point(P,hash((seed_y_2,fresh_y_2))),hash((seed_x_2,fresh_x_2))),(ipk_3,hash(((mul_point(P,hash((seed_x_2,fresh_x_2))),initiator_random_3),(responder_random_3,mul_point(P,hash((seed_y_2,fresh_y_2))),aead_enc(kdf(mul_point(mul_point(P,hash((seed_y_2,fresh_y_2))),hash((seed_x_2,fresh_x_2))),(ipk_3,responder_random_3,mul_point(P,hash((seed_y_2,fresh_y_2))),hash((mul_point(P,hash((seed_x_2,fresh_x_2))),initiator_random_3))),sigma2_info),(mul_point(P,responder_noc_key_3),sign(noc_signing_key,mul_point(P,responder_noc_key_3)),sign(responder_noc_key_3,(mul_point(P,responder_noc_key_3),mul_point(P,hash((seed_y_2,fresh_y_2))),mul_point(P,hash((seed_x_2,fresh_x_2))))),resumption_id_5),ncase_sigma2n,nil))))),sigma3_info),(mul_point(P,initiator_noc_key_3),sign(noc_signing_key,mul_point(P,initiator_noc_key_3)),sign(initiator_noc_key_3,(mul_point(P,initiator_noc_key_3),mul_point(P,hash((seed_x_2,fresh_x_2))),mul_point(P,hash((seed_y_2,fresh_y_2)))))),ncase_sigma3n,nil) at {73} in copy a

out(c, ~M_17) with ~M_17 = sigma_finished at {79} in copy a

event responder_end(mul_point(P,responder_noc_key_3),mul_point(P,hash((seed_y_2,fresh_y_2))),responder_random_3) at {80} in copy a

out(c, ~M_18) with ~M_18 = enc(mul_point(P,initiator_noc_key_3),q_id_i_r) at {81} in copy a

out(c, ~M_19) with ~M_19 = enc(mul_point(P,responder_noc_key_3),q_id_r_r) at {82} in copy a

out(c, ~M_20) with ~M_20 = fresh_y_2 at {83} in copy a

out(c, ~M_21) with ~M_21 = enc(hash((seed_y_2,fresh_y_2)),q_eph_y) at {84} in copy a

out(c, ~M_22) with ~M_22 = enc(mul_point(mul_point(P,hash((seed_x_2,fresh_x_2))),hash((seed_y_2,fresh_y_2))),q_shared_secret_r) at {85} in copy a

out(c, ~M_23) with ~M_23 = enc(kdf(mul_point(mul_point(P,hash((seed_x_2,fresh_x_2))),hash((seed_y_2,fresh_y_2))),(ipk_3,hash(((mul_point(P,hash((seed_x_2,fresh_x_2))),initiator_random_3),(responder_random_3,mul_point(P,hash((seed_y_2,fresh_y_2))),aead_enc(kdf(mul_point(mul_point(P,hash((seed_x_2,fresh_x_2))),hash((seed_y_2,fresh_y_2))),(ipk_3,responder_random_3,mul_point(P,hash((seed_y_2,fresh_y_2))),hash((mul_point(P,hash((seed_x_2,fresh_x_2))),initiator_random_3))),sigma2_info),(mul_point(P,responder_noc_key_3),sign(noc_signing_key,mul_point(P,responder_noc_key_3)),sign(responder_noc_key_3,(mul_point(P,responder_noc_key_3),mul_point(P,hash((seed_y_2,fresh_y_2))),mul_point(P,hash((seed_x_2,fresh_x_2))))),resumption_id_5),ncase_sigma2n,nil)),aead_enc(kdf(mul_point(mul_point(P,hash((seed_y_2,fresh_y_2))),hash((seed_x_2,fresh_x_2))),(ipk_3,hash(((mul_point(P,hash((seed_x_2,fresh_x_2))),initiator_random_3),(responder_random_3,mul_point(P,hash((seed_y_2,fresh_y_2))),aead_enc(kdf(mul_point(mul_point(P,hash((seed_y_2,fresh_y_2))),hash((seed_x_2,fresh_x_2))),(ipk_3,responder_random_3,mul_point(P,hash((seed_y_2,fresh_y_2))),hash((mul_point(P,hash((seed_x_2,fresh_x_2))),initiator_random_3))),sigma2_info),(mul_point(P,responder_noc_key_3),sign(noc_signing_key,mul_point(P,responder_noc_key_3)),sign(responder_noc_key_3,(mul_point(P,responder_noc_key_3),mul_point(P,hash((seed_y_2,fresh_y_2))),mul_point(P,hash((seed_x_2,fresh_x_2))))),resumption_id_5),ncase_sigma2n,nil))))),sigma3_info),(mul_point(P,initiator_noc_key_3),sign(noc_signing_key,mul_point(P,initiator_noc_key_3)),sign(initiator_noc_key_3,(mul_point(P,initiator_noc_key_3),mul_point(P,hash((seed_x_2,fresh_x_2))),mul_point(P,hash((seed_y_2,fresh_y_2)))))),ncase_sigma3n,nil)))),sekeys_info),q_session_keys_r) at {86} in copy a

out(c, ~M_24) with ~M_24 = enc(kdf(mul_point(mul_point(P,hash((seed_x_2,fresh_x_2))),hash((seed_y_2,fresh_y_2))),(ipk_3,hash(((mul_point(P,hash((seed_x_2,fresh_x_2))),initiator_random_3),(responder_random_3,mul_point(P,hash((seed_y_2,fresh_y_2))),aead_enc(kdf(mul_point(mul_point(P,hash((seed_x_2,fresh_x_2))),hash((seed_y_2,fresh_y_2))),(ipk_3,responder_random_3,mul_point(P,hash((seed_y_2,fresh_y_2))),hash((mul_point(P,hash((seed_x_2,fresh_x_2))),initiator_random_3))),sigma2_info),(mul_point(P,responder_noc_key_3),sign(noc_signing_key,mul_point(P,responder_noc_key_3)),sign(responder_noc_key_3,(mul_point(P,responder_noc_key_3),mul_point(P,hash((seed_y_2,fresh_y_2))),mul_point(P,hash((seed_x_2,fresh_x_2))))),resumption_id_5),ncase_sigma2n,nil)),aead_enc(kdf(mul_point(mul_point(P,hash((seed_y_2,fresh_y_2))),hash((seed_x_2,fresh_x_2))),(ipk_3,hash(((mul_point(P,hash((seed_x_2,fresh_x_2))),initiator_random_3),(responder_random_3,mul_point(P,hash((seed_y_2,fresh_y_2))),aead_enc(kdf(mul_point(mul_point(P,hash((seed_y_2,fresh_y_2))),hash((seed_x_2,fresh_x_2))),(ipk_3,responder_random_3,mul_point(P,hash((seed_y_2,fresh_y_2))),hash((mul_point(P,hash((seed_x_2,fresh_x_2))),initiator_random_3))),sigma2_info),(mul_point(P,responder_noc_key_3),sign(noc_signing_key,mul_point(P,responder_noc_key_3)),sign(responder_noc_key_3,(mul_point(P,responder_noc_key_3),mul_point(P,hash((seed_y_2,fresh_y_2))),mul_point(P,hash((seed_x_2,fresh_x_2))))),resumption_id_5),ncase_sigma2n,nil))))),sigma3_info),(mul_point(P,initiator_noc_key_3),sign(noc_signing_key,mul_point(P,initiator_noc_key_3)),sign(initiator_noc_key_3,(mul_point(P,initiator_noc_key_3),mul_point(P,hash((seed_x_2,fresh_x_2))),mul_point(P,hash((seed_y_2,fresh_y_2)))))),ncase_sigma3n,nil)))),resumption_prekey_info),q_resumption_prekeys_r) at {87} in copy a

in(c, (~M_14,~M_15,~M_16)) with ~M_14 = res_initiator_random_3, ~M_15 = resumption_id_5, ~M_16 = aead_enc(kdf(kdf(mul_point(mul_point(P,hash((seed_y_2,fresh_y_2))),hash((seed_x_2,fresh_x_2))),(ipk_3,hash(((mul_point(P,hash((seed_x_2,fresh_x_2))),initiator_random_3),(responder_random_3,mul_point(P,hash((seed_y_2,fresh_y_2))),aead_enc(kdf(mul_point(mul_point(P,hash((seed_y_2,fresh_y_2))),hash((seed_x_2,fresh_x_2))),(ipk_3,responder_random_3,mul_point(P,hash((seed_y_2,fresh_y_2))),hash((mul_point(P,hash((seed_x_2,fresh_x_2))),initiator_random_3))),sigma2_info),(mul_point(P,responder_noc_key_3),sign(noc_signing_key,mul_point(P,responder_noc_key_3)),sign(responder_noc_key_3,(mul_point(P,responder_noc_key_3),mul_point(P,hash((seed_y_2,fresh_y_2))),mul_point(P,hash((seed_x_2,fresh_x_2))))),resumption_id_5),ncase_sigma2n,nil)),aead_enc(kdf(mul_point(mul_point(P,hash((seed_y_2,fresh_y_2))),hash((seed_x_2,fresh_x_2))),(ipk_3,hash(((mul_point(P,hash((seed_x_2,fresh_x_2))),initiator_random_3),(responder_random_3,mul_point(P,hash((seed_y_2,fresh_y_2))),aead_enc(kdf(mul_point(mul_point(P,hash((seed_y_2,fresh_y_2))),hash((seed_x_2,fresh_x_2))),(ipk_3,responder_random_3,mul_point(P,hash((seed_y_2,fresh_y_2))),hash((mul_point(P,hash((seed_x_2,fresh_x_2))),initiator_random_3))),sigma2_info),(mul_point(P,responder_noc_key_3),sign(noc_signing_key,mul_point(P,responder_noc_key_3)),sign(responder_noc_key_3,(mul_point(P,responder_noc_key_3),mul_point(P,hash((seed_y_2,fresh_y_2))),mul_point(P,hash((seed_x_2,fresh_x_2))))),resumption_id_5),ncase_sigma2n,nil))))),sigma3_info),(mul_point(P,initiator_noc_key_3),sign(noc_signing_key,mul_point(P,initiator_noc_key_3)),sign(initiator_noc_key_3,(mul_point(P,initiator_noc_key_3),mul_point(P,hash((seed_x_2,fresh_x_2))),mul_point(P,hash((seed_y_2,fresh_y_2)))))),ncase_sigma3n,nil)))),resumption_prekey_info),(res_initiator_random_3,resumption_id_5),sigma1_resume),nil,resume1mic_nonce,nil) at {88} in copy a

new resumption_id_3: bitstring creating resumption_id_6 at {91} in copy a

out(c, (~M_25,~M_26)) with ~M_25 = resumption_id_6, ~M_26 = aead_enc(kdf(kdf(mul_point(mul_point(P,hash((seed_x_2,fresh_x_2))),hash((seed_y_2,fresh_y_2))),(ipk_3,hash(((mul_point(P,hash((seed_x_2,fresh_x_2))),initiator_random_3),(responder_random_3,mul_point(P,hash((seed_y_2,fresh_y_2))),aead_enc(kdf(mul_point(mul_point(P,hash((seed_x_2,fresh_x_2))),hash((seed_y_2,fresh_y_2))),(ipk_3,responder_random_3,mul_point(P,hash((seed_y_2,fresh_y_2))),hash((mul_point(P,hash((seed_x_2,fresh_x_2))),initiator_random_3))),sigma2_info),(mul_point(P,responder_noc_key_3),sign(noc_signing_key,mul_point(P,responder_noc_key_3)),sign(responder_noc_key_3,(mul_point(P,responder_noc_key_3),mul_point(P,hash((seed_y_2,fresh_y_2))),mul_point(P,hash((seed_x_2,fresh_x_2))))),resumption_id_5),ncase_sigma2n,nil)),aead_enc(kdf(mul_point(mul_point(P,hash((seed_y_2,fresh_y_2))),hash((seed_x_2,fresh_x_2))),(ipk_3,hash(((mul_point(P,hash((seed_x_2,fresh_x_2))),initiator_random_3),(responder_random_3,mul_point(P,hash((seed_y_2,fresh_y_2))),aead_enc(kdf(mul_point(mul_point(P,hash((seed_y_2,fresh_y_2))),hash((seed_x_2,fresh_x_2))),(ipk_3,responder_random_3,mul_point(P,hash((seed_y_2,fresh_y_2))),hash((mul_point(P,hash((seed_x_2,fresh_x_2))),initiator_random_3))),sigma2_info),(mul_point(P,responder_noc_key_3),sign(noc_signing_key,mul_point(P,responder_noc_key_3)),sign(responder_noc_key_3,(mul_point(P,responder_noc_key_3),mul_point(P,hash((seed_y_2,fresh_y_2))),mul_point(P,hash((seed_x_2,fresh_x_2))))),resumption_id_5),ncase_sigma2n,nil))))),sigma3_info),(mul_point(P,initiator_noc_key_3),sign(noc_signing_key,mul_point(P,initiator_noc_key_3)),sign(initiator_noc_key_3,(mul_point(P,initiator_noc_key_3),mul_point(P,hash((seed_x_2,fresh_x_2))),mul_point(P,hash((seed_y_2,fresh_y_2)))))),ncase_sigma3n,nil)))),resumption_prekey_info),(res_initiator_random_3,resumption_id_6),sigma2_resume),nil,resume2mic_nonce,nil) at {94} in copy a

out(c, ~M_27) with ~M_27 = enc(kdf(kdf(mul_point(mul_point(P,hash((seed_x_2,fresh_x_2))),hash((seed_y_2,fresh_y_2))),(ipk_3,hash(((mul_point(P,hash((seed_x_2,fresh_x_2))),initiator_random_3),(responder_random_3,mul_point(P,hash((seed_y_2,fresh_y_2))),aead_enc(kdf(mul_point(mul_point(P,hash((seed_x_2,fresh_x_2))),hash((seed_y_2,fresh_y_2))),(ipk_3,responder_random_3,mul_point(P,hash((seed_y_2,fresh_y_2))),hash((mul_point(P,hash((seed_x_2,fresh_x_2))),initiator_random_3))),sigma2_info),(mul_point(P,responder_noc_key_3),sign(noc_signing_key,mul_point(P,responder_noc_key_3)),sign(responder_noc_key_3,(mul_point(P,responder_noc_key_3),mul_point(P,hash((seed_y_2,fresh_y_2))),mul_point(P,hash((seed_x_2,fresh_x_2))))),resumption_id_5),ncase_sigma2n,nil)),aead_enc(kdf(mul_point(mul_point(P,hash((seed_y_2,fresh_y_2))),hash((seed_x_2,fresh_x_2))),(ipk_3,hash(((mul_point(P,hash((seed_x_2,fresh_x_2))),initiator_random_3),(responder_random_3,mul_point(P,hash((seed_y_2,fresh_y_2))),aead_enc(kdf(mul_point(mul_point(P,hash((seed_y_2,fresh_y_2))),hash((seed_x_2,fresh_x_2))),(ipk_3,responder_random_3,mul_point(P,hash((seed_y_2,fresh_y_2))),hash((mul_point(P,hash((seed_x_2,fresh_x_2))),initiator_random_3))),sigma2_info),(mul_point(P,responder_noc_key_3),sign(noc_signing_key,mul_point(P,responder_noc_key_3)),sign(responder_noc_key_3,(mul_point(P,responder_noc_key_3),mul_point(P,hash((seed_y_2,fresh_y_2))),mul_point(P,hash((seed_x_2,fresh_x_2))))),resumption_id_5),ncase_sigma2n,nil))))),sigma3_info),(mul_point(P,initiator_noc_key_3),sign(noc_signing_key,mul_point(P,initiator_noc_key_3)),sign(initiator_noc_key_3,(mul_point(P,initiator_noc_key_3),mul_point(P,hash((seed_x_2,fresh_x_2))),mul_point(P,hash((seed_y_2,fresh_y_2)))))),ncase_sigma3n,nil)))),resumption_prekey_info),(res_initiator_random_3,resumption_id_6),sessionresumptionkeys),q_resumption_session_keys_r) at {96} in copy a

new dummy_1: bitstring creating dummy_3 at {97} in copy a

event did_not_reach_end_responder(dummy_3) at {98} in copy a (goal)

The event did_not_reach_end_responder(dummy_3) is executed at {98} in copy a.
A trace has been found.
RESULT not event(did_not_reach_end_responder(x_1)) is false.

--------------------------------------------------------------
Verification summary:

Query inj-event(responder_end(noc,k,r)) ==> inj-event(start_session_with_responder(k,r)) && inj-event(accept_responder_identity(noc,k,r)) is true.

Query inj-event(initiator_end(noc,k,r)) ==> inj-event(start_session_with_initiator(k,r)) is true.

Query not attacker_p2(q_id_i_i[]) is true.

Query not attacker_p2(q_id_i_r[]) is true.

Query not attacker_p2(q_id_r_i[]) is true.

Query not attacker_p2(q_id_r_r[]) is true.

Query not attacker_p2(q_eph_x[]) is false.

Query not attacker_p2(q_eph_y[]) is false.

Query not attacker_p2(q_shared_secret_i[]) is false.

Query not attacker_p2(q_shared_secret_r[]) is false.

Query not attacker_p2(q_session_keys_i[]) is true.

Query not attacker_p2(q_session_keys_r[]) is true.

Query not attacker_p2(q_resumption_prekeys_i[]) is true.

Query not attacker_p2(q_resumption_prekeys_r[]) is true.

Query not attacker_p2(q_resumption_session_keys_i[]) is true.

Query not attacker_p2(q_resumption_session_keys_r[]) is true.

Query not event(did_not_reach_end_initiator(x_1)) is false.

Query not event(did_not_reach_end_responder(x_1)) is false.

--------------------------------------------------------------

