File "case-resumption_leak_y.pv", line 280, characters 44-56:
Warning: identifier resumption_id rebound.
File "case-resumption_leak_y.pv", line 283, characters 9-21:
Warning: identifier resumption_id rebound.
Linear part:
mul_point(mul_point(P,a),b) = mul_point(mul_point(P,b),a)
Completing equations...
Completed equations:
mul_point(mul_point(P,a),b) = mul_point(mul_point(P,b),a)
Convergent part: No equation.
Process 0 (that is, the initial process):
{1}new ipk: key;
{2}new seed_x: bitstring;
{3}new seed_y: bitstring;
{4}let noc_verification_key: group = mul_point(P,noc_signing_key) in
{5}out(c, noc_verification_key);
(
    {6}!
    {7}new initiator_noc_key: key;
    {8}let initiator_noc: group = mul_point(P,initiator_noc_key) in
    {9}let initiator_noc_signature: bitstring = sign(noc_signing_key,initiator_noc) in
    {10}let seed_x_1: bitstring = seed_x in
    {11}let initiator_noc_key_1: key = initiator_noc_key in
    {12}let ipk_1: key = ipk in
    {13}new fresh_x: bitstring;
    {14}let x: bitstring = hash((seed_x_1,fresh_x)) in
    {15}new initiator_random: bitstring;
    {16}let gx: group = mul_point(P,x) in
    {17}let msg1: bitstring = (gx,initiator_random) in
    {18}out(c, msg1);
    {19}in(c, msg2: bitstring);
    {20}let (responder_random: bitstring,gy: group,cb: bitstring) = msg2 in
    {21}event start_session_with_responder(gy,responder_random);
    {22}let shared_secret: group = mul_point(gy,x) in
    {23}let s2k: key = kdf(shared_secret,(ipk_1,responder_random,gy,hash(msg1)),sigma2_info) in
    {24}let (responder_noc: group,responder_noc_signature: bitstring,sig_b: bitstring,resumption_id: bitstring) = aead_dec(s2k,cb,ncase_sigma2n,nil) in
    {25}if (sign_verif(noc_verification_key,responder_noc_signature,responder_noc) && sign_verif(responder_noc,sig_b,(responder_noc,gy,gx))) then
    {26}event accept_responder_identity(responder_noc,gy,responder_random);
    {27}let sig_i: bitstring = sign(initiator_noc_key_1,(initiator_noc,gx,gy)) in
    {28}let s3k: key = kdf(shared_secret,(ipk_1,hash((msg1,msg2))),sigma3_info) in
    {29}let msg3: bitstring = aead_enc(s3k,(initiator_noc,initiator_noc_signature,sig_i),ncase_sigma3n,nil) in
    {30}out(c, msg3);
    {31}let keys: key = kdf(shared_secret,(ipk_1,hash((msg1,msg2,msg3))),sekeys_info) in
    {32}event initiator_end(initiator_noc,gx,initiator_random);
    {33}out(c, enc(initiator_noc,q_id_i_i));
    {34}out(c, enc(responder_noc,q_id_r_i));
    {35}out(c, fresh_x);
    {36}out(c, enc(x,q_eph_x));
    {37}out(c, enc(shared_secret,q_shared_secret_i));
    {38}out(c, enc(keys,q_session_keys_i));
    {39}new res_initiator_random: bitstring;
    {40}let s1rk: key = kdf(shared_secret,(res_initiator_random,resumption_id),sigma1_resume) in
    {41}let initiator_resume1_mic: bitstring = aead_enc(s1rk,nil,resume1mic_nonce,nil) in
    {42}out(c, (res_initiator_random,resumption_id,initiator_resume1_mic));
    {43}in(c, (res_resumption_id: bitstring,responder_resume2_mic: bitstring));
    {44}let s2rk: key = kdf(shared_secret,(res_initiator_random,res_resumption_id),sigma2_resume) in
    {45}let ignored_v: bitstring = aead_dec(s2rk,responder_resume2_mic,resume2mic_nonce,nil) in
    {46}let resumption_keys: key = kdf(shared_secret,(res_initiator_random,res_resumption_id),sessionresumptionkeys) in
    {47}out(c, enc(resumption_keys,q_resumption_session_keys_i));
    {48}new dummy: bitstring;
    {49}event did_not_reach_end_initiator(dummy)
) | (
    {50}!
    {51}new responder_noc_key: key;
    {52}let responder_noc_1: group = mul_point(P,responder_noc_key) in
    {53}let responder_noc_signature_1: bitstring = sign(noc_signing_key,responder_noc_1) in
    {54}let seed_y_1: bitstring = seed_y in
    {55}let responder_noc_key_1: key = responder_noc_key in
    {56}let ipk_2: key = ipk in
    {57}in(c, msg1_1: bitstring);
    {58}let (gx_1: group,initiator_random_1: bitstring) = msg1_1 in
    {59}event start_session_with_initiator(gx_1,initiator_random_1);
    {60}new fresh_y: bitstring;
    {61}let y: bitstring = hash((seed_y_1,fresh_y)) in
    {62}new responder_random_1: bitstring;
    {63}new resumption_id_1: bitstring;
    {64}let gy_1: group = mul_point(P,y) in
    {65}let shared_secret_1: group = mul_point(gx_1,y) in
    {66}let s2k_1: key = kdf(shared_secret_1,(ipk_2,responder_random_1,gy_1,hash(msg1_1)),sigma2_info) in
    {67}let sig_r: bitstring = sign(responder_noc_key_1,(responder_noc_1,gy_1,gx_1)) in
    {68}let c_r: bitstring = aead_enc(s2k_1,(responder_noc_1,responder_noc_signature_1,sig_r,resumption_id_1),ncase_sigma2n,nil) in
    {69}let msg2_1: bitstring = (responder_random_1,gy_1,c_r) in
    {70}out(c, msg2_1);
    {71}in(c, msg3_1: bitstring);
    {72}let s3k_1: key = kdf(shared_secret_1,(ipk_2,hash((msg1_1,msg2_1))),sigma3_info) in
    {73}let (initiator_noc_1: group,initiator_noc_signature_1: bitstring,sig_i_1: bitstring) = aead_dec(s3k_1,msg3_1,ncase_sigma3n,nil) in
    {74}if (sign_verif(noc_verification_key,initiator_noc_signature_1,initiator_noc_1) && sign_verif(initiator_noc_1,sig_i_1,(initiator_noc_1,gx_1,gy_1))) then
    {75}let keys_1: key = kdf(shared_secret_1,(ipk_2,hash((msg1_1,msg2_1,msg3_1))),sekeys_info) in
    {76}out(c, sigma_finished);
    {77}event responder_end(responder_noc_1,gy_1,responder_random_1);
    {78}out(c, enc(initiator_noc_1,q_id_i_r));
    {79}out(c, enc(responder_noc_1,q_id_r_r));
    {80}out(c, fresh_y);
    {81}out(c, enc(y,q_eph_y));
    {82}out(c, enc(shared_secret_1,q_shared_secret_r));
    {83}out(c, enc(keys_1,q_session_keys_r));
    {84}in(c, (res_initiator_random_1: bitstring,resumption_id_2: bitstring,initiator_resume1_mic_1: bitstring));
    {85}let s1rk_1: key = kdf(shared_secret_1,(res_initiator_random_1,resumption_id_2),sigma1_resume) in
    {86}let ignored_v_1: bitstring = aead_dec(s1rk_1,initiator_resume1_mic_1,resume1mic_nonce,nil) in
    {87}new resumption_id_3: bitstring;
    {88}let s2rk_1: key = kdf(shared_secret_1,(res_initiator_random_1,resumption_id_3),sigma2_resume) in
    {89}let responder_resume2_mic_1: bitstring = aead_enc(s2rk_1,nil,resume2mic_nonce,nil) in
    {90}out(c, (resumption_id_3,responder_resume2_mic_1));
    {91}let resumption_keys_1: key = kdf(shared_secret_1,(res_initiator_random_1,resumption_id_3),sessionresumptionkeys) in
    {92}out(c, enc(resumption_keys_1,q_resumption_session_keys_r));
    {93}new dummy_1: bitstring;
    {94}event did_not_reach_end_responder(dummy_1)
) | (
    {95}!
    {96}phase 1;
    {97}out(c, seed_y)
)

--  Process 1 (that is, process 0, with let moved downwards):
{1}new ipk: key;
{2}new seed_x: bitstring;
{3}new seed_y: bitstring;
{4}let noc_verification_key: group = mul_point(P,noc_signing_key) in
{5}out(c, noc_verification_key);
(
    {6}!
    {7}new initiator_noc_key: key;
    {13}new fresh_x: bitstring;
    {15}new initiator_random: bitstring;
    {10}let seed_x_1: bitstring = seed_x in
    {14}let x: bitstring = hash((seed_x_1,fresh_x)) in
    {16}let gx: group = mul_point(P,x) in
    {17}let msg1: bitstring = (gx,initiator_random) in
    {18}out(c, msg1);
    {19}in(c, msg2: bitstring);
    {20}let (responder_random: bitstring,gy: group,cb: bitstring) = msg2 in
    {21}event start_session_with_responder(gy,responder_random);
    {22}let shared_secret: group = mul_point(gy,x) in
    {12}let ipk_1: key = ipk in
    {23}let s2k: key = kdf(shared_secret,(ipk_1,responder_random,gy,hash(msg1)),sigma2_info) in
    {24}let (responder_noc: group,responder_noc_signature: bitstring,sig_b: bitstring,resumption_id: bitstring) = aead_dec(s2k,cb,ncase_sigma2n,nil) in
    {25}if (sign_verif(noc_verification_key,responder_noc_signature,responder_noc) && sign_verif(responder_noc,sig_b,(responder_noc,gy,gx))) then
    {26}event accept_responder_identity(responder_noc,gy,responder_random);
    {28}let s3k: key = kdf(shared_secret,(ipk_1,hash((msg1,msg2))),sigma3_info) in
    {11}let initiator_noc_key_1: key = initiator_noc_key in
    {8}let initiator_noc: group = mul_point(P,initiator_noc_key) in
    {27}let sig_i: bitstring = sign(initiator_noc_key_1,(initiator_noc,gx,gy)) in
    {9}let initiator_noc_signature: bitstring = sign(noc_signing_key,initiator_noc) in
    {29}let msg3: bitstring = aead_enc(s3k,(initiator_noc,initiator_noc_signature,sig_i),ncase_sigma3n,nil) in
    {30}out(c, msg3);
    {32}event initiator_end(initiator_noc,gx,initiator_random);
    {33}out(c, enc(initiator_noc,q_id_i_i));
    {34}out(c, enc(responder_noc,q_id_r_i));
    {35}out(c, fresh_x);
    {36}out(c, enc(x,q_eph_x));
    {37}out(c, enc(shared_secret,q_shared_secret_i));
    {31}let keys: key = kdf(shared_secret,(ipk_1,hash((msg1,msg2,msg3))),sekeys_info) in
    {38}out(c, enc(keys,q_session_keys_i));
    {39}new res_initiator_random: bitstring;
    {40}let s1rk: key = kdf(shared_secret,(res_initiator_random,resumption_id),sigma1_resume) in
    {41}let initiator_resume1_mic: bitstring = aead_enc(s1rk,nil,resume1mic_nonce,nil) in
    {42}out(c, (res_initiator_random,resumption_id,initiator_resume1_mic));
    {43}in(c, (res_resumption_id: bitstring,responder_resume2_mic: bitstring));
    {44}let s2rk: key = kdf(shared_secret,(res_initiator_random,res_resumption_id),sigma2_resume) in
    {45}let ignored_v: bitstring = aead_dec(s2rk,responder_resume2_mic,resume2mic_nonce,nil) in
    {46}let resumption_keys: key = kdf(shared_secret,(res_initiator_random,res_resumption_id),sessionresumptionkeys) in
    {47}out(c, enc(resumption_keys,q_resumption_session_keys_i));
    {48}new dummy: bitstring;
    {49}event did_not_reach_end_initiator(dummy)
) | (
    {50}!
    {51}new responder_noc_key: key;
    {57}in(c, msg1_1: bitstring);
    {58}let (gx_1: group,initiator_random_1: bitstring) = msg1_1 in
    {59}event start_session_with_initiator(gx_1,initiator_random_1);
    {60}new fresh_y: bitstring;
    {62}new responder_random_1: bitstring;
    {63}new resumption_id_1: bitstring;
    {54}let seed_y_1: bitstring = seed_y in
    {61}let y: bitstring = hash((seed_y_1,fresh_y)) in
    {64}let gy_1: group = mul_point(P,y) in
    {55}let responder_noc_key_1: key = responder_noc_key in
    {52}let responder_noc_1: group = mul_point(P,responder_noc_key) in
    {67}let sig_r: bitstring = sign(responder_noc_key_1,(responder_noc_1,gy_1,gx_1)) in
    {65}let shared_secret_1: group = mul_point(gx_1,y) in
    {56}let ipk_2: key = ipk in
    {66}let s2k_1: key = kdf(shared_secret_1,(ipk_2,responder_random_1,gy_1,hash(msg1_1)),sigma2_info) in
    {53}let responder_noc_signature_1: bitstring = sign(noc_signing_key,responder_noc_1) in
    {68}let c_r: bitstring = aead_enc(s2k_1,(responder_noc_1,responder_noc_signature_1,sig_r,resumption_id_1),ncase_sigma2n,nil) in
    {69}let msg2_1: bitstring = (responder_random_1,gy_1,c_r) in
    {70}out(c, msg2_1);
    {71}in(c, msg3_1: bitstring);
    {72}let s3k_1: key = kdf(shared_secret_1,(ipk_2,hash((msg1_1,msg2_1))),sigma3_info) in
    {73}let (initiator_noc_1: group,initiator_noc_signature_1: bitstring,sig_i_1: bitstring) = aead_dec(s3k_1,msg3_1,ncase_sigma3n,nil) in
    {74}if (sign_verif(noc_verification_key,initiator_noc_signature_1,initiator_noc_1) && sign_verif(initiator_noc_1,sig_i_1,(initiator_noc_1,gx_1,gy_1))) then
    {76}out(c, sigma_finished);
    {77}event responder_end(responder_noc_1,gy_1,responder_random_1);
    {78}out(c, enc(initiator_noc_1,q_id_i_r));
    {79}out(c, enc(responder_noc_1,q_id_r_r));
    {80}out(c, fresh_y);
    {81}out(c, enc(y,q_eph_y));
    {82}out(c, enc(shared_secret_1,q_shared_secret_r));
    {75}let keys_1: key = kdf(shared_secret_1,(ipk_2,hash((msg1_1,msg2_1,msg3_1))),sekeys_info) in
    {83}out(c, enc(keys_1,q_session_keys_r));
    {84}in(c, (res_initiator_random_1: bitstring,resumption_id_2: bitstring,initiator_resume1_mic_1: bitstring));
    {85}let s1rk_1: key = kdf(shared_secret_1,(res_initiator_random_1,resumption_id_2),sigma1_resume) in
    {86}let ignored_v_1: bitstring = aead_dec(s1rk_1,initiator_resume1_mic_1,resume1mic_nonce,nil) in
    {87}new resumption_id_3: bitstring;
    {88}let s2rk_1: key = kdf(shared_secret_1,(res_initiator_random_1,resumption_id_3),sigma2_resume) in
    {89}let responder_resume2_mic_1: bitstring = aead_enc(s2rk_1,nil,resume2mic_nonce,nil) in
    {90}out(c, (resumption_id_3,responder_resume2_mic_1));
    {91}let resumption_keys_1: key = kdf(shared_secret_1,(res_initiator_random_1,resumption_id_3),sessionresumptionkeys) in
    {92}out(c, enc(resumption_keys_1,q_resumption_session_keys_r));
    {93}new dummy_1: bitstring;
    {94}event did_not_reach_end_responder(dummy_1)
) | (
    {95}!
    {96}phase 1;
    {97}out(c, seed_y)
)

-- Query inj-event(responder_end(noc,k,r)) ==> inj-event(start_session_with_responder(k,r)) && inj-event(accept_responder_identity(noc,k,r)) in process 1.
Translating the process into Horn clauses...
Completing...
200 rules inserted. Base: 188 rules (76 with conclusion selected). Queue: 104 rules.
400 rules inserted. Base: 360 rules (80 with conclusion selected). Queue: 184 rules.
600 rules inserted. Base: 458 rules (80 with conclusion selected). Queue: 238 rules.
800 rules inserted. Base: 566 rules (80 with conclusion selected). Queue: 263 rules.
1000 rules inserted. Base: 689 rules (100 with conclusion selected). Queue: 283 rules.
1200 rules inserted. Base: 766 rules (100 with conclusion selected). Queue: 280 rules.
1400 rules inserted. Base: 914 rules (100 with conclusion selected). Queue: 295 rules.
1600 rules inserted. Base: 1021 rules (100 with conclusion selected). Queue: 292 rules.
1800 rules inserted. Base: 1146 rules (107 with conclusion selected). Queue: 255 rules.
2000 rules inserted. Base: 1221 rules (114 with conclusion selected). Queue: 244 rules.
2200 rules inserted. Base: 1268 rules (114 with conclusion selected). Queue: 247 rules.
2400 rules inserted. Base: 1339 rules (117 with conclusion selected). Queue: 239 rules.
2600 rules inserted. Base: 1442 rules (121 with conclusion selected). Queue: 256 rules.
2800 rules inserted. Base: 1504 rules (121 with conclusion selected). Queue: 265 rules.
3000 rules inserted. Base: 1619 rules (123 with conclusion selected). Queue: 220 rules.
3200 rules inserted. Base: 1706 rules (124 with conclusion selected). Queue: 219 rules.
3400 rules inserted. Base: 1787 rules (125 with conclusion selected). Queue: 193 rules.
3600 rules inserted. Base: 1889 rules (126 with conclusion selected). Queue: 151 rules.
3800 rules inserted. Base: 1935 rules (126 with conclusion selected). Queue: 101 rules.
4000 rules inserted. Base: 1940 rules (128 with conclusion selected). Queue: 45 rules.
ok, secrecy assumption verified: fact unreachable attacker_p1(q_id_i_i[])
ok, secrecy assumption verified: fact unreachable attacker(q_id_i_i[])
ok, secrecy assumption verified: fact unreachable attacker_p1(q_id_i_r[])
ok, secrecy assumption verified: fact unreachable attacker(q_id_i_r[])
ok, secrecy assumption verified: fact unreachable attacker_p1(q_id_r_i[])
ok, secrecy assumption verified: fact unreachable attacker(q_id_r_i[])
ok, secrecy assumption verified: fact unreachable attacker_p1(q_id_r_r[])
ok, secrecy assumption verified: fact unreachable attacker(q_id_r_r[])
ok, secrecy assumption verified: fact unreachable attacker_p1(q_eph_x[])
ok, secrecy assumption verified: fact unreachable attacker(q_eph_x[])
ok, secrecy assumption verified: fact unreachable attacker(q_eph_y[])
ok, secrecy assumption verified: fact unreachable attacker(q_shared_secret_i[])
ok, secrecy assumption verified: fact unreachable attacker(q_shared_secret_r[])
ok, secrecy assumption verified: fact unreachable attacker_p1(q_session_keys_i[])
ok, secrecy assumption verified: fact unreachable attacker(q_session_keys_i[])
ok, secrecy assumption verified: fact unreachable attacker_p1(q_session_keys_r[])
ok, secrecy assumption verified: fact unreachable attacker(q_session_keys_r[])
ok, secrecy assumption verified: fact unreachable attacker(q_resumption_session_keys_i[])
ok, secrecy assumption verified: fact unreachable attacker(q_resumption_session_keys_r[])
Starting query inj-event(responder_end(noc,k,r)) ==> inj-event(start_session_with_responder(k,r)) && inj-event(accept_responder_identity(noc,k,r))
goal reachable: b-inj-event(accept_responder_identity(mul_point(P,responder_noc_key_2),mul_point(P,hash((seed_y[],fresh_y_1))),responder_random_2),@occ26_1) && b-inj-event(start_session_with_responder(mul_point(P,hash((seed_y[],fresh_y_1))),responder_random_2),@occ21_1) -> inj-event(responder_end(mul_point(P,responder_noc_key_2),mul_point(P,hash((seed_y[],fresh_y_1))),responder_random_2),@occ77_1)
The 1st, 2nd hypotheses occur strictly before the conclusion.
Abbreviations:
responder_noc_key_2 = responder_noc_key[!1 = @sid]
fresh_x_1 = fresh_x[!1 = @sid_1]
initiator_random_2 = initiator_random[!1 = @sid_1]
fresh_y_1 = fresh_y[msg1_1 = (mul_point(P,hash((seed_x[],fresh_x_1))),initiator_random_2),!1 = @sid]
responder_random_2 = responder_random_1[msg1_1 = (mul_point(P,hash((seed_x[],fresh_x_1))),initiator_random_2),!1 = @sid]
resumption_id_4 = resumption_id_1[msg1_1 = (mul_point(P,hash((seed_x[],fresh_x_1))),initiator_random_2),!1 = @sid]
initiator_noc_key_2 = initiator_noc_key[!1 = @sid_1]
@occ77_1 = @occ77[msg3_1 = aead_enc(kdf(mul_point(mul_point(P,hash((seed_y[],fresh_y_1))),hash((seed_x[],fresh_x_1))),(ipk[],hash(((mul_point(P,hash((seed_x[],fresh_x_1))),initiator_random_2),(responder_random_2,mul_point(P,hash((seed_y[],fresh_y_1))),aead_enc(kdf(mul_point(mul_point(P,hash((seed_y[],fresh_y_1))),hash((seed_x[],fresh_x_1))),(ipk[],responder_random_2,mul_point(P,hash((seed_y[],fresh_y_1))),hash((mul_point(P,hash((seed_x[],fresh_x_1))),initiator_random_2))),sigma2_info),(mul_point(P,responder_noc_key_2),sign(noc_signing_key[],mul_point(P,responder_noc_key_2)),sign(responder_noc_key_2,(mul_point(P,responder_noc_key_2),mul_point(P,hash((seed_y[],fresh_y_1))),mul_point(P,hash((seed_x[],fresh_x_1))))),resumption_id_4),ncase_sigma2n,nil))))),sigma3_info),(mul_point(P,initiator_noc_key_2),sign(noc_signing_key[],mul_point(P,initiator_noc_key_2)),sign(initiator_noc_key_2,(mul_point(P,initiator_noc_key_2),mul_point(P,hash((seed_x[],fresh_x_1))),mul_point(P,hash((seed_y[],fresh_y_1)))))),ncase_sigma3n,nil),msg1_1 = (mul_point(P,hash((seed_x[],fresh_x_1))),initiator_random_2),!1 = @sid]
@occ26_1 = @occ26[msg2 = (responder_random_2,mul_point(P,hash((seed_y[],fresh_y_1))),aead_enc(kdf(mul_point(mul_point(P,hash((seed_y[],fresh_y_1))),hash((seed_x[],fresh_x_1))),(ipk[],responder_random_2,mul_point(P,hash((seed_y[],fresh_y_1))),hash((mul_point(P,hash((seed_x[],fresh_x_1))),initiator_random_2))),sigma2_info),(mul_point(P,responder_noc_key_2),sign(noc_signing_key[],mul_point(P,responder_noc_key_2)),sign(responder_noc_key_2,(mul_point(P,responder_noc_key_2),mul_point(P,hash((seed_y[],fresh_y_1))),mul_point(P,hash((seed_x[],fresh_x_1))))),resumption_id_4),ncase_sigma2n,nil)),!1 = @sid_1]
@occ21_1 = @occ21[msg2 = (responder_random_2,mul_point(P,hash((seed_y[],fresh_y_1))),aead_enc(kdf(mul_point(mul_point(P,hash((seed_y[],fresh_y_1))),hash((seed_x[],fresh_x_1))),(ipk[],responder_random_2,mul_point(P,hash((seed_y[],fresh_y_1))),hash((mul_point(P,hash((seed_x[],fresh_x_1))),initiator_random_2))),sigma2_info),(mul_point(P,responder_noc_key_2),sign(noc_signing_key[],mul_point(P,responder_noc_key_2)),sign(responder_noc_key_2,(mul_point(P,responder_noc_key_2),mul_point(P,hash((seed_y[],fresh_y_1))),mul_point(P,hash((seed_x[],fresh_x_1))))),resumption_id_4),ncase_sigma2n,nil)),!1 = @sid_1]
RESULT inj-event(responder_end(noc,k,r)) ==> inj-event(start_session_with_responder(k,r)) && inj-event(accept_responder_identity(noc,k,r)) is true.
-- Query inj-event(initiator_end(noc,k,r)) ==> inj-event(start_session_with_initiator(k,r)) in process 1.
Translating the process into Horn clauses...
Completing...
200 rules inserted. Base: 192 rules (76 with conclusion selected). Queue: 101 rules.
400 rules inserted. Base: 367 rules (80 with conclusion selected). Queue: 192 rules.
600 rules inserted. Base: 459 rules (80 with conclusion selected). Queue: 233 rules.
800 rules inserted. Base: 566 rules (80 with conclusion selected). Queue: 237 rules.
1000 rules inserted. Base: 705 rules (97 with conclusion selected). Queue: 260 rules.
1200 rules inserted. Base: 799 rules (97 with conclusion selected). Queue: 287 rules.
1400 rules inserted. Base: 927 rules (97 with conclusion selected). Queue: 268 rules.
1600 rules inserted. Base: 1063 rules (100 with conclusion selected). Queue: 250 rules.
1800 rules inserted. Base: 1214 rules (109 with conclusion selected). Queue: 240 rules.
2000 rules inserted. Base: 1273 rules (109 with conclusion selected). Queue: 242 rules.
2200 rules inserted. Base: 1354 rules (109 with conclusion selected). Queue: 265 rules.
2400 rules inserted. Base: 1459 rules (112 with conclusion selected). Queue: 235 rules.
2600 rules inserted. Base: 1560 rules (117 with conclusion selected). Queue: 202 rules.
2800 rules inserted. Base: 1679 rules (118 with conclusion selected). Queue: 169 rules.
3000 rules inserted. Base: 1786 rules (119 with conclusion selected). Queue: 142 rules.
3200 rules inserted. Base: 1893 rules (120 with conclusion selected). Queue: 131 rules.
3400 rules inserted. Base: 1998 rules (121 with conclusion selected). Queue: 87 rules.
3600 rules inserted. Base: 2092 rules (123 with conclusion selected). Queue: 35 rules.
ok, secrecy assumption verified: fact unreachable attacker_p1(q_id_i_i[])
ok, secrecy assumption verified: fact unreachable attacker(q_id_i_i[])
ok, secrecy assumption verified: fact unreachable attacker_p1(q_id_i_r[])
ok, secrecy assumption verified: fact unreachable attacker(q_id_i_r[])
ok, secrecy assumption verified: fact unreachable attacker_p1(q_id_r_i[])
ok, secrecy assumption verified: fact unreachable attacker(q_id_r_i[])
ok, secrecy assumption verified: fact unreachable attacker_p1(q_id_r_r[])
ok, secrecy assumption verified: fact unreachable attacker(q_id_r_r[])
ok, secrecy assumption verified: fact unreachable attacker_p1(q_eph_x[])
ok, secrecy assumption verified: fact unreachable attacker(q_eph_x[])
ok, secrecy assumption verified: fact unreachable attacker(q_eph_y[])
ok, secrecy assumption verified: fact unreachable attacker(q_shared_secret_i[])
ok, secrecy assumption verified: fact unreachable attacker(q_shared_secret_r[])
ok, secrecy assumption verified: fact unreachable attacker_p1(q_session_keys_i[])
ok, secrecy assumption verified: fact unreachable attacker(q_session_keys_i[])
ok, secrecy assumption verified: fact unreachable attacker_p1(q_session_keys_r[])
ok, secrecy assumption verified: fact unreachable attacker(q_session_keys_r[])
ok, secrecy assumption verified: fact unreachable attacker(q_resumption_session_keys_i[])
ok, secrecy assumption verified: fact unreachable attacker(q_resumption_session_keys_r[])
Starting query inj-event(initiator_end(noc,k,r)) ==> inj-event(start_session_with_initiator(k,r))
goal reachable: b-inj-event(start_session_with_initiator(mul_point(P,hash((seed_x[],fresh_x_1))),initiator_random_2),@occ59_1) -> inj-event(initiator_end(mul_point(P,initiator_noc_key_2),mul_point(P,hash((seed_x[],fresh_x_1))),initiator_random_2),@occ32_1)
The hypothesis occurs strictly before the conclusion.
Abbreviations:
initiator_noc_key_2 = initiator_noc_key[!1 = @sid]
fresh_x_1 = fresh_x[!1 = @sid]
initiator_random_2 = initiator_random[!1 = @sid]
responder_random_2 = responder_random_1[msg1_1 = (mul_point(P,hash((seed_x[],fresh_x_1))),initiator_random_2),!1 = @sid_1]
fresh_y_1 = fresh_y[msg1_1 = (mul_point(P,hash((seed_x[],fresh_x_1))),initiator_random_2),!1 = @sid_1]
responder_noc_key_2 = responder_noc_key[!1 = @sid_1]
resumption_id_4 = resumption_id_1[msg1_1 = (mul_point(P,hash((seed_x[],fresh_x_1))),initiator_random_2),!1 = @sid_1]
@occ32_1 = @occ32[msg2 = (responder_random_2,mul_point(P,hash((seed_y[],fresh_y_1))),aead_enc(kdf(mul_point(mul_point(P,hash((seed_y[],fresh_y_1))),hash((seed_x[],fresh_x_1))),(ipk[],responder_random_2,mul_point(P,hash((seed_y[],fresh_y_1))),hash((mul_point(P,hash((seed_x[],fresh_x_1))),initiator_random_2))),sigma2_info),(mul_point(P,responder_noc_key_2),sign(noc_signing_key[],mul_point(P,responder_noc_key_2)),sign(responder_noc_key_2,(mul_point(P,responder_noc_key_2),mul_point(P,hash((seed_y[],fresh_y_1))),mul_point(P,hash((seed_x[],fresh_x_1))))),resumption_id_4),ncase_sigma2n,nil)),!1 = @sid]
@occ59_1 = @occ59[msg1_1 = (mul_point(P,hash((seed_x[],fresh_x_1))),initiator_random_2),!1 = @sid_1]
RESULT inj-event(initiator_end(noc,k,r)) ==> inj-event(start_session_with_initiator(k,r)) is true.
-- Query not attacker_p1(q_id_i_i[]) in process 1.
Translating the process into Horn clauses...
Completing...
200 rules inserted. Base: 193 rules (76 with conclusion selected). Queue: 99 rules.
400 rules inserted. Base: 368 rules (80 with conclusion selected). Queue: 187 rules.
600 rules inserted. Base: 459 rules (80 with conclusion selected). Queue: 211 rules.
800 rules inserted. Base: 540 rules (85 with conclusion selected). Queue: 225 rules.
1000 rules inserted. Base: 665 rules (95 with conclusion selected). Queue: 250 rules.
1200 rules inserted. Base: 772 rules (95 with conclusion selected). Queue: 237 rules.
1400 rules inserted. Base: 872 rules (95 with conclusion selected). Queue: 218 rules.
1600 rules inserted. Base: 1001 rules (103 with conclusion selected). Queue: 199 rules.
1800 rules inserted. Base: 978 rules (103 with conclusion selected). Queue: 184 rules.
2000 rules inserted. Base: 1065 rules (103 with conclusion selected). Queue: 176 rules.
2200 rules inserted. Base: 1175 rules (110 with conclusion selected). Queue: 184 rules.
2400 rules inserted. Base: 1279 rules (111 with conclusion selected). Queue: 157 rules.
2600 rules inserted. Base: 1375 rules (112 with conclusion selected). Queue: 139 rules.
2800 rules inserted. Base: 1493 rules (112 with conclusion selected). Queue: 100 rules.
3000 rules inserted. Base: 1498 rules (114 with conclusion selected). Queue: 46 rules.
ok, secrecy assumption verified: fact unreachable attacker_p1(q_id_i_i[])
ok, secrecy assumption verified: fact unreachable attacker(q_id_i_i[])
ok, secrecy assumption verified: fact unreachable attacker_p1(q_id_i_r[])
ok, secrecy assumption verified: fact unreachable attacker(q_id_i_r[])
ok, secrecy assumption verified: fact unreachable attacker_p1(q_id_r_i[])
ok, secrecy assumption verified: fact unreachable attacker(q_id_r_i[])
ok, secrecy assumption verified: fact unreachable attacker_p1(q_id_r_r[])
ok, secrecy assumption verified: fact unreachable attacker(q_id_r_r[])
ok, secrecy assumption verified: fact unreachable attacker_p1(q_eph_x[])
ok, secrecy assumption verified: fact unreachable attacker(q_eph_x[])
ok, secrecy assumption verified: fact unreachable attacker(q_eph_y[])
ok, secrecy assumption verified: fact unreachable attacker(q_shared_secret_i[])
ok, secrecy assumption verified: fact unreachable attacker(q_shared_secret_r[])
ok, secrecy assumption verified: fact unreachable attacker_p1(q_session_keys_i[])
ok, secrecy assumption verified: fact unreachable attacker(q_session_keys_i[])
ok, secrecy assumption verified: fact unreachable attacker_p1(q_session_keys_r[])
ok, secrecy assumption verified: fact unreachable attacker(q_session_keys_r[])
ok, secrecy assumption verified: fact unreachable attacker(q_resumption_session_keys_i[])
ok, secrecy assumption verified: fact unreachable attacker(q_resumption_session_keys_r[])
Starting query not attacker_p1(q_id_i_i[])
RESULT not attacker_p1(q_id_i_i[]) is true.
-- Query not attacker_p1(q_id_i_r[]) in process 1.
Translating the process into Horn clauses...
Completing...
200 rules inserted. Base: 193 rules (76 with conclusion selected). Queue: 99 rules.
400 rules inserted. Base: 368 rules (80 with conclusion selected). Queue: 187 rules.
600 rules inserted. Base: 459 rules (80 with conclusion selected). Queue: 211 rules.
800 rules inserted. Base: 540 rules (85 with conclusion selected). Queue: 225 rules.
1000 rules inserted. Base: 665 rules (95 with conclusion selected). Queue: 250 rules.
1200 rules inserted. Base: 772 rules (95 with conclusion selected). Queue: 237 rules.
1400 rules inserted. Base: 872 rules (95 with conclusion selected). Queue: 218 rules.
1600 rules inserted. Base: 1001 rules (103 with conclusion selected). Queue: 199 rules.
1800 rules inserted. Base: 978 rules (103 with conclusion selected). Queue: 184 rules.
2000 rules inserted. Base: 1065 rules (103 with conclusion selected). Queue: 176 rules.
2200 rules inserted. Base: 1175 rules (110 with conclusion selected). Queue: 184 rules.
2400 rules inserted. Base: 1279 rules (111 with conclusion selected). Queue: 157 rules.
2600 rules inserted. Base: 1375 rules (112 with conclusion selected). Queue: 139 rules.
2800 rules inserted. Base: 1493 rules (112 with conclusion selected). Queue: 100 rules.
3000 rules inserted. Base: 1498 rules (114 with conclusion selected). Queue: 46 rules.
ok, secrecy assumption verified: fact unreachable attacker_p1(q_id_i_i[])
ok, secrecy assumption verified: fact unreachable attacker(q_id_i_i[])
ok, secrecy assumption verified: fact unreachable attacker_p1(q_id_i_r[])
ok, secrecy assumption verified: fact unreachable attacker(q_id_i_r[])
ok, secrecy assumption verified: fact unreachable attacker_p1(q_id_r_i[])
ok, secrecy assumption verified: fact unreachable attacker(q_id_r_i[])
ok, secrecy assumption verified: fact unreachable attacker_p1(q_id_r_r[])
ok, secrecy assumption verified: fact unreachable attacker(q_id_r_r[])
ok, secrecy assumption verified: fact unreachable attacker_p1(q_eph_x[])
ok, secrecy assumption verified: fact unreachable attacker(q_eph_x[])
ok, secrecy assumption verified: fact unreachable attacker(q_eph_y[])
ok, secrecy assumption verified: fact unreachable attacker(q_shared_secret_i[])
ok, secrecy assumption verified: fact unreachable attacker(q_shared_secret_r[])
ok, secrecy assumption verified: fact unreachable attacker_p1(q_session_keys_i[])
ok, secrecy assumption verified: fact unreachable attacker(q_session_keys_i[])
ok, secrecy assumption verified: fact unreachable attacker_p1(q_session_keys_r[])
ok, secrecy assumption verified: fact unreachable attacker(q_session_keys_r[])
ok, secrecy assumption verified: fact unreachable attacker(q_resumption_session_keys_i[])
ok, secrecy assumption verified: fact unreachable attacker(q_resumption_session_keys_r[])
Starting query not attacker_p1(q_id_i_r[])
RESULT not attacker_p1(q_id_i_r[]) is true.
-- Query not attacker_p1(q_id_r_i[]) in process 1.
Translating the process into Horn clauses...
Completing...
200 rules inserted. Base: 193 rules (76 with conclusion selected). Queue: 99 rules.
400 rules inserted. Base: 368 rules (80 with conclusion selected). Queue: 187 rules.
600 rules inserted. Base: 459 rules (80 with conclusion selected). Queue: 211 rules.
800 rules inserted. Base: 540 rules (85 with conclusion selected). Queue: 225 rules.
1000 rules inserted. Base: 665 rules (95 with conclusion selected). Queue: 250 rules.
1200 rules inserted. Base: 772 rules (95 with conclusion selected). Queue: 237 rules.
1400 rules inserted. Base: 872 rules (95 with conclusion selected). Queue: 218 rules.
1600 rules inserted. Base: 1001 rules (103 with conclusion selected). Queue: 199 rules.
1800 rules inserted. Base: 978 rules (103 with conclusion selected). Queue: 184 rules.
2000 rules inserted. Base: 1065 rules (103 with conclusion selected). Queue: 176 rules.
2200 rules inserted. Base: 1175 rules (110 with conclusion selected). Queue: 184 rules.
2400 rules inserted. Base: 1279 rules (111 with conclusion selected). Queue: 157 rules.
2600 rules inserted. Base: 1375 rules (112 with conclusion selected). Queue: 139 rules.
2800 rules inserted. Base: 1493 rules (112 with conclusion selected). Queue: 100 rules.
3000 rules inserted. Base: 1498 rules (114 with conclusion selected). Queue: 46 rules.
ok, secrecy assumption verified: fact unreachable attacker_p1(q_id_i_i[])
ok, secrecy assumption verified: fact unreachable attacker(q_id_i_i[])
ok, secrecy assumption verified: fact unreachable attacker_p1(q_id_i_r[])
ok, secrecy assumption verified: fact unreachable attacker(q_id_i_r[])
ok, secrecy assumption verified: fact unreachable attacker_p1(q_id_r_i[])
ok, secrecy assumption verified: fact unreachable attacker(q_id_r_i[])
ok, secrecy assumption verified: fact unreachable attacker_p1(q_id_r_r[])
ok, secrecy assumption verified: fact unreachable attacker(q_id_r_r[])
ok, secrecy assumption verified: fact unreachable attacker_p1(q_eph_x[])
ok, secrecy assumption verified: fact unreachable attacker(q_eph_x[])
ok, secrecy assumption verified: fact unreachable attacker(q_eph_y[])
ok, secrecy assumption verified: fact unreachable attacker(q_shared_secret_i[])
ok, secrecy assumption verified: fact unreachable attacker(q_shared_secret_r[])
ok, secrecy assumption verified: fact unreachable attacker_p1(q_session_keys_i[])
ok, secrecy assumption verified: fact unreachable attacker(q_session_keys_i[])
ok, secrecy assumption verified: fact unreachable attacker_p1(q_session_keys_r[])
ok, secrecy assumption verified: fact unreachable attacker(q_session_keys_r[])
ok, secrecy assumption verified: fact unreachable attacker(q_resumption_session_keys_i[])
ok, secrecy assumption verified: fact unreachable attacker(q_resumption_session_keys_r[])
Starting query not attacker_p1(q_id_r_i[])
RESULT not attacker_p1(q_id_r_i[]) is true.
-- Query not attacker_p1(q_id_r_r[]) in process 1.
Translating the process into Horn clauses...
Completing...
200 rules inserted. Base: 193 rules (76 with conclusion selected). Queue: 99 rules.
400 rules inserted. Base: 368 rules (80 with conclusion selected). Queue: 187 rules.
600 rules inserted. Base: 459 rules (80 with conclusion selected). Queue: 211 rules.
800 rules inserted. Base: 540 rules (85 with conclusion selected). Queue: 225 rules.
1000 rules inserted. Base: 665 rules (95 with conclusion selected). Queue: 250 rules.
1200 rules inserted. Base: 772 rules (95 with conclusion selected). Queue: 237 rules.
1400 rules inserted. Base: 872 rules (95 with conclusion selected). Queue: 218 rules.
1600 rules inserted. Base: 1001 rules (103 with conclusion selected). Queue: 199 rules.
1800 rules inserted. Base: 978 rules (103 with conclusion selected). Queue: 184 rules.
2000 rules inserted. Base: 1065 rules (103 with conclusion selected). Queue: 176 rules.
2200 rules inserted. Base: 1175 rules (110 with conclusion selected). Queue: 184 rules.
2400 rules inserted. Base: 1279 rules (111 with conclusion selected). Queue: 157 rules.
2600 rules inserted. Base: 1375 rules (112 with conclusion selected). Queue: 139 rules.
2800 rules inserted. Base: 1493 rules (112 with conclusion selected). Queue: 100 rules.
3000 rules inserted. Base: 1498 rules (114 with conclusion selected). Queue: 46 rules.
ok, secrecy assumption verified: fact unreachable attacker_p1(q_id_i_i[])
ok, secrecy assumption verified: fact unreachable attacker(q_id_i_i[])
ok, secrecy assumption verified: fact unreachable attacker_p1(q_id_i_r[])
ok, secrecy assumption verified: fact unreachable attacker(q_id_i_r[])
ok, secrecy assumption verified: fact unreachable attacker_p1(q_id_r_i[])
ok, secrecy assumption verified: fact unreachable attacker(q_id_r_i[])
ok, secrecy assumption verified: fact unreachable attacker_p1(q_id_r_r[])
ok, secrecy assumption verified: fact unreachable attacker(q_id_r_r[])
ok, secrecy assumption verified: fact unreachable attacker_p1(q_eph_x[])
ok, secrecy assumption verified: fact unreachable attacker(q_eph_x[])
ok, secrecy assumption verified: fact unreachable attacker(q_eph_y[])
ok, secrecy assumption verified: fact unreachable attacker(q_shared_secret_i[])
ok, secrecy assumption verified: fact unreachable attacker(q_shared_secret_r[])
ok, secrecy assumption verified: fact unreachable attacker_p1(q_session_keys_i[])
ok, secrecy assumption verified: fact unreachable attacker(q_session_keys_i[])
ok, secrecy assumption verified: fact unreachable attacker_p1(q_session_keys_r[])
ok, secrecy assumption verified: fact unreachable attacker(q_session_keys_r[])
ok, secrecy assumption verified: fact unreachable attacker(q_resumption_session_keys_i[])
ok, secrecy assumption verified: fact unreachable attacker(q_resumption_session_keys_r[])
Starting query not attacker_p1(q_id_r_r[])
RESULT not attacker_p1(q_id_r_r[]) is true.
-- Query not attacker_p1(q_eph_x[]) in process 1.
Translating the process into Horn clauses...
Completing...
200 rules inserted. Base: 193 rules (76 with conclusion selected). Queue: 99 rules.
400 rules inserted. Base: 368 rules (80 with conclusion selected). Queue: 187 rules.
600 rules inserted. Base: 459 rules (80 with conclusion selected). Queue: 211 rules.
800 rules inserted. Base: 540 rules (85 with conclusion selected). Queue: 225 rules.
1000 rules inserted. Base: 665 rules (95 with conclusion selected). Queue: 250 rules.
1200 rules inserted. Base: 772 rules (95 with conclusion selected). Queue: 237 rules.
1400 rules inserted. Base: 872 rules (95 with conclusion selected). Queue: 218 rules.
1600 rules inserted. Base: 1001 rules (103 with conclusion selected). Queue: 199 rules.
1800 rules inserted. Base: 978 rules (103 with conclusion selected). Queue: 184 rules.
2000 rules inserted. Base: 1065 rules (103 with conclusion selected). Queue: 176 rules.
2200 rules inserted. Base: 1175 rules (110 with conclusion selected). Queue: 184 rules.
2400 rules inserted. Base: 1279 rules (111 with conclusion selected). Queue: 157 rules.
2600 rules inserted. Base: 1375 rules (112 with conclusion selected). Queue: 139 rules.
2800 rules inserted. Base: 1493 rules (112 with conclusion selected). Queue: 100 rules.
3000 rules inserted. Base: 1498 rules (114 with conclusion selected). Queue: 46 rules.
ok, secrecy assumption verified: fact unreachable attacker_p1(q_id_i_i[])
ok, secrecy assumption verified: fact unreachable attacker(q_id_i_i[])
ok, secrecy assumption verified: fact unreachable attacker_p1(q_id_i_r[])
ok, secrecy assumption verified: fact unreachable attacker(q_id_i_r[])
ok, secrecy assumption verified: fact unreachable attacker_p1(q_id_r_i[])
ok, secrecy assumption verified: fact unreachable attacker(q_id_r_i[])
ok, secrecy assumption verified: fact unreachable attacker_p1(q_id_r_r[])
ok, secrecy assumption verified: fact unreachable attacker(q_id_r_r[])
ok, secrecy assumption verified: fact unreachable attacker_p1(q_eph_x[])
ok, secrecy assumption verified: fact unreachable attacker(q_eph_x[])
ok, secrecy assumption verified: fact unreachable attacker(q_eph_y[])
ok, secrecy assumption verified: fact unreachable attacker(q_shared_secret_i[])
ok, secrecy assumption verified: fact unreachable attacker(q_shared_secret_r[])
ok, secrecy assumption verified: fact unreachable attacker_p1(q_session_keys_i[])
ok, secrecy assumption verified: fact unreachable attacker(q_session_keys_i[])
ok, secrecy assumption verified: fact unreachable attacker_p1(q_session_keys_r[])
ok, secrecy assumption verified: fact unreachable attacker(q_session_keys_r[])
ok, secrecy assumption verified: fact unreachable attacker(q_resumption_session_keys_i[])
ok, secrecy assumption verified: fact unreachable attacker(q_resumption_session_keys_r[])
Starting query not attacker_p1(q_eph_x[])
RESULT not attacker_p1(q_eph_x[]) is true.
-- Query not attacker_p1(q_eph_y[]) in process 1.
Translating the process into Horn clauses...
Completing...
200 rules inserted. Base: 193 rules (76 with conclusion selected). Queue: 99 rules.
400 rules inserted. Base: 368 rules (80 with conclusion selected). Queue: 187 rules.
600 rules inserted. Base: 459 rules (80 with conclusion selected). Queue: 211 rules.
800 rules inserted. Base: 540 rules (85 with conclusion selected). Queue: 225 rules.
1000 rules inserted. Base: 665 rules (95 with conclusion selected). Queue: 250 rules.
1200 rules inserted. Base: 772 rules (95 with conclusion selected). Queue: 237 rules.
1400 rules inserted. Base: 872 rules (95 with conclusion selected). Queue: 218 rules.
1600 rules inserted. Base: 1001 rules (103 with conclusion selected). Queue: 199 rules.
1800 rules inserted. Base: 978 rules (103 with conclusion selected). Queue: 184 rules.
2000 rules inserted. Base: 1065 rules (103 with conclusion selected). Queue: 176 rules.
2200 rules inserted. Base: 1175 rules (110 with conclusion selected). Queue: 184 rules.
2400 rules inserted. Base: 1279 rules (111 with conclusion selected). Queue: 157 rules.
2600 rules inserted. Base: 1375 rules (112 with conclusion selected). Queue: 139 rules.
2800 rules inserted. Base: 1493 rules (112 with conclusion selected). Queue: 100 rules.
3000 rules inserted. Base: 1498 rules (114 with conclusion selected). Queue: 46 rules.
ok, secrecy assumption verified: fact unreachable attacker_p1(q_id_i_i[])
ok, secrecy assumption verified: fact unreachable attacker(q_id_i_i[])
ok, secrecy assumption verified: fact unreachable attacker_p1(q_id_i_r[])
ok, secrecy assumption verified: fact unreachable attacker(q_id_i_r[])
ok, secrecy assumption verified: fact unreachable attacker_p1(q_id_r_i[])
ok, secrecy assumption verified: fact unreachable attacker(q_id_r_i[])
ok, secrecy assumption verified: fact unreachable attacker_p1(q_id_r_r[])
ok, secrecy assumption verified: fact unreachable attacker(q_id_r_r[])
ok, secrecy assumption verified: fact unreachable attacker_p1(q_eph_x[])
ok, secrecy assumption verified: fact unreachable attacker(q_eph_x[])
ok, secrecy assumption verified: fact unreachable attacker(q_eph_y[])
ok, secrecy assumption verified: fact unreachable attacker(q_shared_secret_i[])
ok, secrecy assumption verified: fact unreachable attacker(q_shared_secret_r[])
ok, secrecy assumption verified: fact unreachable attacker_p1(q_session_keys_i[])
ok, secrecy assumption verified: fact unreachable attacker(q_session_keys_i[])
ok, secrecy assumption verified: fact unreachable attacker_p1(q_session_keys_r[])
ok, secrecy assumption verified: fact unreachable attacker(q_session_keys_r[])
ok, secrecy assumption verified: fact unreachable attacker(q_resumption_session_keys_i[])
ok, secrecy assumption verified: fact unreachable attacker(q_resumption_session_keys_r[])
Starting query not attacker_p1(q_eph_y[])
goal reachable: attacker_p1(q_eph_y[])

Derivation:
Abbreviations:
fresh_x_1 = fresh_x[!1 = @sid]
initiator_random_2 = initiator_random[!1 = @sid]
fresh_y_1 = fresh_y[msg1_1 = (mul_point(P,hash((seed_x[],fresh_x_1))),initiator_random_2),!1 = @sid_1]
responder_random_2 = responder_random_1[msg1_1 = (mul_point(P,hash((seed_x[],fresh_x_1))),initiator_random_2),!1 = @sid_1]
responder_noc_key_2 = responder_noc_key[!1 = @sid_1]
resumption_id_4 = resumption_id_1[msg1_1 = (mul_point(P,hash((seed_x[],fresh_x_1))),initiator_random_2),!1 = @sid_1]
initiator_noc_key_2 = initiator_noc_key[!1 = @sid]

1. The message (mul_point(P,hash((seed_x[],fresh_x_1))),initiator_random_2) may be sent to the attacker at output {18}.
attacker((mul_point(P,hash((seed_x[],fresh_x_1))),initiator_random_2)).

2. By 1, the attacker may know (mul_point(P,hash((seed_x[],fresh_x_1))),initiator_random_2).
Using the function 2-proj-2-tuple the attacker may obtain initiator_random_2.
attacker(initiator_random_2).

3. By 1, the attacker may know (mul_point(P,hash((seed_x[],fresh_x_1))),initiator_random_2).
Using the function 1-proj-2-tuple the attacker may obtain mul_point(P,hash((seed_x[],fresh_x_1))).
attacker(mul_point(P,hash((seed_x[],fresh_x_1)))).

4. By 3, the attacker may know mul_point(P,hash((seed_x[],fresh_x_1))).
By 2, the attacker may know initiator_random_2.
Using the function 2-tuple the attacker may obtain (mul_point(P,hash((seed_x[],fresh_x_1))),initiator_random_2).
attacker((mul_point(P,hash((seed_x[],fresh_x_1))),initiator_random_2)).

5. The message (mul_point(P,hash((seed_x[],fresh_x_1))),initiator_random_2) that the attacker may have by 4 may be received at input {57}.
So the message (responder_random_2,mul_point(P,hash((seed_y[],fresh_y_1))),aead_enc(kdf(mul_point(mul_point(P,hash((seed_x[],fresh_x_1))),hash((seed_y[],fresh_y_1))),(ipk[],responder_random_2,mul_point(P,hash((seed_y[],fresh_y_1))),hash((mul_point(P,hash((seed_x[],fresh_x_1))),initiator_random_2))),sigma2_info),(mul_point(P,responder_noc_key_2),sign(noc_signing_key[],mul_point(P,responder_noc_key_2)),sign(responder_noc_key_2,(mul_point(P,responder_noc_key_2),mul_point(P,hash((seed_y[],fresh_y_1))),mul_point(P,hash((seed_x[],fresh_x_1))))),resumption_id_4),ncase_sigma2n,nil)) may be sent to the attacker at output {70}.
attacker((responder_random_2,mul_point(P,hash((seed_y[],fresh_y_1))),aead_enc(kdf(mul_point(mul_point(P,hash((seed_x[],fresh_x_1))),hash((seed_y[],fresh_y_1))),(ipk[],responder_random_2,mul_point(P,hash((seed_y[],fresh_y_1))),hash((mul_point(P,hash((seed_x[],fresh_x_1))),initiator_random_2))),sigma2_info),(mul_point(P,responder_noc_key_2),sign(noc_signing_key[],mul_point(P,responder_noc_key_2)),sign(responder_noc_key_2,(mul_point(P,responder_noc_key_2),mul_point(P,hash((seed_y[],fresh_y_1))),mul_point(P,hash((seed_x[],fresh_x_1))))),resumption_id_4),ncase_sigma2n,nil))).

6. By 5, the attacker may know (responder_random_2,mul_point(P,hash((seed_y[],fresh_y_1))),aead_enc(kdf(mul_point(mul_point(P,hash((seed_x[],fresh_x_1))),hash((seed_y[],fresh_y_1))),(ipk[],responder_random_2,mul_point(P,hash((seed_y[],fresh_y_1))),hash((mul_point(P,hash((seed_x[],fresh_x_1))),initiator_random_2))),sigma2_info),(mul_point(P,responder_noc_key_2),sign(noc_signing_key[],mul_point(P,responder_noc_key_2)),sign(responder_noc_key_2,(mul_point(P,responder_noc_key_2),mul_point(P,hash((seed_y[],fresh_y_1))),mul_point(P,hash((seed_x[],fresh_x_1))))),resumption_id_4),ncase_sigma2n,nil)).
Using the function 3-proj-3-tuple the attacker may obtain aead_enc(kdf(mul_point(mul_point(P,hash((seed_x[],fresh_x_1))),hash((seed_y[],fresh_y_1))),(ipk[],responder_random_2,mul_point(P,hash((seed_y[],fresh_y_1))),hash((mul_point(P,hash((seed_x[],fresh_x_1))),initiator_random_2))),sigma2_info),(mul_point(P,responder_noc_key_2),sign(noc_signing_key[],mul_point(P,responder_noc_key_2)),sign(responder_noc_key_2,(mul_point(P,responder_noc_key_2),mul_point(P,hash((seed_y[],fresh_y_1))),mul_point(P,hash((seed_x[],fresh_x_1))))),resumption_id_4),ncase_sigma2n,nil).
attacker(aead_enc(kdf(mul_point(mul_point(P,hash((seed_x[],fresh_x_1))),hash((seed_y[],fresh_y_1))),(ipk[],responder_random_2,mul_point(P,hash((seed_y[],fresh_y_1))),hash((mul_point(P,hash((seed_x[],fresh_x_1))),initiator_random_2))),sigma2_info),(mul_point(P,responder_noc_key_2),sign(noc_signing_key[],mul_point(P,responder_noc_key_2)),sign(responder_noc_key_2,(mul_point(P,responder_noc_key_2),mul_point(P,hash((seed_y[],fresh_y_1))),mul_point(P,hash((seed_x[],fresh_x_1))))),resumption_id_4),ncase_sigma2n,nil)).

7. By 5, the attacker may know (responder_random_2,mul_point(P,hash((seed_y[],fresh_y_1))),aead_enc(kdf(mul_point(mul_point(P,hash((seed_x[],fresh_x_1))),hash((seed_y[],fresh_y_1))),(ipk[],responder_random_2,mul_point(P,hash((seed_y[],fresh_y_1))),hash((mul_point(P,hash((seed_x[],fresh_x_1))),initiator_random_2))),sigma2_info),(mul_point(P,responder_noc_key_2),sign(noc_signing_key[],mul_point(P,responder_noc_key_2)),sign(responder_noc_key_2,(mul_point(P,responder_noc_key_2),mul_point(P,hash((seed_y[],fresh_y_1))),mul_point(P,hash((seed_x[],fresh_x_1))))),resumption_id_4),ncase_sigma2n,nil)).
Using the function 2-proj-3-tuple the attacker may obtain mul_point(P,hash((seed_y[],fresh_y_1))).
attacker(mul_point(P,hash((seed_y[],fresh_y_1)))).

8. By 5, the attacker may know (responder_random_2,mul_point(P,hash((seed_y[],fresh_y_1))),aead_enc(kdf(mul_point(mul_point(P,hash((seed_x[],fresh_x_1))),hash((seed_y[],fresh_y_1))),(ipk[],responder_random_2,mul_point(P,hash((seed_y[],fresh_y_1))),hash((mul_point(P,hash((seed_x[],fresh_x_1))),initiator_random_2))),sigma2_info),(mul_point(P,responder_noc_key_2),sign(noc_signing_key[],mul_point(P,responder_noc_key_2)),sign(responder_noc_key_2,(mul_point(P,responder_noc_key_2),mul_point(P,hash((seed_y[],fresh_y_1))),mul_point(P,hash((seed_x[],fresh_x_1))))),resumption_id_4),ncase_sigma2n,nil)).
Using the function 1-proj-3-tuple the attacker may obtain responder_random_2.
attacker(responder_random_2).

9. By 8, the attacker may know responder_random_2.
By 7, the attacker may know mul_point(P,hash((seed_y[],fresh_y_1))).
By 6, the attacker may know aead_enc(kdf(mul_point(mul_point(P,hash((seed_x[],fresh_x_1))),hash((seed_y[],fresh_y_1))),(ipk[],responder_random_2,mul_point(P,hash((seed_y[],fresh_y_1))),hash((mul_point(P,hash((seed_x[],fresh_x_1))),initiator_random_2))),sigma2_info),(mul_point(P,responder_noc_key_2),sign(noc_signing_key[],mul_point(P,responder_noc_key_2)),sign(responder_noc_key_2,(mul_point(P,responder_noc_key_2),mul_point(P,hash((seed_y[],fresh_y_1))),mul_point(P,hash((seed_x[],fresh_x_1))))),resumption_id_4),ncase_sigma2n,nil).
Using the function 3-tuple the attacker may obtain (responder_random_2,mul_point(P,hash((seed_y[],fresh_y_1))),aead_enc(kdf(mul_point(mul_point(P,hash((seed_x[],fresh_x_1))),hash((seed_y[],fresh_y_1))),(ipk[],responder_random_2,mul_point(P,hash((seed_y[],fresh_y_1))),hash((mul_point(P,hash((seed_x[],fresh_x_1))),initiator_random_2))),sigma2_info),(mul_point(P,responder_noc_key_2),sign(noc_signing_key[],mul_point(P,responder_noc_key_2)),sign(responder_noc_key_2,(mul_point(P,responder_noc_key_2),mul_point(P,hash((seed_y[],fresh_y_1))),mul_point(P,hash((seed_x[],fresh_x_1))))),resumption_id_4),ncase_sigma2n,nil)).
attacker((responder_random_2,mul_point(P,hash((seed_y[],fresh_y_1))),aead_enc(kdf(mul_point(mul_point(P,hash((seed_x[],fresh_x_1))),hash((seed_y[],fresh_y_1))),(ipk[],responder_random_2,mul_point(P,hash((seed_y[],fresh_y_1))),hash((mul_point(P,hash((seed_x[],fresh_x_1))),initiator_random_2))),sigma2_info),(mul_point(P,responder_noc_key_2),sign(noc_signing_key[],mul_point(P,responder_noc_key_2)),sign(responder_noc_key_2,(mul_point(P,responder_noc_key_2),mul_point(P,hash((seed_y[],fresh_y_1))),mul_point(P,hash((seed_x[],fresh_x_1))))),resumption_id_4),ncase_sigma2n,nil))).

10. The message (responder_random_2,mul_point(P,hash((seed_y[],fresh_y_1))),aead_enc(kdf(mul_point(mul_point(P,hash((seed_x[],fresh_x_1))),hash((seed_y[],fresh_y_1))),(ipk[],responder_random_2,mul_point(P,hash((seed_y[],fresh_y_1))),hash((mul_point(P,hash((seed_x[],fresh_x_1))),initiator_random_2))),sigma2_info),(mul_point(P,responder_noc_key_2),sign(noc_signing_key[],mul_point(P,responder_noc_key_2)),sign(responder_noc_key_2,(mul_point(P,responder_noc_key_2),mul_point(P,hash((seed_y[],fresh_y_1))),mul_point(P,hash((seed_x[],fresh_x_1))))),resumption_id_4),ncase_sigma2n,nil)) that the attacker may have by 9 may be received at input {19}.
So the message aead_enc(kdf(mul_point(mul_point(P,hash((seed_x[],fresh_x_1))),hash((seed_y[],fresh_y_1))),(ipk[],hash(((mul_point(P,hash((seed_x[],fresh_x_1))),initiator_random_2),(responder_random_2,mul_point(P,hash((seed_y[],fresh_y_1))),aead_enc(kdf(mul_point(mul_point(P,hash((seed_x[],fresh_x_1))),hash((seed_y[],fresh_y_1))),(ipk[],responder_random_2,mul_point(P,hash((seed_y[],fresh_y_1))),hash((mul_point(P,hash((seed_x[],fresh_x_1))),initiator_random_2))),sigma2_info),(mul_point(P,responder_noc_key_2),sign(noc_signing_key[],mul_point(P,responder_noc_key_2)),sign(responder_noc_key_2,(mul_point(P,responder_noc_key_2),mul_point(P,hash((seed_y[],fresh_y_1))),mul_point(P,hash((seed_x[],fresh_x_1))))),resumption_id_4),ncase_sigma2n,nil))))),sigma3_info),(mul_point(P,initiator_noc_key_2),sign(noc_signing_key[],mul_point(P,initiator_noc_key_2)),sign(initiator_noc_key_2,(mul_point(P,initiator_noc_key_2),mul_point(P,hash((seed_x[],fresh_x_1))),mul_point(P,hash((seed_y[],fresh_y_1)))))),ncase_sigma3n,nil) may be sent to the attacker at output {30}.
attacker(aead_enc(kdf(mul_point(mul_point(P,hash((seed_x[],fresh_x_1))),hash((seed_y[],fresh_y_1))),(ipk[],hash(((mul_point(P,hash((seed_x[],fresh_x_1))),initiator_random_2),(responder_random_2,mul_point(P,hash((seed_y[],fresh_y_1))),aead_enc(kdf(mul_point(mul_point(P,hash((seed_x[],fresh_x_1))),hash((seed_y[],fresh_y_1))),(ipk[],responder_random_2,mul_point(P,hash((seed_y[],fresh_y_1))),hash((mul_point(P,hash((seed_x[],fresh_x_1))),initiator_random_2))),sigma2_info),(mul_point(P,responder_noc_key_2),sign(noc_signing_key[],mul_point(P,responder_noc_key_2)),sign(responder_noc_key_2,(mul_point(P,responder_noc_key_2),mul_point(P,hash((seed_y[],fresh_y_1))),mul_point(P,hash((seed_x[],fresh_x_1))))),resumption_id_4),ncase_sigma2n,nil))))),sigma3_info),(mul_point(P,initiator_noc_key_2),sign(noc_signing_key[],mul_point(P,initiator_noc_key_2)),sign(initiator_noc_key_2,(mul_point(P,initiator_noc_key_2),mul_point(P,hash((seed_x[],fresh_x_1))),mul_point(P,hash((seed_y[],fresh_y_1)))))),ncase_sigma3n,nil)).

11. The message (mul_point(P,hash((seed_x[],fresh_x_1))),initiator_random_2) that the attacker may have by 4 may be received at input {57}.
The message aead_enc(kdf(mul_point(mul_point(P,hash((seed_x[],fresh_x_1))),hash((seed_y[],fresh_y_1))),(ipk[],hash(((mul_point(P,hash((seed_x[],fresh_x_1))),initiator_random_2),(responder_random_2,mul_point(P,hash((seed_y[],fresh_y_1))),aead_enc(kdf(mul_point(mul_point(P,hash((seed_x[],fresh_x_1))),hash((seed_y[],fresh_y_1))),(ipk[],responder_random_2,mul_point(P,hash((seed_y[],fresh_y_1))),hash((mul_point(P,hash((seed_x[],fresh_x_1))),initiator_random_2))),sigma2_info),(mul_point(P,responder_noc_key_2),sign(noc_signing_key[],mul_point(P,responder_noc_key_2)),sign(responder_noc_key_2,(mul_point(P,responder_noc_key_2),mul_point(P,hash((seed_y[],fresh_y_1))),mul_point(P,hash((seed_x[],fresh_x_1))))),resumption_id_4),ncase_sigma2n,nil))))),sigma3_info),(mul_point(P,initiator_noc_key_2),sign(noc_signing_key[],mul_point(P,initiator_noc_key_2)),sign(initiator_noc_key_2,(mul_point(P,initiator_noc_key_2),mul_point(P,hash((seed_x[],fresh_x_1))),mul_point(P,hash((seed_y[],fresh_y_1)))))),ncase_sigma3n,nil) that the attacker may have by 10 may be received at input {71}.
So the message enc(hash((seed_y[],fresh_y_1)),q_eph_y[]) may be sent to the attacker at output {81}.
attacker(enc(hash((seed_y[],fresh_y_1)),q_eph_y[])).

12. By 11, the attacker may know enc(hash((seed_y[],fresh_y_1)),q_eph_y[]).
So the attacker may know enc(hash((seed_y[],fresh_y_1)),q_eph_y[]) in phase 1.
attacker_p1(enc(hash((seed_y[],fresh_y_1)),q_eph_y[])).

13. The message (mul_point(P,hash((seed_x[],fresh_x_1))),initiator_random_2) that the attacker may have by 4 may be received at input {57}.
The message aead_enc(kdf(mul_point(mul_point(P,hash((seed_x[],fresh_x_1))),hash((seed_y[],fresh_y_1))),(ipk[],hash(((mul_point(P,hash((seed_x[],fresh_x_1))),initiator_random_2),(responder_random_2,mul_point(P,hash((seed_y[],fresh_y_1))),aead_enc(kdf(mul_point(mul_point(P,hash((seed_x[],fresh_x_1))),hash((seed_y[],fresh_y_1))),(ipk[],responder_random_2,mul_point(P,hash((seed_y[],fresh_y_1))),hash((mul_point(P,hash((seed_x[],fresh_x_1))),initiator_random_2))),sigma2_info),(mul_point(P,responder_noc_key_2),sign(noc_signing_key[],mul_point(P,responder_noc_key_2)),sign(responder_noc_key_2,(mul_point(P,responder_noc_key_2),mul_point(P,hash((seed_y[],fresh_y_1))),mul_point(P,hash((seed_x[],fresh_x_1))))),resumption_id_4),ncase_sigma2n,nil))))),sigma3_info),(mul_point(P,initiator_noc_key_2),sign(noc_signing_key[],mul_point(P,initiator_noc_key_2)),sign(initiator_noc_key_2,(mul_point(P,initiator_noc_key_2),mul_point(P,hash((seed_x[],fresh_x_1))),mul_point(P,hash((seed_y[],fresh_y_1)))))),ncase_sigma3n,nil) that the attacker may have by 10 may be received at input {71}.
So the message fresh_y_1 may be sent to the attacker at output {80}.
attacker(fresh_y_1).

14. By 13, the attacker may know fresh_y_1.
So the attacker may know fresh_y_1 in phase 1.
attacker_p1(fresh_y_1).

15. The message seed_y[] may be sent to the attacker in phase 1 at output {97}.
attacker_p1(seed_y[]).

16. By 15, the attacker may know seed_y[] in phase 1.
By 14, the attacker may know fresh_y_1 in phase 1.
Using the function 2-tuple the attacker may obtain (seed_y[],fresh_y_1) in phase 1.
attacker_p1((seed_y[],fresh_y_1)).

17. By 16, the attacker may know (seed_y[],fresh_y_1) in phase 1.
Using the function hash the attacker may obtain hash((seed_y[],fresh_y_1)) in phase 1.
attacker_p1(hash((seed_y[],fresh_y_1))).

18. By 17, the attacker may know hash((seed_y[],fresh_y_1)) in phase 1.
By 12, the attacker may know enc(hash((seed_y[],fresh_y_1)),q_eph_y[]) in phase 1.
Using the function dec the attacker may obtain q_eph_y[] in phase 1.
attacker_p1(q_eph_y[]).

19. By 18, attacker_p1(q_eph_y[]).
The goal is reached, represented in the following fact:
attacker_p1(q_eph_y[]).


A more detailed output of the traces is available with
  set traceDisplay = long.

new ipk: key creating ipk_3 at {1}

new seed_x: bitstring creating seed_x_2 at {2}

new seed_y: bitstring creating seed_y_2 at {3}

out(c, ~M) with ~M = mul_point(P,noc_signing_key) at {5}

new responder_noc_key: key creating responder_noc_key_3 at {51} in copy a

new initiator_noc_key: key creating initiator_noc_key_3 at {7} in copy a_1

new fresh_x: bitstring creating fresh_x_2 at {13} in copy a_1

new initiator_random: bitstring creating initiator_random_3 at {15} in copy a_1

out(c, (~M_1,~M_2)) with ~M_1 = mul_point(P,hash((seed_x_2,fresh_x_2))), ~M_2 = initiator_random_3 at {18} in copy a_1

in(c, (~M_1,~M_2)) with ~M_1 = mul_point(P,hash((seed_x_2,fresh_x_2))), ~M_2 = initiator_random_3 at {57} in copy a

event start_session_with_initiator(mul_point(P,hash((seed_x_2,fresh_x_2))),initiator_random_3) at {59} in copy a

new fresh_y: bitstring creating fresh_y_2 at {60} in copy a

new responder_random_1: bitstring creating responder_random_3 at {62} in copy a

new resumption_id_1: bitstring creating resumption_id_5 at {63} in copy a

out(c, (~M_3,~M_4,~M_5)) with ~M_3 = responder_random_3, ~M_4 = mul_point(P,hash((seed_y_2,fresh_y_2))), ~M_5 = aead_enc(kdf(mul_point(mul_point(P,hash((seed_x_2,fresh_x_2))),hash((seed_y_2,fresh_y_2))),(ipk_3,responder_random_3,mul_point(P,hash((seed_y_2,fresh_y_2))),hash((mul_point(P,hash((seed_x_2,fresh_x_2))),initiator_random_3))),sigma2_info),(mul_point(P,responder_noc_key_3),sign(noc_signing_key,mul_point(P,responder_noc_key_3)),sign(responder_noc_key_3,(mul_point(P,responder_noc_key_3),mul_point(P,hash((seed_y_2,fresh_y_2))),mul_point(P,hash((seed_x_2,fresh_x_2))))),resumption_id_5),ncase_sigma2n,nil) at {70} in copy a

in(c, (~M_3,~M_4,~M_5)) with ~M_3 = responder_random_3, ~M_4 = mul_point(P,hash((seed_y_2,fresh_y_2))), ~M_5 = aead_enc(kdf(mul_point(mul_point(P,hash((seed_x_2,fresh_x_2))),hash((seed_y_2,fresh_y_2))),(ipk_3,responder_random_3,mul_point(P,hash((seed_y_2,fresh_y_2))),hash((mul_point(P,hash((seed_x_2,fresh_x_2))),initiator_random_3))),sigma2_info),(mul_point(P,responder_noc_key_3),sign(noc_signing_key,mul_point(P,responder_noc_key_3)),sign(responder_noc_key_3,(mul_point(P,responder_noc_key_3),mul_point(P,hash((seed_y_2,fresh_y_2))),mul_point(P,hash((seed_x_2,fresh_x_2))))),resumption_id_5),ncase_sigma2n,nil) at {19} in copy a_1

event start_session_with_responder(mul_point(P,hash((seed_y_2,fresh_y_2))),responder_random_3) at {21} in copy a_1

event accept_responder_identity(mul_point(P,responder_noc_key_3),mul_point(P,hash((seed_y_2,fresh_y_2))),responder_random_3) at {26} in copy a_1

out(c, ~M_6) with ~M_6 = aead_enc(kdf(mul_point(mul_point(P,hash((seed_y_2,fresh_y_2))),hash((seed_x_2,fresh_x_2))),(ipk_3,hash(((mul_point(P,hash((seed_x_2,fresh_x_2))),initiator_random_3),(responder_random_3,mul_point(P,hash((seed_y_2,fresh_y_2))),aead_enc(kdf(mul_point(mul_point(P,hash((seed_x_2,fresh_x_2))),hash((seed_y_2,fresh_y_2))),(ipk_3,responder_random_3,mul_point(P,hash((seed_y_2,fresh_y_2))),hash((mul_point(P,hash((seed_x_2,fresh_x_2))),initiator_random_3))),sigma2_info),(mul_point(P,responder_noc_key_3),sign(noc_signing_key,mul_point(P,responder_noc_key_3)),sign(responder_noc_key_3,(mul_point(P,responder_noc_key_3),mul_point(P,hash((seed_y_2,fresh_y_2))),mul_point(P,hash((seed_x_2,fresh_x_2))))),resumption_id_5),ncase_sigma2n,nil))))),sigma3_info),(mul_point(P,initiator_noc_key_3),sign(noc_signing_key,mul_point(P,initiator_noc_key_3)),sign(initiator_noc_key_3,(mul_point(P,initiator_noc_key_3),mul_point(P,hash((seed_x_2,fresh_x_2))),mul_point(P,hash((seed_y_2,fresh_y_2)))))),ncase_sigma3n,nil) at {30} in copy a_1

event initiator_end(mul_point(P,initiator_noc_key_3),mul_point(P,hash((seed_x_2,fresh_x_2))),initiator_random_3) at {32} in copy a_1

out(c, ~M_7) with ~M_7 = enc(mul_point(P,initiator_noc_key_3),q_id_i_i) at {33} in copy a_1

out(c, ~M_8) with ~M_8 = enc(mul_point(P,responder_noc_key_3),q_id_r_i) at {34} in copy a_1

out(c, ~M_9) with ~M_9 = fresh_x_2 at {35} in copy a_1

out(c, ~M_10) with ~M_10 = enc(hash((seed_x_2,fresh_x_2)),q_eph_x) at {36} in copy a_1

out(c, ~M_11) with ~M_11 = enc(mul_point(mul_point(P,hash((seed_y_2,fresh_y_2))),hash((seed_x_2,fresh_x_2))),q_shared_secret_i) at {37} in copy a_1

out(c, ~M_12) with ~M_12 = enc(kdf(mul_point(mul_point(P,hash((seed_y_2,fresh_y_2))),hash((seed_x_2,fresh_x_2))),(ipk_3,hash(((mul_point(P,hash((seed_x_2,fresh_x_2))),initiator_random_3),(responder_random_3,mul_point(P,hash((seed_y_2,fresh_y_2))),aead_enc(kdf(mul_point(mul_point(P,hash((seed_x_2,fresh_x_2))),hash((seed_y_2,fresh_y_2))),(ipk_3,responder_random_3,mul_point(P,hash((seed_y_2,fresh_y_2))),hash((mul_point(P,hash((seed_x_2,fresh_x_2))),initiator_random_3))),sigma2_info),(mul_point(P,responder_noc_key_3),sign(noc_signing_key,mul_point(P,responder_noc_key_3)),sign(responder_noc_key_3,(mul_point(P,responder_noc_key_3),mul_point(P,hash((seed_y_2,fresh_y_2))),mul_point(P,hash((seed_x_2,fresh_x_2))))),resumption_id_5),ncase_sigma2n,nil)),aead_enc(kdf(mul_point(mul_point(P,hash((seed_y_2,fresh_y_2))),hash((seed_x_2,fresh_x_2))),(ipk_3,hash(((mul_point(P,hash((seed_x_2,fresh_x_2))),initiator_random_3),(responder_random_3,mul_point(P,hash((seed_y_2,fresh_y_2))),aead_enc(kdf(mul_point(mul_point(P,hash((seed_x_2,fresh_x_2))),hash((seed_y_2,fresh_y_2))),(ipk_3,responder_random_3,mul_point(P,hash((seed_y_2,fresh_y_2))),hash((mul_point(P,hash((seed_x_2,fresh_x_2))),initiator_random_3))),sigma2_info),(mul_point(P,responder_noc_key_3),sign(noc_signing_key,mul_point(P,responder_noc_key_3)),sign(responder_noc_key_3,(mul_point(P,responder_noc_key_3),mul_point(P,hash((seed_y_2,fresh_y_2))),mul_point(P,hash((seed_x_2,fresh_x_2))))),resumption_id_5),ncase_sigma2n,nil))))),sigma3_info),(mul_point(P,initiator_noc_key_3),sign(noc_signing_key,mul_point(P,initiator_noc_key_3)),sign(initiator_noc_key_3,(mul_point(P,initiator_noc_key_3),mul_point(P,hash((seed_x_2,fresh_x_2))),mul_point(P,hash((seed_y_2,fresh_y_2)))))),ncase_sigma3n,nil)))),sekeys_info),q_session_keys_i) at {38} in copy a_1

new res_initiator_random: bitstring creating res_initiator_random_2 at {39} in copy a_1

out(c, (~M_13,~M_14,~M_15)) with ~M_13 = res_initiator_random_2, ~M_14 = resumption_id_5, ~M_15 = aead_enc(kdf(mul_point(mul_point(P,hash((seed_y_2,fresh_y_2))),hash((seed_x_2,fresh_x_2))),(res_initiator_random_2,resumption_id_5),sigma1_resume),nil,resume1mic_nonce,nil) at {42} in copy a_1

in(c, ~M_6) with ~M_6 = aead_enc(kdf(mul_point(mul_point(P,hash((seed_x_2,fresh_x_2))),hash((seed_y_2,fresh_y_2))),(ipk_3,hash(((mul_point(P,hash((seed_x_2,fresh_x_2))),initiator_random_3),(responder_random_3,mul_point(P,hash((seed_y_2,fresh_y_2))),aead_enc(kdf(mul_point(mul_point(P,hash((seed_x_2,fresh_x_2))),hash((seed_y_2,fresh_y_2))),(ipk_3,responder_random_3,mul_point(P,hash((seed_y_2,fresh_y_2))),hash((mul_point(P,hash((seed_x_2,fresh_x_2))),initiator_random_3))),sigma2_info),(mul_point(P,responder_noc_key_3),sign(noc_signing_key,mul_point(P,responder_noc_key_3)),sign(responder_noc_key_3,(mul_point(P,responder_noc_key_3),mul_point(P,hash((seed_y_2,fresh_y_2))),mul_point(P,hash((seed_x_2,fresh_x_2))))),resumption_id_5),ncase_sigma2n,nil))))),sigma3_info),(mul_point(P,initiator_noc_key_3),sign(noc_signing_key,mul_point(P,initiator_noc_key_3)),sign(initiator_noc_key_3,(mul_point(P,initiator_noc_key_3),mul_point(P,hash((seed_x_2,fresh_x_2))),mul_point(P,hash((seed_y_2,fresh_y_2)))))),ncase_sigma3n,nil) at {71} in copy a

out(c, ~M_16) with ~M_16 = sigma_finished at {76} in copy a

event responder_end(mul_point(P,responder_noc_key_3),mul_point(P,hash((seed_y_2,fresh_y_2))),responder_random_3) at {77} in copy a

out(c, ~M_17) with ~M_17 = enc(mul_point(P,initiator_noc_key_3),q_id_i_r) at {78} in copy a

out(c, ~M_18) with ~M_18 = enc(mul_point(P,responder_noc_key_3),q_id_r_r) at {79} in copy a

out(c, ~M_19) with ~M_19 = fresh_y_2 at {80} in copy a

out(c, ~M_20) with ~M_20 = enc(hash((seed_y_2,fresh_y_2)),q_eph_y) at {81} in copy a

out(c, ~M_21) with ~M_21 = enc(mul_point(mul_point(P,hash((seed_x_2,fresh_x_2))),hash((seed_y_2,fresh_y_2))),q_shared_secret_r) at {82} in copy a

out(c, ~M_22) with ~M_22 = enc(kdf(mul_point(mul_point(P,hash((seed_x_2,fresh_x_2))),hash((seed_y_2,fresh_y_2))),(ipk_3,hash(((mul_point(P,hash((seed_x_2,fresh_x_2))),initiator_random_3),(responder_random_3,mul_point(P,hash((seed_y_2,fresh_y_2))),aead_enc(kdf(mul_point(mul_point(P,hash((seed_x_2,fresh_x_2))),hash((seed_y_2,fresh_y_2))),(ipk_3,responder_random_3,mul_point(P,hash((seed_y_2,fresh_y_2))),hash((mul_point(P,hash((seed_x_2,fresh_x_2))),initiator_random_3))),sigma2_info),(mul_point(P,responder_noc_key_3),sign(noc_signing_key,mul_point(P,responder_noc_key_3)),sign(responder_noc_key_3,(mul_point(P,responder_noc_key_3),mul_point(P,hash((seed_y_2,fresh_y_2))),mul_point(P,hash((seed_x_2,fresh_x_2))))),resumption_id_5),ncase_sigma2n,nil)),aead_enc(kdf(mul_point(mul_point(P,hash((seed_x_2,fresh_x_2))),hash((seed_y_2,fresh_y_2))),(ipk_3,hash(((mul_point(P,hash((seed_x_2,fresh_x_2))),initiator_random_3),(responder_random_3,mul_point(P,hash((seed_y_2,fresh_y_2))),aead_enc(kdf(mul_point(mul_point(P,hash((seed_x_2,fresh_x_2))),hash((seed_y_2,fresh_y_2))),(ipk_3,responder_random_3,mul_point(P,hash((seed_y_2,fresh_y_2))),hash((mul_point(P,hash((seed_x_2,fresh_x_2))),initiator_random_3))),sigma2_info),(mul_point(P,responder_noc_key_3),sign(noc_signing_key,mul_point(P,responder_noc_key_3)),sign(responder_noc_key_3,(mul_point(P,responder_noc_key_3),mul_point(P,hash((seed_y_2,fresh_y_2))),mul_point(P,hash((seed_x_2,fresh_x_2))))),resumption_id_5),ncase_sigma2n,nil))))),sigma3_info),(mul_point(P,initiator_noc_key_3),sign(noc_signing_key,mul_point(P,initiator_noc_key_3)),sign(initiator_noc_key_3,(mul_point(P,initiator_noc_key_3),mul_point(P,hash((seed_x_2,fresh_x_2))),mul_point(P,hash((seed_y_2,fresh_y_2)))))),ncase_sigma3n,nil)))),sekeys_info),q_session_keys_r) at {83} in copy a

out(c, ~M_23) with ~M_23 = seed_y_2 at {97} in copy a_2

The attacker has the message dec(hash((~M_23,~M_19)),~M_20) = q_eph_y in phase 1.
A trace has been found.
RESULT not attacker_p1(q_eph_y[]) is false.
-- Query not attacker_p1(q_shared_secret_i[]) in process 1.
Translating the process into Horn clauses...
Completing...
200 rules inserted. Base: 193 rules (76 with conclusion selected). Queue: 99 rules.
400 rules inserted. Base: 368 rules (80 with conclusion selected). Queue: 187 rules.
600 rules inserted. Base: 459 rules (80 with conclusion selected). Queue: 211 rules.
800 rules inserted. Base: 540 rules (85 with conclusion selected). Queue: 225 rules.
1000 rules inserted. Base: 665 rules (95 with conclusion selected). Queue: 250 rules.
1200 rules inserted. Base: 772 rules (95 with conclusion selected). Queue: 237 rules.
1400 rules inserted. Base: 872 rules (95 with conclusion selected). Queue: 218 rules.
1600 rules inserted. Base: 1001 rules (103 with conclusion selected). Queue: 199 rules.
1800 rules inserted. Base: 978 rules (103 with conclusion selected). Queue: 184 rules.
2000 rules inserted. Base: 1065 rules (103 with conclusion selected). Queue: 176 rules.
2200 rules inserted. Base: 1175 rules (110 with conclusion selected). Queue: 184 rules.
2400 rules inserted. Base: 1279 rules (111 with conclusion selected). Queue: 157 rules.
2600 rules inserted. Base: 1375 rules (112 with conclusion selected). Queue: 139 rules.
2800 rules inserted. Base: 1493 rules (112 with conclusion selected). Queue: 100 rules.
3000 rules inserted. Base: 1498 rules (114 with conclusion selected). Queue: 46 rules.
ok, secrecy assumption verified: fact unreachable attacker_p1(q_id_i_i[])
ok, secrecy assumption verified: fact unreachable attacker(q_id_i_i[])
ok, secrecy assumption verified: fact unreachable attacker_p1(q_id_i_r[])
ok, secrecy assumption verified: fact unreachable attacker(q_id_i_r[])
ok, secrecy assumption verified: fact unreachable attacker_p1(q_id_r_i[])
ok, secrecy assumption verified: fact unreachable attacker(q_id_r_i[])
ok, secrecy assumption verified: fact unreachable attacker_p1(q_id_r_r[])
ok, secrecy assumption verified: fact unreachable attacker(q_id_r_r[])
ok, secrecy assumption verified: fact unreachable attacker_p1(q_eph_x[])
ok, secrecy assumption verified: fact unreachable attacker(q_eph_x[])
ok, secrecy assumption verified: fact unreachable attacker(q_eph_y[])
ok, secrecy assumption verified: fact unreachable attacker(q_shared_secret_i[])
ok, secrecy assumption verified: fact unreachable attacker(q_shared_secret_r[])
ok, secrecy assumption verified: fact unreachable attacker_p1(q_session_keys_i[])
ok, secrecy assumption verified: fact unreachable attacker(q_session_keys_i[])
ok, secrecy assumption verified: fact unreachable attacker_p1(q_session_keys_r[])
ok, secrecy assumption verified: fact unreachable attacker(q_session_keys_r[])
ok, secrecy assumption verified: fact unreachable attacker(q_resumption_session_keys_i[])
ok, secrecy assumption verified: fact unreachable attacker(q_resumption_session_keys_r[])
Starting query not attacker_p1(q_shared_secret_i[])
goal reachable: attacker_p1(q_shared_secret_i[])

Derivation:
Abbreviations:
fresh_x_1 = fresh_x[!1 = @sid]
initiator_random_2 = initiator_random[!1 = @sid]
fresh_y_1 = fresh_y[msg1_1 = (mul_point(P,hash((seed_x[],fresh_x_1))),initiator_random_2),!1 = @sid_1]
responder_random_2 = responder_random_1[msg1_1 = (mul_point(P,hash((seed_x[],fresh_x_1))),initiator_random_2),!1 = @sid_1]
responder_noc_key_2 = responder_noc_key[!1 = @sid_1]
resumption_id_4 = resumption_id_1[msg1_1 = (mul_point(P,hash((seed_x[],fresh_x_1))),initiator_random_2),!1 = @sid_1]
initiator_noc_key_2 = initiator_noc_key[!1 = @sid]

1. The message (mul_point(P,hash((seed_x[],fresh_x_1))),initiator_random_2) may be sent to the attacker at output {18}.
attacker((mul_point(P,hash((seed_x[],fresh_x_1))),initiator_random_2)).

2. By 1, the attacker may know (mul_point(P,hash((seed_x[],fresh_x_1))),initiator_random_2).
Using the function 2-proj-2-tuple the attacker may obtain initiator_random_2.
attacker(initiator_random_2).

3. By 1, the attacker may know (mul_point(P,hash((seed_x[],fresh_x_1))),initiator_random_2).
Using the function 1-proj-2-tuple the attacker may obtain mul_point(P,hash((seed_x[],fresh_x_1))).
attacker(mul_point(P,hash((seed_x[],fresh_x_1)))).

4. By 3, the attacker may know mul_point(P,hash((seed_x[],fresh_x_1))).
By 2, the attacker may know initiator_random_2.
Using the function 2-tuple the attacker may obtain (mul_point(P,hash((seed_x[],fresh_x_1))),initiator_random_2).
attacker((mul_point(P,hash((seed_x[],fresh_x_1))),initiator_random_2)).

5. The message (mul_point(P,hash((seed_x[],fresh_x_1))),initiator_random_2) that the attacker may have by 4 may be received at input {57}.
So the message (responder_random_2,mul_point(P,hash((seed_y[],fresh_y_1))),aead_enc(kdf(mul_point(mul_point(P,hash((seed_y[],fresh_y_1))),hash((seed_x[],fresh_x_1))),(ipk[],responder_random_2,mul_point(P,hash((seed_y[],fresh_y_1))),hash((mul_point(P,hash((seed_x[],fresh_x_1))),initiator_random_2))),sigma2_info),(mul_point(P,responder_noc_key_2),sign(noc_signing_key[],mul_point(P,responder_noc_key_2)),sign(responder_noc_key_2,(mul_point(P,responder_noc_key_2),mul_point(P,hash((seed_y[],fresh_y_1))),mul_point(P,hash((seed_x[],fresh_x_1))))),resumption_id_4),ncase_sigma2n,nil)) may be sent to the attacker at output {70}.
attacker((responder_random_2,mul_point(P,hash((seed_y[],fresh_y_1))),aead_enc(kdf(mul_point(mul_point(P,hash((seed_y[],fresh_y_1))),hash((seed_x[],fresh_x_1))),(ipk[],responder_random_2,mul_point(P,hash((seed_y[],fresh_y_1))),hash((mul_point(P,hash((seed_x[],fresh_x_1))),initiator_random_2))),sigma2_info),(mul_point(P,responder_noc_key_2),sign(noc_signing_key[],mul_point(P,responder_noc_key_2)),sign(responder_noc_key_2,(mul_point(P,responder_noc_key_2),mul_point(P,hash((seed_y[],fresh_y_1))),mul_point(P,hash((seed_x[],fresh_x_1))))),resumption_id_4),ncase_sigma2n,nil))).

6. By 5, the attacker may know (responder_random_2,mul_point(P,hash((seed_y[],fresh_y_1))),aead_enc(kdf(mul_point(mul_point(P,hash((seed_y[],fresh_y_1))),hash((seed_x[],fresh_x_1))),(ipk[],responder_random_2,mul_point(P,hash((seed_y[],fresh_y_1))),hash((mul_point(P,hash((seed_x[],fresh_x_1))),initiator_random_2))),sigma2_info),(mul_point(P,responder_noc_key_2),sign(noc_signing_key[],mul_point(P,responder_noc_key_2)),sign(responder_noc_key_2,(mul_point(P,responder_noc_key_2),mul_point(P,hash((seed_y[],fresh_y_1))),mul_point(P,hash((seed_x[],fresh_x_1))))),resumption_id_4),ncase_sigma2n,nil)).
Using the function 3-proj-3-tuple the attacker may obtain aead_enc(kdf(mul_point(mul_point(P,hash((seed_y[],fresh_y_1))),hash((seed_x[],fresh_x_1))),(ipk[],responder_random_2,mul_point(P,hash((seed_y[],fresh_y_1))),hash((mul_point(P,hash((seed_x[],fresh_x_1))),initiator_random_2))),sigma2_info),(mul_point(P,responder_noc_key_2),sign(noc_signing_key[],mul_point(P,responder_noc_key_2)),sign(responder_noc_key_2,(mul_point(P,responder_noc_key_2),mul_point(P,hash((seed_y[],fresh_y_1))),mul_point(P,hash((seed_x[],fresh_x_1))))),resumption_id_4),ncase_sigma2n,nil).
attacker(aead_enc(kdf(mul_point(mul_point(P,hash((seed_y[],fresh_y_1))),hash((seed_x[],fresh_x_1))),(ipk[],responder_random_2,mul_point(P,hash((seed_y[],fresh_y_1))),hash((mul_point(P,hash((seed_x[],fresh_x_1))),initiator_random_2))),sigma2_info),(mul_point(P,responder_noc_key_2),sign(noc_signing_key[],mul_point(P,responder_noc_key_2)),sign(responder_noc_key_2,(mul_point(P,responder_noc_key_2),mul_point(P,hash((seed_y[],fresh_y_1))),mul_point(P,hash((seed_x[],fresh_x_1))))),resumption_id_4),ncase_sigma2n,nil)).

7. The message (mul_point(P,hash((seed_x[],fresh_x_1))),initiator_random_2) that the attacker may have by 4 may be received at input {57}.
So the message (responder_random_2,mul_point(P,hash((seed_y[],fresh_y_1))),aead_enc(kdf(mul_point(mul_point(P,hash((seed_x[],fresh_x_1))),hash((seed_y[],fresh_y_1))),(ipk[],responder_random_2,mul_point(P,hash((seed_y[],fresh_y_1))),hash((mul_point(P,hash((seed_x[],fresh_x_1))),initiator_random_2))),sigma2_info),(mul_point(P,responder_noc_key_2),sign(noc_signing_key[],mul_point(P,responder_noc_key_2)),sign(responder_noc_key_2,(mul_point(P,responder_noc_key_2),mul_point(P,hash((seed_y[],fresh_y_1))),mul_point(P,hash((seed_x[],fresh_x_1))))),resumption_id_4),ncase_sigma2n,nil)) may be sent to the attacker at output {70}.
attacker((responder_random_2,mul_point(P,hash((seed_y[],fresh_y_1))),aead_enc(kdf(mul_point(mul_point(P,hash((seed_x[],fresh_x_1))),hash((seed_y[],fresh_y_1))),(ipk[],responder_random_2,mul_point(P,hash((seed_y[],fresh_y_1))),hash((mul_point(P,hash((seed_x[],fresh_x_1))),initiator_random_2))),sigma2_info),(mul_point(P,responder_noc_key_2),sign(noc_signing_key[],mul_point(P,responder_noc_key_2)),sign(responder_noc_key_2,(mul_point(P,responder_noc_key_2),mul_point(P,hash((seed_y[],fresh_y_1))),mul_point(P,hash((seed_x[],fresh_x_1))))),resumption_id_4),ncase_sigma2n,nil))).

8. By 7, the attacker may know (responder_random_2,mul_point(P,hash((seed_y[],fresh_y_1))),aead_enc(kdf(mul_point(mul_point(P,hash((seed_x[],fresh_x_1))),hash((seed_y[],fresh_y_1))),(ipk[],responder_random_2,mul_point(P,hash((seed_y[],fresh_y_1))),hash((mul_point(P,hash((seed_x[],fresh_x_1))),initiator_random_2))),sigma2_info),(mul_point(P,responder_noc_key_2),sign(noc_signing_key[],mul_point(P,responder_noc_key_2)),sign(responder_noc_key_2,(mul_point(P,responder_noc_key_2),mul_point(P,hash((seed_y[],fresh_y_1))),mul_point(P,hash((seed_x[],fresh_x_1))))),resumption_id_4),ncase_sigma2n,nil)).
Using the function 2-proj-3-tuple the attacker may obtain mul_point(P,hash((seed_y[],fresh_y_1))).
attacker(mul_point(P,hash((seed_y[],fresh_y_1)))).

9. By 7, the attacker may know (responder_random_2,mul_point(P,hash((seed_y[],fresh_y_1))),aead_enc(kdf(mul_point(mul_point(P,hash((seed_x[],fresh_x_1))),hash((seed_y[],fresh_y_1))),(ipk[],responder_random_2,mul_point(P,hash((seed_y[],fresh_y_1))),hash((mul_point(P,hash((seed_x[],fresh_x_1))),initiator_random_2))),sigma2_info),(mul_point(P,responder_noc_key_2),sign(noc_signing_key[],mul_point(P,responder_noc_key_2)),sign(responder_noc_key_2,(mul_point(P,responder_noc_key_2),mul_point(P,hash((seed_y[],fresh_y_1))),mul_point(P,hash((seed_x[],fresh_x_1))))),resumption_id_4),ncase_sigma2n,nil)).
Using the function 1-proj-3-tuple the attacker may obtain responder_random_2.
attacker(responder_random_2).

10. By 9, the attacker may know responder_random_2.
By 8, the attacker may know mul_point(P,hash((seed_y[],fresh_y_1))).
By 6, the attacker may know aead_enc(kdf(mul_point(mul_point(P,hash((seed_y[],fresh_y_1))),hash((seed_x[],fresh_x_1))),(ipk[],responder_random_2,mul_point(P,hash((seed_y[],fresh_y_1))),hash((mul_point(P,hash((seed_x[],fresh_x_1))),initiator_random_2))),sigma2_info),(mul_point(P,responder_noc_key_2),sign(noc_signing_key[],mul_point(P,responder_noc_key_2)),sign(responder_noc_key_2,(mul_point(P,responder_noc_key_2),mul_point(P,hash((seed_y[],fresh_y_1))),mul_point(P,hash((seed_x[],fresh_x_1))))),resumption_id_4),ncase_sigma2n,nil).
Using the function 3-tuple the attacker may obtain (responder_random_2,mul_point(P,hash((seed_y[],fresh_y_1))),aead_enc(kdf(mul_point(mul_point(P,hash((seed_y[],fresh_y_1))),hash((seed_x[],fresh_x_1))),(ipk[],responder_random_2,mul_point(P,hash((seed_y[],fresh_y_1))),hash((mul_point(P,hash((seed_x[],fresh_x_1))),initiator_random_2))),sigma2_info),(mul_point(P,responder_noc_key_2),sign(noc_signing_key[],mul_point(P,responder_noc_key_2)),sign(responder_noc_key_2,(mul_point(P,responder_noc_key_2),mul_point(P,hash((seed_y[],fresh_y_1))),mul_point(P,hash((seed_x[],fresh_x_1))))),resumption_id_4),ncase_sigma2n,nil)).
attacker((responder_random_2,mul_point(P,hash((seed_y[],fresh_y_1))),aead_enc(kdf(mul_point(mul_point(P,hash((seed_y[],fresh_y_1))),hash((seed_x[],fresh_x_1))),(ipk[],responder_random_2,mul_point(P,hash((seed_y[],fresh_y_1))),hash((mul_point(P,hash((seed_x[],fresh_x_1))),initiator_random_2))),sigma2_info),(mul_point(P,responder_noc_key_2),sign(noc_signing_key[],mul_point(P,responder_noc_key_2)),sign(responder_noc_key_2,(mul_point(P,responder_noc_key_2),mul_point(P,hash((seed_y[],fresh_y_1))),mul_point(P,hash((seed_x[],fresh_x_1))))),resumption_id_4),ncase_sigma2n,nil))).

11. The message (responder_random_2,mul_point(P,hash((seed_y[],fresh_y_1))),aead_enc(kdf(mul_point(mul_point(P,hash((seed_y[],fresh_y_1))),hash((seed_x[],fresh_x_1))),(ipk[],responder_random_2,mul_point(P,hash((seed_y[],fresh_y_1))),hash((mul_point(P,hash((seed_x[],fresh_x_1))),initiator_random_2))),sigma2_info),(mul_point(P,responder_noc_key_2),sign(noc_signing_key[],mul_point(P,responder_noc_key_2)),sign(responder_noc_key_2,(mul_point(P,responder_noc_key_2),mul_point(P,hash((seed_y[],fresh_y_1))),mul_point(P,hash((seed_x[],fresh_x_1))))),resumption_id_4),ncase_sigma2n,nil)) that the attacker may have by 10 may be received at input {19}.
So the message enc(mul_point(mul_point(P,hash((seed_y[],fresh_y_1))),hash((seed_x[],fresh_x_1))),q_shared_secret_i[]) may be sent to the attacker at output {37}.
attacker(enc(mul_point(mul_point(P,hash((seed_y[],fresh_y_1))),hash((seed_x[],fresh_x_1))),q_shared_secret_i[])).

12. By 11, the attacker may know enc(mul_point(mul_point(P,hash((seed_y[],fresh_y_1))),hash((seed_x[],fresh_x_1))),q_shared_secret_i[]).
So the attacker may know enc(mul_point(mul_point(P,hash((seed_y[],fresh_y_1))),hash((seed_x[],fresh_x_1))),q_shared_secret_i[]) in phase 1.
attacker_p1(enc(mul_point(mul_point(P,hash((seed_y[],fresh_y_1))),hash((seed_x[],fresh_x_1))),q_shared_secret_i[])).

13. The message (responder_random_2,mul_point(P,hash((seed_y[],fresh_y_1))),aead_enc(kdf(mul_point(mul_point(P,hash((seed_x[],fresh_x_1))),hash((seed_y[],fresh_y_1))),(ipk[],responder_random_2,mul_point(P,hash((seed_y[],fresh_y_1))),hash((mul_point(P,hash((seed_x[],fresh_x_1))),initiator_random_2))),sigma2_info),(mul_point(P,responder_noc_key_2),sign(noc_signing_key[],mul_point(P,responder_noc_key_2)),sign(responder_noc_key_2,(mul_point(P,responder_noc_key_2),mul_point(P,hash((seed_y[],fresh_y_1))),mul_point(P,hash((seed_x[],fresh_x_1))))),resumption_id_4),ncase_sigma2n,nil)) that the attacker may have by 7 may be received at input {19}.
So the message aead_enc(kdf(mul_point(mul_point(P,hash((seed_x[],fresh_x_1))),hash((seed_y[],fresh_y_1))),(ipk[],hash(((mul_point(P,hash((seed_x[],fresh_x_1))),initiator_random_2),(responder_random_2,mul_point(P,hash((seed_y[],fresh_y_1))),aead_enc(kdf(mul_point(mul_point(P,hash((seed_x[],fresh_x_1))),hash((seed_y[],fresh_y_1))),(ipk[],responder_random_2,mul_point(P,hash((seed_y[],fresh_y_1))),hash((mul_point(P,hash((seed_x[],fresh_x_1))),initiator_random_2))),sigma2_info),(mul_point(P,responder_noc_key_2),sign(noc_signing_key[],mul_point(P,responder_noc_key_2)),sign(responder_noc_key_2,(mul_point(P,responder_noc_key_2),mul_point(P,hash((seed_y[],fresh_y_1))),mul_point(P,hash((seed_x[],fresh_x_1))))),resumption_id_4),ncase_sigma2n,nil))))),sigma3_info),(mul_point(P,initiator_noc_key_2),sign(noc_signing_key[],mul_point(P,initiator_noc_key_2)),sign(initiator_noc_key_2,(mul_point(P,initiator_noc_key_2),mul_point(P,hash((seed_x[],fresh_x_1))),mul_point(P,hash((seed_y[],fresh_y_1)))))),ncase_sigma3n,nil) may be sent to the attacker at output {30}.
attacker(aead_enc(kdf(mul_point(mul_point(P,hash((seed_x[],fresh_x_1))),hash((seed_y[],fresh_y_1))),(ipk[],hash(((mul_point(P,hash((seed_x[],fresh_x_1))),initiator_random_2),(responder_random_2,mul_point(P,hash((seed_y[],fresh_y_1))),aead_enc(kdf(mul_point(mul_point(P,hash((seed_x[],fresh_x_1))),hash((seed_y[],fresh_y_1))),(ipk[],responder_random_2,mul_point(P,hash((seed_y[],fresh_y_1))),hash((mul_point(P,hash((seed_x[],fresh_x_1))),initiator_random_2))),sigma2_info),(mul_point(P,responder_noc_key_2),sign(noc_signing_key[],mul_point(P,responder_noc_key_2)),sign(responder_noc_key_2,(mul_point(P,responder_noc_key_2),mul_point(P,hash((seed_y[],fresh_y_1))),mul_point(P,hash((seed_x[],fresh_x_1))))),resumption_id_4),ncase_sigma2n,nil))))),sigma3_info),(mul_point(P,initiator_noc_key_2),sign(noc_signing_key[],mul_point(P,initiator_noc_key_2)),sign(initiator_noc_key_2,(mul_point(P,initiator_noc_key_2),mul_point(P,hash((seed_x[],fresh_x_1))),mul_point(P,hash((seed_y[],fresh_y_1)))))),ncase_sigma3n,nil)).

14. The message (mul_point(P,hash((seed_x[],fresh_x_1))),initiator_random_2) that the attacker may have by 4 may be received at input {57}.
The message aead_enc(kdf(mul_point(mul_point(P,hash((seed_x[],fresh_x_1))),hash((seed_y[],fresh_y_1))),(ipk[],hash(((mul_point(P,hash((seed_x[],fresh_x_1))),initiator_random_2),(responder_random_2,mul_point(P,hash((seed_y[],fresh_y_1))),aead_enc(kdf(mul_point(mul_point(P,hash((seed_x[],fresh_x_1))),hash((seed_y[],fresh_y_1))),(ipk[],responder_random_2,mul_point(P,hash((seed_y[],fresh_y_1))),hash((mul_point(P,hash((seed_x[],fresh_x_1))),initiator_random_2))),sigma2_info),(mul_point(P,responder_noc_key_2),sign(noc_signing_key[],mul_point(P,responder_noc_key_2)),sign(responder_noc_key_2,(mul_point(P,responder_noc_key_2),mul_point(P,hash((seed_y[],fresh_y_1))),mul_point(P,hash((seed_x[],fresh_x_1))))),resumption_id_4),ncase_sigma2n,nil))))),sigma3_info),(mul_point(P,initiator_noc_key_2),sign(noc_signing_key[],mul_point(P,initiator_noc_key_2)),sign(initiator_noc_key_2,(mul_point(P,initiator_noc_key_2),mul_point(P,hash((seed_x[],fresh_x_1))),mul_point(P,hash((seed_y[],fresh_y_1)))))),ncase_sigma3n,nil) that the attacker may have by 13 may be received at input {71}.
So the message fresh_y_1 may be sent to the attacker at output {80}.
attacker(fresh_y_1).

15. By 14, the attacker may know fresh_y_1.
So the attacker may know fresh_y_1 in phase 1.
attacker_p1(fresh_y_1).

16. The message seed_y[] may be sent to the attacker in phase 1 at output {97}.
attacker_p1(seed_y[]).

17. By 16, the attacker may know seed_y[] in phase 1.
By 15, the attacker may know fresh_y_1 in phase 1.
Using the function 2-tuple the attacker may obtain (seed_y[],fresh_y_1) in phase 1.
attacker_p1((seed_y[],fresh_y_1)).

18. By 17, the attacker may know (seed_y[],fresh_y_1) in phase 1.
Using the function hash the attacker may obtain hash((seed_y[],fresh_y_1)) in phase 1.
attacker_p1(hash((seed_y[],fresh_y_1))).

19. By 3, the attacker may know mul_point(P,hash((seed_x[],fresh_x_1))).
So the attacker may know mul_point(P,hash((seed_x[],fresh_x_1))) in phase 1.
attacker_p1(mul_point(P,hash((seed_x[],fresh_x_1)))).

20. By 19, the attacker may know mul_point(P,hash((seed_x[],fresh_x_1))) in phase 1.
By 18, the attacker may know hash((seed_y[],fresh_y_1)) in phase 1.
Using the function mul_point the attacker may obtain mul_point(mul_point(P,hash((seed_y[],fresh_y_1))),hash((seed_x[],fresh_x_1))) in phase 1.
attacker_p1(mul_point(mul_point(P,hash((seed_y[],fresh_y_1))),hash((seed_x[],fresh_x_1)))).

21. By 20, the attacker may know mul_point(mul_point(P,hash((seed_y[],fresh_y_1))),hash((seed_x[],fresh_x_1))) in phase 1.
By 12, the attacker may know enc(mul_point(mul_point(P,hash((seed_y[],fresh_y_1))),hash((seed_x[],fresh_x_1))),q_shared_secret_i[]) in phase 1.
Using the function dec the attacker may obtain q_shared_secret_i[] in phase 1.
attacker_p1(q_shared_secret_i[]).

22. By 21, attacker_p1(q_shared_secret_i[]).
The goal is reached, represented in the following fact:
attacker_p1(q_shared_secret_i[]).


A more detailed output of the traces is available with
  set traceDisplay = long.

new ipk: key creating ipk_3 at {1}

new seed_x: bitstring creating seed_x_2 at {2}

new seed_y: bitstring creating seed_y_2 at {3}

out(c, ~M) with ~M = mul_point(P,noc_signing_key) at {5}

new responder_noc_key: key creating responder_noc_key_3 at {51} in copy a

new initiator_noc_key: key creating initiator_noc_key_3 at {7} in copy a_1

new fresh_x: bitstring creating fresh_x_2 at {13} in copy a_1

new initiator_random: bitstring creating initiator_random_3 at {15} in copy a_1

out(c, (~M_1,~M_2)) with ~M_1 = mul_point(P,hash((seed_x_2,fresh_x_2))), ~M_2 = initiator_random_3 at {18} in copy a_1

in(c, (~M_1,~M_2)) with ~M_1 = mul_point(P,hash((seed_x_2,fresh_x_2))), ~M_2 = initiator_random_3 at {57} in copy a

event start_session_with_initiator(mul_point(P,hash((seed_x_2,fresh_x_2))),initiator_random_3) at {59} in copy a

new fresh_y: bitstring creating fresh_y_2 at {60} in copy a

new responder_random_1: bitstring creating responder_random_3 at {62} in copy a

new resumption_id_1: bitstring creating resumption_id_5 at {63} in copy a

out(c, (~M_3,~M_4,~M_5)) with ~M_3 = responder_random_3, ~M_4 = mul_point(P,hash((seed_y_2,fresh_y_2))), ~M_5 = aead_enc(kdf(mul_point(mul_point(P,hash((seed_x_2,fresh_x_2))),hash((seed_y_2,fresh_y_2))),(ipk_3,responder_random_3,mul_point(P,hash((seed_y_2,fresh_y_2))),hash((mul_point(P,hash((seed_x_2,fresh_x_2))),initiator_random_3))),sigma2_info),(mul_point(P,responder_noc_key_3),sign(noc_signing_key,mul_point(P,responder_noc_key_3)),sign(responder_noc_key_3,(mul_point(P,responder_noc_key_3),mul_point(P,hash((seed_y_2,fresh_y_2))),mul_point(P,hash((seed_x_2,fresh_x_2))))),resumption_id_5),ncase_sigma2n,nil) at {70} in copy a

in(c, (~M_3,~M_4,~M_5)) with ~M_3 = responder_random_3, ~M_4 = mul_point(P,hash((seed_y_2,fresh_y_2))), ~M_5 = aead_enc(kdf(mul_point(mul_point(P,hash((seed_y_2,fresh_y_2))),hash((seed_x_2,fresh_x_2))),(ipk_3,responder_random_3,mul_point(P,hash((seed_y_2,fresh_y_2))),hash((mul_point(P,hash((seed_x_2,fresh_x_2))),initiator_random_3))),sigma2_info),(mul_point(P,responder_noc_key_3),sign(noc_signing_key,mul_point(P,responder_noc_key_3)),sign(responder_noc_key_3,(mul_point(P,responder_noc_key_3),mul_point(P,hash((seed_y_2,fresh_y_2))),mul_point(P,hash((seed_x_2,fresh_x_2))))),resumption_id_5),ncase_sigma2n,nil) at {19} in copy a_1

event start_session_with_responder(mul_point(P,hash((seed_y_2,fresh_y_2))),responder_random_3) at {21} in copy a_1

event accept_responder_identity(mul_point(P,responder_noc_key_3),mul_point(P,hash((seed_y_2,fresh_y_2))),responder_random_3) at {26} in copy a_1

out(c, ~M_6) with ~M_6 = aead_enc(kdf(mul_point(mul_point(P,hash((seed_y_2,fresh_y_2))),hash((seed_x_2,fresh_x_2))),(ipk_3,hash(((mul_point(P,hash((seed_x_2,fresh_x_2))),initiator_random_3),(responder_random_3,mul_point(P,hash((seed_y_2,fresh_y_2))),aead_enc(kdf(mul_point(mul_point(P,hash((seed_y_2,fresh_y_2))),hash((seed_x_2,fresh_x_2))),(ipk_3,responder_random_3,mul_point(P,hash((seed_y_2,fresh_y_2))),hash((mul_point(P,hash((seed_x_2,fresh_x_2))),initiator_random_3))),sigma2_info),(mul_point(P,responder_noc_key_3),sign(noc_signing_key,mul_point(P,responder_noc_key_3)),sign(responder_noc_key_3,(mul_point(P,responder_noc_key_3),mul_point(P,hash((seed_y_2,fresh_y_2))),mul_point(P,hash((seed_x_2,fresh_x_2))))),resumption_id_5),ncase_sigma2n,nil))))),sigma3_info),(mul_point(P,initiator_noc_key_3),sign(noc_signing_key,mul_point(P,initiator_noc_key_3)),sign(initiator_noc_key_3,(mul_point(P,initiator_noc_key_3),mul_point(P,hash((seed_x_2,fresh_x_2))),mul_point(P,hash((seed_y_2,fresh_y_2)))))),ncase_sigma3n,nil) at {30} in copy a_1

event initiator_end(mul_point(P,initiator_noc_key_3),mul_point(P,hash((seed_x_2,fresh_x_2))),initiator_random_3) at {32} in copy a_1

out(c, ~M_7) with ~M_7 = enc(mul_point(P,initiator_noc_key_3),q_id_i_i) at {33} in copy a_1

out(c, ~M_8) with ~M_8 = enc(mul_point(P,responder_noc_key_3),q_id_r_i) at {34} in copy a_1

out(c, ~M_9) with ~M_9 = fresh_x_2 at {35} in copy a_1

out(c, ~M_10) with ~M_10 = enc(hash((seed_x_2,fresh_x_2)),q_eph_x) at {36} in copy a_1

out(c, ~M_11) with ~M_11 = enc(mul_point(mul_point(P,hash((seed_y_2,fresh_y_2))),hash((seed_x_2,fresh_x_2))),q_shared_secret_i) at {37} in copy a_1

out(c, ~M_12) with ~M_12 = enc(kdf(mul_point(mul_point(P,hash((seed_y_2,fresh_y_2))),hash((seed_x_2,fresh_x_2))),(ipk_3,hash(((mul_point(P,hash((seed_x_2,fresh_x_2))),initiator_random_3),(responder_random_3,mul_point(P,hash((seed_y_2,fresh_y_2))),aead_enc(kdf(mul_point(mul_point(P,hash((seed_y_2,fresh_y_2))),hash((seed_x_2,fresh_x_2))),(ipk_3,responder_random_3,mul_point(P,hash((seed_y_2,fresh_y_2))),hash((mul_point(P,hash((seed_x_2,fresh_x_2))),initiator_random_3))),sigma2_info),(mul_point(P,responder_noc_key_3),sign(noc_signing_key,mul_point(P,responder_noc_key_3)),sign(responder_noc_key_3,(mul_point(P,responder_noc_key_3),mul_point(P,hash((seed_y_2,fresh_y_2))),mul_point(P,hash((seed_x_2,fresh_x_2))))),resumption_id_5),ncase_sigma2n,nil)),aead_enc(kdf(mul_point(mul_point(P,hash((seed_y_2,fresh_y_2))),hash((seed_x_2,fresh_x_2))),(ipk_3,hash(((mul_point(P,hash((seed_x_2,fresh_x_2))),initiator_random_3),(responder_random_3,mul_point(P,hash((seed_y_2,fresh_y_2))),aead_enc(kdf(mul_point(mul_point(P,hash((seed_y_2,fresh_y_2))),hash((seed_x_2,fresh_x_2))),(ipk_3,responder_random_3,mul_point(P,hash((seed_y_2,fresh_y_2))),hash((mul_point(P,hash((seed_x_2,fresh_x_2))),initiator_random_3))),sigma2_info),(mul_point(P,responder_noc_key_3),sign(noc_signing_key,mul_point(P,responder_noc_key_3)),sign(responder_noc_key_3,(mul_point(P,responder_noc_key_3),mul_point(P,hash((seed_y_2,fresh_y_2))),mul_point(P,hash((seed_x_2,fresh_x_2))))),resumption_id_5),ncase_sigma2n,nil))))),sigma3_info),(mul_point(P,initiator_noc_key_3),sign(noc_signing_key,mul_point(P,initiator_noc_key_3)),sign(initiator_noc_key_3,(mul_point(P,initiator_noc_key_3),mul_point(P,hash((seed_x_2,fresh_x_2))),mul_point(P,hash((seed_y_2,fresh_y_2)))))),ncase_sigma3n,nil)))),sekeys_info),q_session_keys_i) at {38} in copy a_1

new res_initiator_random: bitstring creating res_initiator_random_2 at {39} in copy a_1

out(c, (~M_13,~M_14,~M_15)) with ~M_13 = res_initiator_random_2, ~M_14 = resumption_id_5, ~M_15 = aead_enc(kdf(mul_point(mul_point(P,hash((seed_y_2,fresh_y_2))),hash((seed_x_2,fresh_x_2))),(res_initiator_random_2,resumption_id_5),sigma1_resume),nil,resume1mic_nonce,nil) at {42} in copy a_1

in(c, ~M_6) with ~M_6 = aead_enc(kdf(mul_point(mul_point(P,hash((seed_x_2,fresh_x_2))),hash((seed_y_2,fresh_y_2))),(ipk_3,hash(((mul_point(P,hash((seed_x_2,fresh_x_2))),initiator_random_3),(responder_random_3,mul_point(P,hash((seed_y_2,fresh_y_2))),aead_enc(kdf(mul_point(mul_point(P,hash((seed_x_2,fresh_x_2))),hash((seed_y_2,fresh_y_2))),(ipk_3,responder_random_3,mul_point(P,hash((seed_y_2,fresh_y_2))),hash((mul_point(P,hash((seed_x_2,fresh_x_2))),initiator_random_3))),sigma2_info),(mul_point(P,responder_noc_key_3),sign(noc_signing_key,mul_point(P,responder_noc_key_3)),sign(responder_noc_key_3,(mul_point(P,responder_noc_key_3),mul_point(P,hash((seed_y_2,fresh_y_2))),mul_point(P,hash((seed_x_2,fresh_x_2))))),resumption_id_5),ncase_sigma2n,nil))))),sigma3_info),(mul_point(P,initiator_noc_key_3),sign(noc_signing_key,mul_point(P,initiator_noc_key_3)),sign(initiator_noc_key_3,(mul_point(P,initiator_noc_key_3),mul_point(P,hash((seed_x_2,fresh_x_2))),mul_point(P,hash((seed_y_2,fresh_y_2)))))),ncase_sigma3n,nil) at {71} in copy a

out(c, ~M_16) with ~M_16 = sigma_finished at {76} in copy a

event responder_end(mul_point(P,responder_noc_key_3),mul_point(P,hash((seed_y_2,fresh_y_2))),responder_random_3) at {77} in copy a

out(c, ~M_17) with ~M_17 = enc(mul_point(P,initiator_noc_key_3),q_id_i_r) at {78} in copy a

out(c, ~M_18) with ~M_18 = enc(mul_point(P,responder_noc_key_3),q_id_r_r) at {79} in copy a

out(c, ~M_19) with ~M_19 = fresh_y_2 at {80} in copy a

out(c, ~M_20) with ~M_20 = enc(hash((seed_y_2,fresh_y_2)),q_eph_y) at {81} in copy a

out(c, ~M_21) with ~M_21 = enc(mul_point(mul_point(P,hash((seed_x_2,fresh_x_2))),hash((seed_y_2,fresh_y_2))),q_shared_secret_r) at {82} in copy a

out(c, ~M_22) with ~M_22 = enc(kdf(mul_point(mul_point(P,hash((seed_x_2,fresh_x_2))),hash((seed_y_2,fresh_y_2))),(ipk_3,hash(((mul_point(P,hash((seed_x_2,fresh_x_2))),initiator_random_3),(responder_random_3,mul_point(P,hash((seed_y_2,fresh_y_2))),aead_enc(kdf(mul_point(mul_point(P,hash((seed_x_2,fresh_x_2))),hash((seed_y_2,fresh_y_2))),(ipk_3,responder_random_3,mul_point(P,hash((seed_y_2,fresh_y_2))),hash((mul_point(P,hash((seed_x_2,fresh_x_2))),initiator_random_3))),sigma2_info),(mul_point(P,responder_noc_key_3),sign(noc_signing_key,mul_point(P,responder_noc_key_3)),sign(responder_noc_key_3,(mul_point(P,responder_noc_key_3),mul_point(P,hash((seed_y_2,fresh_y_2))),mul_point(P,hash((seed_x_2,fresh_x_2))))),resumption_id_5),ncase_sigma2n,nil)),aead_enc(kdf(mul_point(mul_point(P,hash((seed_x_2,fresh_x_2))),hash((seed_y_2,fresh_y_2))),(ipk_3,hash(((mul_point(P,hash((seed_x_2,fresh_x_2))),initiator_random_3),(responder_random_3,mul_point(P,hash((seed_y_2,fresh_y_2))),aead_enc(kdf(mul_point(mul_point(P,hash((seed_x_2,fresh_x_2))),hash((seed_y_2,fresh_y_2))),(ipk_3,responder_random_3,mul_point(P,hash((seed_y_2,fresh_y_2))),hash((mul_point(P,hash((seed_x_2,fresh_x_2))),initiator_random_3))),sigma2_info),(mul_point(P,responder_noc_key_3),sign(noc_signing_key,mul_point(P,responder_noc_key_3)),sign(responder_noc_key_3,(mul_point(P,responder_noc_key_3),mul_point(P,hash((seed_y_2,fresh_y_2))),mul_point(P,hash((seed_x_2,fresh_x_2))))),resumption_id_5),ncase_sigma2n,nil))))),sigma3_info),(mul_point(P,initiator_noc_key_3),sign(noc_signing_key,mul_point(P,initiator_noc_key_3)),sign(initiator_noc_key_3,(mul_point(P,initiator_noc_key_3),mul_point(P,hash((seed_x_2,fresh_x_2))),mul_point(P,hash((seed_y_2,fresh_y_2)))))),ncase_sigma3n,nil)))),sekeys_info),q_session_keys_r) at {83} in copy a

out(c, ~M_23) with ~M_23 = seed_y_2 at {97} in copy a_2

The attacker has the message dec(mul_point(~M_1,hash((~M_23,~M_19))),~M_11) = q_shared_secret_i in phase 1.
A trace has been found.
RESULT not attacker_p1(q_shared_secret_i[]) is false.
-- Query not attacker_p1(q_shared_secret_r[]) in process 1.
Translating the process into Horn clauses...
Completing...
200 rules inserted. Base: 193 rules (76 with conclusion selected). Queue: 99 rules.
400 rules inserted. Base: 368 rules (80 with conclusion selected). Queue: 187 rules.
600 rules inserted. Base: 459 rules (80 with conclusion selected). Queue: 211 rules.
800 rules inserted. Base: 540 rules (85 with conclusion selected). Queue: 225 rules.
1000 rules inserted. Base: 665 rules (95 with conclusion selected). Queue: 250 rules.
1200 rules inserted. Base: 772 rules (95 with conclusion selected). Queue: 237 rules.
1400 rules inserted. Base: 872 rules (95 with conclusion selected). Queue: 218 rules.
1600 rules inserted. Base: 1001 rules (103 with conclusion selected). Queue: 199 rules.
1800 rules inserted. Base: 978 rules (103 with conclusion selected). Queue: 184 rules.
2000 rules inserted. Base: 1065 rules (103 with conclusion selected). Queue: 176 rules.
2200 rules inserted. Base: 1175 rules (110 with conclusion selected). Queue: 184 rules.
2400 rules inserted. Base: 1279 rules (111 with conclusion selected). Queue: 157 rules.
2600 rules inserted. Base: 1375 rules (112 with conclusion selected). Queue: 139 rules.
2800 rules inserted. Base: 1493 rules (112 with conclusion selected). Queue: 100 rules.
3000 rules inserted. Base: 1498 rules (114 with conclusion selected). Queue: 46 rules.
ok, secrecy assumption verified: fact unreachable attacker_p1(q_id_i_i[])
ok, secrecy assumption verified: fact unreachable attacker(q_id_i_i[])
ok, secrecy assumption verified: fact unreachable attacker_p1(q_id_i_r[])
ok, secrecy assumption verified: fact unreachable attacker(q_id_i_r[])
ok, secrecy assumption verified: fact unreachable attacker_p1(q_id_r_i[])
ok, secrecy assumption verified: fact unreachable attacker(q_id_r_i[])
ok, secrecy assumption verified: fact unreachable attacker_p1(q_id_r_r[])
ok, secrecy assumption verified: fact unreachable attacker(q_id_r_r[])
ok, secrecy assumption verified: fact unreachable attacker_p1(q_eph_x[])
ok, secrecy assumption verified: fact unreachable attacker(q_eph_x[])
ok, secrecy assumption verified: fact unreachable attacker(q_eph_y[])
ok, secrecy assumption verified: fact unreachable attacker(q_shared_secret_i[])
ok, secrecy assumption verified: fact unreachable attacker(q_shared_secret_r[])
ok, secrecy assumption verified: fact unreachable attacker_p1(q_session_keys_i[])
ok, secrecy assumption verified: fact unreachable attacker(q_session_keys_i[])
ok, secrecy assumption verified: fact unreachable attacker_p1(q_session_keys_r[])
ok, secrecy assumption verified: fact unreachable attacker(q_session_keys_r[])
ok, secrecy assumption verified: fact unreachable attacker(q_resumption_session_keys_i[])
ok, secrecy assumption verified: fact unreachable attacker(q_resumption_session_keys_r[])
Starting query not attacker_p1(q_shared_secret_r[])
goal reachable: attacker_p1(q_shared_secret_r[])

Derivation:
Abbreviations:
fresh_x_1 = fresh_x[!1 = @sid]
initiator_random_2 = initiator_random[!1 = @sid]
fresh_y_1 = fresh_y[msg1_1 = (mul_point(P,hash((seed_x[],fresh_x_1))),initiator_random_2),!1 = @sid_1]
responder_random_2 = responder_random_1[msg1_1 = (mul_point(P,hash((seed_x[],fresh_x_1))),initiator_random_2),!1 = @sid_1]
responder_noc_key_2 = responder_noc_key[!1 = @sid_1]
resumption_id_4 = resumption_id_1[msg1_1 = (mul_point(P,hash((seed_x[],fresh_x_1))),initiator_random_2),!1 = @sid_1]
initiator_noc_key_2 = initiator_noc_key[!1 = @sid]

1. The message (mul_point(P,hash((seed_x[],fresh_x_1))),initiator_random_2) may be sent to the attacker at output {18}.
attacker((mul_point(P,hash((seed_x[],fresh_x_1))),initiator_random_2)).

2. By 1, the attacker may know (mul_point(P,hash((seed_x[],fresh_x_1))),initiator_random_2).
Using the function 2-proj-2-tuple the attacker may obtain initiator_random_2.
attacker(initiator_random_2).

3. By 1, the attacker may know (mul_point(P,hash((seed_x[],fresh_x_1))),initiator_random_2).
Using the function 1-proj-2-tuple the attacker may obtain mul_point(P,hash((seed_x[],fresh_x_1))).
attacker(mul_point(P,hash((seed_x[],fresh_x_1)))).

4. By 3, the attacker may know mul_point(P,hash((seed_x[],fresh_x_1))).
By 2, the attacker may know initiator_random_2.
Using the function 2-tuple the attacker may obtain (mul_point(P,hash((seed_x[],fresh_x_1))),initiator_random_2).
attacker((mul_point(P,hash((seed_x[],fresh_x_1))),initiator_random_2)).

5. The message (mul_point(P,hash((seed_x[],fresh_x_1))),initiator_random_2) that the attacker may have by 4 may be received at input {57}.
So the message (responder_random_2,mul_point(P,hash((seed_y[],fresh_y_1))),aead_enc(kdf(mul_point(mul_point(P,hash((seed_y[],fresh_y_1))),hash((seed_x[],fresh_x_1))),(ipk[],responder_random_2,mul_point(P,hash((seed_y[],fresh_y_1))),hash((mul_point(P,hash((seed_x[],fresh_x_1))),initiator_random_2))),sigma2_info),(mul_point(P,responder_noc_key_2),sign(noc_signing_key[],mul_point(P,responder_noc_key_2)),sign(responder_noc_key_2,(mul_point(P,responder_noc_key_2),mul_point(P,hash((seed_y[],fresh_y_1))),mul_point(P,hash((seed_x[],fresh_x_1))))),resumption_id_4),ncase_sigma2n,nil)) may be sent to the attacker at output {70}.
attacker((responder_random_2,mul_point(P,hash((seed_y[],fresh_y_1))),aead_enc(kdf(mul_point(mul_point(P,hash((seed_y[],fresh_y_1))),hash((seed_x[],fresh_x_1))),(ipk[],responder_random_2,mul_point(P,hash((seed_y[],fresh_y_1))),hash((mul_point(P,hash((seed_x[],fresh_x_1))),initiator_random_2))),sigma2_info),(mul_point(P,responder_noc_key_2),sign(noc_signing_key[],mul_point(P,responder_noc_key_2)),sign(responder_noc_key_2,(mul_point(P,responder_noc_key_2),mul_point(P,hash((seed_y[],fresh_y_1))),mul_point(P,hash((seed_x[],fresh_x_1))))),resumption_id_4),ncase_sigma2n,nil))).

6. By 5, the attacker may know (responder_random_2,mul_point(P,hash((seed_y[],fresh_y_1))),aead_enc(kdf(mul_point(mul_point(P,hash((seed_y[],fresh_y_1))),hash((seed_x[],fresh_x_1))),(ipk[],responder_random_2,mul_point(P,hash((seed_y[],fresh_y_1))),hash((mul_point(P,hash((seed_x[],fresh_x_1))),initiator_random_2))),sigma2_info),(mul_point(P,responder_noc_key_2),sign(noc_signing_key[],mul_point(P,responder_noc_key_2)),sign(responder_noc_key_2,(mul_point(P,responder_noc_key_2),mul_point(P,hash((seed_y[],fresh_y_1))),mul_point(P,hash((seed_x[],fresh_x_1))))),resumption_id_4),ncase_sigma2n,nil)).
Using the function 3-proj-3-tuple the attacker may obtain aead_enc(kdf(mul_point(mul_point(P,hash((seed_y[],fresh_y_1))),hash((seed_x[],fresh_x_1))),(ipk[],responder_random_2,mul_point(P,hash((seed_y[],fresh_y_1))),hash((mul_point(P,hash((seed_x[],fresh_x_1))),initiator_random_2))),sigma2_info),(mul_point(P,responder_noc_key_2),sign(noc_signing_key[],mul_point(P,responder_noc_key_2)),sign(responder_noc_key_2,(mul_point(P,responder_noc_key_2),mul_point(P,hash((seed_y[],fresh_y_1))),mul_point(P,hash((seed_x[],fresh_x_1))))),resumption_id_4),ncase_sigma2n,nil).
attacker(aead_enc(kdf(mul_point(mul_point(P,hash((seed_y[],fresh_y_1))),hash((seed_x[],fresh_x_1))),(ipk[],responder_random_2,mul_point(P,hash((seed_y[],fresh_y_1))),hash((mul_point(P,hash((seed_x[],fresh_x_1))),initiator_random_2))),sigma2_info),(mul_point(P,responder_noc_key_2),sign(noc_signing_key[],mul_point(P,responder_noc_key_2)),sign(responder_noc_key_2,(mul_point(P,responder_noc_key_2),mul_point(P,hash((seed_y[],fresh_y_1))),mul_point(P,hash((seed_x[],fresh_x_1))))),resumption_id_4),ncase_sigma2n,nil)).

7. The message (mul_point(P,hash((seed_x[],fresh_x_1))),initiator_random_2) that the attacker may have by 4 may be received at input {57}.
So the message (responder_random_2,mul_point(P,hash((seed_y[],fresh_y_1))),aead_enc(kdf(mul_point(mul_point(P,hash((seed_x[],fresh_x_1))),hash((seed_y[],fresh_y_1))),(ipk[],responder_random_2,mul_point(P,hash((seed_y[],fresh_y_1))),hash((mul_point(P,hash((seed_x[],fresh_x_1))),initiator_random_2))),sigma2_info),(mul_point(P,responder_noc_key_2),sign(noc_signing_key[],mul_point(P,responder_noc_key_2)),sign(responder_noc_key_2,(mul_point(P,responder_noc_key_2),mul_point(P,hash((seed_y[],fresh_y_1))),mul_point(P,hash((seed_x[],fresh_x_1))))),resumption_id_4),ncase_sigma2n,nil)) may be sent to the attacker at output {70}.
attacker((responder_random_2,mul_point(P,hash((seed_y[],fresh_y_1))),aead_enc(kdf(mul_point(mul_point(P,hash((seed_x[],fresh_x_1))),hash((seed_y[],fresh_y_1))),(ipk[],responder_random_2,mul_point(P,hash((seed_y[],fresh_y_1))),hash((mul_point(P,hash((seed_x[],fresh_x_1))),initiator_random_2))),sigma2_info),(mul_point(P,responder_noc_key_2),sign(noc_signing_key[],mul_point(P,responder_noc_key_2)),sign(responder_noc_key_2,(mul_point(P,responder_noc_key_2),mul_point(P,hash((seed_y[],fresh_y_1))),mul_point(P,hash((seed_x[],fresh_x_1))))),resumption_id_4),ncase_sigma2n,nil))).

8. By 7, the attacker may know (responder_random_2,mul_point(P,hash((seed_y[],fresh_y_1))),aead_enc(kdf(mul_point(mul_point(P,hash((seed_x[],fresh_x_1))),hash((seed_y[],fresh_y_1))),(ipk[],responder_random_2,mul_point(P,hash((seed_y[],fresh_y_1))),hash((mul_point(P,hash((seed_x[],fresh_x_1))),initiator_random_2))),sigma2_info),(mul_point(P,responder_noc_key_2),sign(noc_signing_key[],mul_point(P,responder_noc_key_2)),sign(responder_noc_key_2,(mul_point(P,responder_noc_key_2),mul_point(P,hash((seed_y[],fresh_y_1))),mul_point(P,hash((seed_x[],fresh_x_1))))),resumption_id_4),ncase_sigma2n,nil)).
Using the function 2-proj-3-tuple the attacker may obtain mul_point(P,hash((seed_y[],fresh_y_1))).
attacker(mul_point(P,hash((seed_y[],fresh_y_1)))).

9. By 7, the attacker may know (responder_random_2,mul_point(P,hash((seed_y[],fresh_y_1))),aead_enc(kdf(mul_point(mul_point(P,hash((seed_x[],fresh_x_1))),hash((seed_y[],fresh_y_1))),(ipk[],responder_random_2,mul_point(P,hash((seed_y[],fresh_y_1))),hash((mul_point(P,hash((seed_x[],fresh_x_1))),initiator_random_2))),sigma2_info),(mul_point(P,responder_noc_key_2),sign(noc_signing_key[],mul_point(P,responder_noc_key_2)),sign(responder_noc_key_2,(mul_point(P,responder_noc_key_2),mul_point(P,hash((seed_y[],fresh_y_1))),mul_point(P,hash((seed_x[],fresh_x_1))))),resumption_id_4),ncase_sigma2n,nil)).
Using the function 1-proj-3-tuple the attacker may obtain responder_random_2.
attacker(responder_random_2).

10. By 9, the attacker may know responder_random_2.
By 8, the attacker may know mul_point(P,hash((seed_y[],fresh_y_1))).
By 6, the attacker may know aead_enc(kdf(mul_point(mul_point(P,hash((seed_y[],fresh_y_1))),hash((seed_x[],fresh_x_1))),(ipk[],responder_random_2,mul_point(P,hash((seed_y[],fresh_y_1))),hash((mul_point(P,hash((seed_x[],fresh_x_1))),initiator_random_2))),sigma2_info),(mul_point(P,responder_noc_key_2),sign(noc_signing_key[],mul_point(P,responder_noc_key_2)),sign(responder_noc_key_2,(mul_point(P,responder_noc_key_2),mul_point(P,hash((seed_y[],fresh_y_1))),mul_point(P,hash((seed_x[],fresh_x_1))))),resumption_id_4),ncase_sigma2n,nil).
Using the function 3-tuple the attacker may obtain (responder_random_2,mul_point(P,hash((seed_y[],fresh_y_1))),aead_enc(kdf(mul_point(mul_point(P,hash((seed_y[],fresh_y_1))),hash((seed_x[],fresh_x_1))),(ipk[],responder_random_2,mul_point(P,hash((seed_y[],fresh_y_1))),hash((mul_point(P,hash((seed_x[],fresh_x_1))),initiator_random_2))),sigma2_info),(mul_point(P,responder_noc_key_2),sign(noc_signing_key[],mul_point(P,responder_noc_key_2)),sign(responder_noc_key_2,(mul_point(P,responder_noc_key_2),mul_point(P,hash((seed_y[],fresh_y_1))),mul_point(P,hash((seed_x[],fresh_x_1))))),resumption_id_4),ncase_sigma2n,nil)).
attacker((responder_random_2,mul_point(P,hash((seed_y[],fresh_y_1))),aead_enc(kdf(mul_point(mul_point(P,hash((seed_y[],fresh_y_1))),hash((seed_x[],fresh_x_1))),(ipk[],responder_random_2,mul_point(P,hash((seed_y[],fresh_y_1))),hash((mul_point(P,hash((seed_x[],fresh_x_1))),initiator_random_2))),sigma2_info),(mul_point(P,responder_noc_key_2),sign(noc_signing_key[],mul_point(P,responder_noc_key_2)),sign(responder_noc_key_2,(mul_point(P,responder_noc_key_2),mul_point(P,hash((seed_y[],fresh_y_1))),mul_point(P,hash((seed_x[],fresh_x_1))))),resumption_id_4),ncase_sigma2n,nil))).

11. The message (responder_random_2,mul_point(P,hash((seed_y[],fresh_y_1))),aead_enc(kdf(mul_point(mul_point(P,hash((seed_y[],fresh_y_1))),hash((seed_x[],fresh_x_1))),(ipk[],responder_random_2,mul_point(P,hash((seed_y[],fresh_y_1))),hash((mul_point(P,hash((seed_x[],fresh_x_1))),initiator_random_2))),sigma2_info),(mul_point(P,responder_noc_key_2),sign(noc_signing_key[],mul_point(P,responder_noc_key_2)),sign(responder_noc_key_2,(mul_point(P,responder_noc_key_2),mul_point(P,hash((seed_y[],fresh_y_1))),mul_point(P,hash((seed_x[],fresh_x_1))))),resumption_id_4),ncase_sigma2n,nil)) that the attacker may have by 10 may be received at input {19}.
So the message aead_enc(kdf(mul_point(mul_point(P,hash((seed_y[],fresh_y_1))),hash((seed_x[],fresh_x_1))),(ipk[],hash(((mul_point(P,hash((seed_x[],fresh_x_1))),initiator_random_2),(responder_random_2,mul_point(P,hash((seed_y[],fresh_y_1))),aead_enc(kdf(mul_point(mul_point(P,hash((seed_y[],fresh_y_1))),hash((seed_x[],fresh_x_1))),(ipk[],responder_random_2,mul_point(P,hash((seed_y[],fresh_y_1))),hash((mul_point(P,hash((seed_x[],fresh_x_1))),initiator_random_2))),sigma2_info),(mul_point(P,responder_noc_key_2),sign(noc_signing_key[],mul_point(P,responder_noc_key_2)),sign(responder_noc_key_2,(mul_point(P,responder_noc_key_2),mul_point(P,hash((seed_y[],fresh_y_1))),mul_point(P,hash((seed_x[],fresh_x_1))))),resumption_id_4),ncase_sigma2n,nil))))),sigma3_info),(mul_point(P,initiator_noc_key_2),sign(noc_signing_key[],mul_point(P,initiator_noc_key_2)),sign(initiator_noc_key_2,(mul_point(P,initiator_noc_key_2),mul_point(P,hash((seed_x[],fresh_x_1))),mul_point(P,hash((seed_y[],fresh_y_1)))))),ncase_sigma3n,nil) may be sent to the attacker at output {30}.
attacker(aead_enc(kdf(mul_point(mul_point(P,hash((seed_y[],fresh_y_1))),hash((seed_x[],fresh_x_1))),(ipk[],hash(((mul_point(P,hash((seed_x[],fresh_x_1))),initiator_random_2),(responder_random_2,mul_point(P,hash((seed_y[],fresh_y_1))),aead_enc(kdf(mul_point(mul_point(P,hash((seed_y[],fresh_y_1))),hash((seed_x[],fresh_x_1))),(ipk[],responder_random_2,mul_point(P,hash((seed_y[],fresh_y_1))),hash((mul_point(P,hash((seed_x[],fresh_x_1))),initiator_random_2))),sigma2_info),(mul_point(P,responder_noc_key_2),sign(noc_signing_key[],mul_point(P,responder_noc_key_2)),sign(responder_noc_key_2,(mul_point(P,responder_noc_key_2),mul_point(P,hash((seed_y[],fresh_y_1))),mul_point(P,hash((seed_x[],fresh_x_1))))),resumption_id_4),ncase_sigma2n,nil))))),sigma3_info),(mul_point(P,initiator_noc_key_2),sign(noc_signing_key[],mul_point(P,initiator_noc_key_2)),sign(initiator_noc_key_2,(mul_point(P,initiator_noc_key_2),mul_point(P,hash((seed_x[],fresh_x_1))),mul_point(P,hash((seed_y[],fresh_y_1)))))),ncase_sigma3n,nil)).

12. The message (mul_point(P,hash((seed_x[],fresh_x_1))),initiator_random_2) that the attacker may have by 4 may be received at input {57}.
The message aead_enc(kdf(mul_point(mul_point(P,hash((seed_y[],fresh_y_1))),hash((seed_x[],fresh_x_1))),(ipk[],hash(((mul_point(P,hash((seed_x[],fresh_x_1))),initiator_random_2),(responder_random_2,mul_point(P,hash((seed_y[],fresh_y_1))),aead_enc(kdf(mul_point(mul_point(P,hash((seed_y[],fresh_y_1))),hash((seed_x[],fresh_x_1))),(ipk[],responder_random_2,mul_point(P,hash((seed_y[],fresh_y_1))),hash((mul_point(P,hash((seed_x[],fresh_x_1))),initiator_random_2))),sigma2_info),(mul_point(P,responder_noc_key_2),sign(noc_signing_key[],mul_point(P,responder_noc_key_2)),sign(responder_noc_key_2,(mul_point(P,responder_noc_key_2),mul_point(P,hash((seed_y[],fresh_y_1))),mul_point(P,hash((seed_x[],fresh_x_1))))),resumption_id_4),ncase_sigma2n,nil))))),sigma3_info),(mul_point(P,initiator_noc_key_2),sign(noc_signing_key[],mul_point(P,initiator_noc_key_2)),sign(initiator_noc_key_2,(mul_point(P,initiator_noc_key_2),mul_point(P,hash((seed_x[],fresh_x_1))),mul_point(P,hash((seed_y[],fresh_y_1)))))),ncase_sigma3n,nil) that the attacker may have by 11 may be received at input {71}.
So the message enc(mul_point(mul_point(P,hash((seed_y[],fresh_y_1))),hash((seed_x[],fresh_x_1))),q_shared_secret_r[]) may be sent to the attacker at output {82}.
attacker(enc(mul_point(mul_point(P,hash((seed_y[],fresh_y_1))),hash((seed_x[],fresh_x_1))),q_shared_secret_r[])).

13. By 12, the attacker may know enc(mul_point(mul_point(P,hash((seed_y[],fresh_y_1))),hash((seed_x[],fresh_x_1))),q_shared_secret_r[]).
So the attacker may know enc(mul_point(mul_point(P,hash((seed_y[],fresh_y_1))),hash((seed_x[],fresh_x_1))),q_shared_secret_r[]) in phase 1.
attacker_p1(enc(mul_point(mul_point(P,hash((seed_y[],fresh_y_1))),hash((seed_x[],fresh_x_1))),q_shared_secret_r[])).

14. The message (responder_random_2,mul_point(P,hash((seed_y[],fresh_y_1))),aead_enc(kdf(mul_point(mul_point(P,hash((seed_x[],fresh_x_1))),hash((seed_y[],fresh_y_1))),(ipk[],responder_random_2,mul_point(P,hash((seed_y[],fresh_y_1))),hash((mul_point(P,hash((seed_x[],fresh_x_1))),initiator_random_2))),sigma2_info),(mul_point(P,responder_noc_key_2),sign(noc_signing_key[],mul_point(P,responder_noc_key_2)),sign(responder_noc_key_2,(mul_point(P,responder_noc_key_2),mul_point(P,hash((seed_y[],fresh_y_1))),mul_point(P,hash((seed_x[],fresh_x_1))))),resumption_id_4),ncase_sigma2n,nil)) that the attacker may have by 7 may be received at input {19}.
So the message aead_enc(kdf(mul_point(mul_point(P,hash((seed_x[],fresh_x_1))),hash((seed_y[],fresh_y_1))),(ipk[],hash(((mul_point(P,hash((seed_x[],fresh_x_1))),initiator_random_2),(responder_random_2,mul_point(P,hash((seed_y[],fresh_y_1))),aead_enc(kdf(mul_point(mul_point(P,hash((seed_x[],fresh_x_1))),hash((seed_y[],fresh_y_1))),(ipk[],responder_random_2,mul_point(P,hash((seed_y[],fresh_y_1))),hash((mul_point(P,hash((seed_x[],fresh_x_1))),initiator_random_2))),sigma2_info),(mul_point(P,responder_noc_key_2),sign(noc_signing_key[],mul_point(P,responder_noc_key_2)),sign(responder_noc_key_2,(mul_point(P,responder_noc_key_2),mul_point(P,hash((seed_y[],fresh_y_1))),mul_point(P,hash((seed_x[],fresh_x_1))))),resumption_id_4),ncase_sigma2n,nil))))),sigma3_info),(mul_point(P,initiator_noc_key_2),sign(noc_signing_key[],mul_point(P,initiator_noc_key_2)),sign(initiator_noc_key_2,(mul_point(P,initiator_noc_key_2),mul_point(P,hash((seed_x[],fresh_x_1))),mul_point(P,hash((seed_y[],fresh_y_1)))))),ncase_sigma3n,nil) may be sent to the attacker at output {30}.
attacker(aead_enc(kdf(mul_point(mul_point(P,hash((seed_x[],fresh_x_1))),hash((seed_y[],fresh_y_1))),(ipk[],hash(((mul_point(P,hash((seed_x[],fresh_x_1))),initiator_random_2),(responder_random_2,mul_point(P,hash((seed_y[],fresh_y_1))),aead_enc(kdf(mul_point(mul_point(P,hash((seed_x[],fresh_x_1))),hash((seed_y[],fresh_y_1))),(ipk[],responder_random_2,mul_point(P,hash((seed_y[],fresh_y_1))),hash((mul_point(P,hash((seed_x[],fresh_x_1))),initiator_random_2))),sigma2_info),(mul_point(P,responder_noc_key_2),sign(noc_signing_key[],mul_point(P,responder_noc_key_2)),sign(responder_noc_key_2,(mul_point(P,responder_noc_key_2),mul_point(P,hash((seed_y[],fresh_y_1))),mul_point(P,hash((seed_x[],fresh_x_1))))),resumption_id_4),ncase_sigma2n,nil))))),sigma3_info),(mul_point(P,initiator_noc_key_2),sign(noc_signing_key[],mul_point(P,initiator_noc_key_2)),sign(initiator_noc_key_2,(mul_point(P,initiator_noc_key_2),mul_point(P,hash((seed_x[],fresh_x_1))),mul_point(P,hash((seed_y[],fresh_y_1)))))),ncase_sigma3n,nil)).

15. The message (mul_point(P,hash((seed_x[],fresh_x_1))),initiator_random_2) that the attacker may have by 4 may be received at input {57}.
The message aead_enc(kdf(mul_point(mul_point(P,hash((seed_x[],fresh_x_1))),hash((seed_y[],fresh_y_1))),(ipk[],hash(((mul_point(P,hash((seed_x[],fresh_x_1))),initiator_random_2),(responder_random_2,mul_point(P,hash((seed_y[],fresh_y_1))),aead_enc(kdf(mul_point(mul_point(P,hash((seed_x[],fresh_x_1))),hash((seed_y[],fresh_y_1))),(ipk[],responder_random_2,mul_point(P,hash((seed_y[],fresh_y_1))),hash((mul_point(P,hash((seed_x[],fresh_x_1))),initiator_random_2))),sigma2_info),(mul_point(P,responder_noc_key_2),sign(noc_signing_key[],mul_point(P,responder_noc_key_2)),sign(responder_noc_key_2,(mul_point(P,responder_noc_key_2),mul_point(P,hash((seed_y[],fresh_y_1))),mul_point(P,hash((seed_x[],fresh_x_1))))),resumption_id_4),ncase_sigma2n,nil))))),sigma3_info),(mul_point(P,initiator_noc_key_2),sign(noc_signing_key[],mul_point(P,initiator_noc_key_2)),sign(initiator_noc_key_2,(mul_point(P,initiator_noc_key_2),mul_point(P,hash((seed_x[],fresh_x_1))),mul_point(P,hash((seed_y[],fresh_y_1)))))),ncase_sigma3n,nil) that the attacker may have by 14 may be received at input {71}.
So the message fresh_y_1 may be sent to the attacker at output {80}.
attacker(fresh_y_1).

16. By 15, the attacker may know fresh_y_1.
So the attacker may know fresh_y_1 in phase 1.
attacker_p1(fresh_y_1).

17. The message seed_y[] may be sent to the attacker in phase 1 at output {97}.
attacker_p1(seed_y[]).

18. By 17, the attacker may know seed_y[] in phase 1.
By 16, the attacker may know fresh_y_1 in phase 1.
Using the function 2-tuple the attacker may obtain (seed_y[],fresh_y_1) in phase 1.
attacker_p1((seed_y[],fresh_y_1)).

19. By 18, the attacker may know (seed_y[],fresh_y_1) in phase 1.
Using the function hash the attacker may obtain hash((seed_y[],fresh_y_1)) in phase 1.
attacker_p1(hash((seed_y[],fresh_y_1))).

20. By 3, the attacker may know mul_point(P,hash((seed_x[],fresh_x_1))).
So the attacker may know mul_point(P,hash((seed_x[],fresh_x_1))) in phase 1.
attacker_p1(mul_point(P,hash((seed_x[],fresh_x_1)))).

21. By 20, the attacker may know mul_point(P,hash((seed_x[],fresh_x_1))) in phase 1.
By 19, the attacker may know hash((seed_y[],fresh_y_1)) in phase 1.
Using the function mul_point the attacker may obtain mul_point(mul_point(P,hash((seed_y[],fresh_y_1))),hash((seed_x[],fresh_x_1))) in phase 1.
attacker_p1(mul_point(mul_point(P,hash((seed_y[],fresh_y_1))),hash((seed_x[],fresh_x_1)))).

22. By 21, the attacker may know mul_point(mul_point(P,hash((seed_y[],fresh_y_1))),hash((seed_x[],fresh_x_1))) in phase 1.
By 13, the attacker may know enc(mul_point(mul_point(P,hash((seed_y[],fresh_y_1))),hash((seed_x[],fresh_x_1))),q_shared_secret_r[]) in phase 1.
Using the function dec the attacker may obtain q_shared_secret_r[] in phase 1.
attacker_p1(q_shared_secret_r[]).

23. By 22, attacker_p1(q_shared_secret_r[]).
The goal is reached, represented in the following fact:
attacker_p1(q_shared_secret_r[]).


A more detailed output of the traces is available with
  set traceDisplay = long.

new ipk: key creating ipk_3 at {1}

new seed_x: bitstring creating seed_x_2 at {2}

new seed_y: bitstring creating seed_y_2 at {3}

out(c, ~M) with ~M = mul_point(P,noc_signing_key) at {5}

new responder_noc_key: key creating responder_noc_key_3 at {51} in copy a

new initiator_noc_key: key creating initiator_noc_key_3 at {7} in copy a_1

new fresh_x: bitstring creating fresh_x_2 at {13} in copy a_1

new initiator_random: bitstring creating initiator_random_3 at {15} in copy a_1

out(c, (~M_1,~M_2)) with ~M_1 = mul_point(P,hash((seed_x_2,fresh_x_2))), ~M_2 = initiator_random_3 at {18} in copy a_1

in(c, (~M_1,~M_2)) with ~M_1 = mul_point(P,hash((seed_x_2,fresh_x_2))), ~M_2 = initiator_random_3 at {57} in copy a

event start_session_with_initiator(mul_point(P,hash((seed_x_2,fresh_x_2))),initiator_random_3) at {59} in copy a

new fresh_y: bitstring creating fresh_y_2 at {60} in copy a

new responder_random_1: bitstring creating responder_random_3 at {62} in copy a

new resumption_id_1: bitstring creating resumption_id_5 at {63} in copy a

out(c, (~M_3,~M_4,~M_5)) with ~M_3 = responder_random_3, ~M_4 = mul_point(P,hash((seed_y_2,fresh_y_2))), ~M_5 = aead_enc(kdf(mul_point(mul_point(P,hash((seed_x_2,fresh_x_2))),hash((seed_y_2,fresh_y_2))),(ipk_3,responder_random_3,mul_point(P,hash((seed_y_2,fresh_y_2))),hash((mul_point(P,hash((seed_x_2,fresh_x_2))),initiator_random_3))),sigma2_info),(mul_point(P,responder_noc_key_3),sign(noc_signing_key,mul_point(P,responder_noc_key_3)),sign(responder_noc_key_3,(mul_point(P,responder_noc_key_3),mul_point(P,hash((seed_y_2,fresh_y_2))),mul_point(P,hash((seed_x_2,fresh_x_2))))),resumption_id_5),ncase_sigma2n,nil) at {70} in copy a

in(c, (~M_3,~M_4,~M_5)) with ~M_3 = responder_random_3, ~M_4 = mul_point(P,hash((seed_y_2,fresh_y_2))), ~M_5 = aead_enc(kdf(mul_point(mul_point(P,hash((seed_y_2,fresh_y_2))),hash((seed_x_2,fresh_x_2))),(ipk_3,responder_random_3,mul_point(P,hash((seed_y_2,fresh_y_2))),hash((mul_point(P,hash((seed_x_2,fresh_x_2))),initiator_random_3))),sigma2_info),(mul_point(P,responder_noc_key_3),sign(noc_signing_key,mul_point(P,responder_noc_key_3)),sign(responder_noc_key_3,(mul_point(P,responder_noc_key_3),mul_point(P,hash((seed_y_2,fresh_y_2))),mul_point(P,hash((seed_x_2,fresh_x_2))))),resumption_id_5),ncase_sigma2n,nil) at {19} in copy a_1

event start_session_with_responder(mul_point(P,hash((seed_y_2,fresh_y_2))),responder_random_3) at {21} in copy a_1

event accept_responder_identity(mul_point(P,responder_noc_key_3),mul_point(P,hash((seed_y_2,fresh_y_2))),responder_random_3) at {26} in copy a_1

out(c, ~M_6) with ~M_6 = aead_enc(kdf(mul_point(mul_point(P,hash((seed_y_2,fresh_y_2))),hash((seed_x_2,fresh_x_2))),(ipk_3,hash(((mul_point(P,hash((seed_x_2,fresh_x_2))),initiator_random_3),(responder_random_3,mul_point(P,hash((seed_y_2,fresh_y_2))),aead_enc(kdf(mul_point(mul_point(P,hash((seed_y_2,fresh_y_2))),hash((seed_x_2,fresh_x_2))),(ipk_3,responder_random_3,mul_point(P,hash((seed_y_2,fresh_y_2))),hash((mul_point(P,hash((seed_x_2,fresh_x_2))),initiator_random_3))),sigma2_info),(mul_point(P,responder_noc_key_3),sign(noc_signing_key,mul_point(P,responder_noc_key_3)),sign(responder_noc_key_3,(mul_point(P,responder_noc_key_3),mul_point(P,hash((seed_y_2,fresh_y_2))),mul_point(P,hash((seed_x_2,fresh_x_2))))),resumption_id_5),ncase_sigma2n,nil))))),sigma3_info),(mul_point(P,initiator_noc_key_3),sign(noc_signing_key,mul_point(P,initiator_noc_key_3)),sign(initiator_noc_key_3,(mul_point(P,initiator_noc_key_3),mul_point(P,hash((seed_x_2,fresh_x_2))),mul_point(P,hash((seed_y_2,fresh_y_2)))))),ncase_sigma3n,nil) at {30} in copy a_1

event initiator_end(mul_point(P,initiator_noc_key_3),mul_point(P,hash((seed_x_2,fresh_x_2))),initiator_random_3) at {32} in copy a_1

out(c, ~M_7) with ~M_7 = enc(mul_point(P,initiator_noc_key_3),q_id_i_i) at {33} in copy a_1

out(c, ~M_8) with ~M_8 = enc(mul_point(P,responder_noc_key_3),q_id_r_i) at {34} in copy a_1

out(c, ~M_9) with ~M_9 = fresh_x_2 at {35} in copy a_1

out(c, ~M_10) with ~M_10 = enc(hash((seed_x_2,fresh_x_2)),q_eph_x) at {36} in copy a_1

out(c, ~M_11) with ~M_11 = enc(mul_point(mul_point(P,hash((seed_y_2,fresh_y_2))),hash((seed_x_2,fresh_x_2))),q_shared_secret_i) at {37} in copy a_1

out(c, ~M_12) with ~M_12 = enc(kdf(mul_point(mul_point(P,hash((seed_y_2,fresh_y_2))),hash((seed_x_2,fresh_x_2))),(ipk_3,hash(((mul_point(P,hash((seed_x_2,fresh_x_2))),initiator_random_3),(responder_random_3,mul_point(P,hash((seed_y_2,fresh_y_2))),aead_enc(kdf(mul_point(mul_point(P,hash((seed_y_2,fresh_y_2))),hash((seed_x_2,fresh_x_2))),(ipk_3,responder_random_3,mul_point(P,hash((seed_y_2,fresh_y_2))),hash((mul_point(P,hash((seed_x_2,fresh_x_2))),initiator_random_3))),sigma2_info),(mul_point(P,responder_noc_key_3),sign(noc_signing_key,mul_point(P,responder_noc_key_3)),sign(responder_noc_key_3,(mul_point(P,responder_noc_key_3),mul_point(P,hash((seed_y_2,fresh_y_2))),mul_point(P,hash((seed_x_2,fresh_x_2))))),resumption_id_5),ncase_sigma2n,nil)),aead_enc(kdf(mul_point(mul_point(P,hash((seed_y_2,fresh_y_2))),hash((seed_x_2,fresh_x_2))),(ipk_3,hash(((mul_point(P,hash((seed_x_2,fresh_x_2))),initiator_random_3),(responder_random_3,mul_point(P,hash((seed_y_2,fresh_y_2))),aead_enc(kdf(mul_point(mul_point(P,hash((seed_y_2,fresh_y_2))),hash((seed_x_2,fresh_x_2))),(ipk_3,responder_random_3,mul_point(P,hash((seed_y_2,fresh_y_2))),hash((mul_point(P,hash((seed_x_2,fresh_x_2))),initiator_random_3))),sigma2_info),(mul_point(P,responder_noc_key_3),sign(noc_signing_key,mul_point(P,responder_noc_key_3)),sign(responder_noc_key_3,(mul_point(P,responder_noc_key_3),mul_point(P,hash((seed_y_2,fresh_y_2))),mul_point(P,hash((seed_x_2,fresh_x_2))))),resumption_id_5),ncase_sigma2n,nil))))),sigma3_info),(mul_point(P,initiator_noc_key_3),sign(noc_signing_key,mul_point(P,initiator_noc_key_3)),sign(initiator_noc_key_3,(mul_point(P,initiator_noc_key_3),mul_point(P,hash((seed_x_2,fresh_x_2))),mul_point(P,hash((seed_y_2,fresh_y_2)))))),ncase_sigma3n,nil)))),sekeys_info),q_session_keys_i) at {38} in copy a_1

new res_initiator_random: bitstring creating res_initiator_random_2 at {39} in copy a_1

out(c, (~M_13,~M_14,~M_15)) with ~M_13 = res_initiator_random_2, ~M_14 = resumption_id_5, ~M_15 = aead_enc(kdf(mul_point(mul_point(P,hash((seed_y_2,fresh_y_2))),hash((seed_x_2,fresh_x_2))),(res_initiator_random_2,resumption_id_5),sigma1_resume),nil,resume1mic_nonce,nil) at {42} in copy a_1

in(c, ~M_6) with ~M_6 = aead_enc(kdf(mul_point(mul_point(P,hash((seed_y_2,fresh_y_2))),hash((seed_x_2,fresh_x_2))),(ipk_3,hash(((mul_point(P,hash((seed_x_2,fresh_x_2))),initiator_random_3),(responder_random_3,mul_point(P,hash((seed_y_2,fresh_y_2))),aead_enc(kdf(mul_point(mul_point(P,hash((seed_y_2,fresh_y_2))),hash((seed_x_2,fresh_x_2))),(ipk_3,responder_random_3,mul_point(P,hash((seed_y_2,fresh_y_2))),hash((mul_point(P,hash((seed_x_2,fresh_x_2))),initiator_random_3))),sigma2_info),(mul_point(P,responder_noc_key_3),sign(noc_signing_key,mul_point(P,responder_noc_key_3)),sign(responder_noc_key_3,(mul_point(P,responder_noc_key_3),mul_point(P,hash((seed_y_2,fresh_y_2))),mul_point(P,hash((seed_x_2,fresh_x_2))))),resumption_id_5),ncase_sigma2n,nil))))),sigma3_info),(mul_point(P,initiator_noc_key_3),sign(noc_signing_key,mul_point(P,initiator_noc_key_3)),sign(initiator_noc_key_3,(mul_point(P,initiator_noc_key_3),mul_point(P,hash((seed_x_2,fresh_x_2))),mul_point(P,hash((seed_y_2,fresh_y_2)))))),ncase_sigma3n,nil) at {71} in copy a

out(c, ~M_16) with ~M_16 = sigma_finished at {76} in copy a

event responder_end(mul_point(P,responder_noc_key_3),mul_point(P,hash((seed_y_2,fresh_y_2))),responder_random_3) at {77} in copy a

out(c, ~M_17) with ~M_17 = enc(mul_point(P,initiator_noc_key_3),q_id_i_r) at {78} in copy a

out(c, ~M_18) with ~M_18 = enc(mul_point(P,responder_noc_key_3),q_id_r_r) at {79} in copy a

out(c, ~M_19) with ~M_19 = fresh_y_2 at {80} in copy a

out(c, ~M_20) with ~M_20 = enc(hash((seed_y_2,fresh_y_2)),q_eph_y) at {81} in copy a

out(c, ~M_21) with ~M_21 = enc(mul_point(mul_point(P,hash((seed_x_2,fresh_x_2))),hash((seed_y_2,fresh_y_2))),q_shared_secret_r) at {82} in copy a

out(c, ~M_22) with ~M_22 = enc(kdf(mul_point(mul_point(P,hash((seed_x_2,fresh_x_2))),hash((seed_y_2,fresh_y_2))),(ipk_3,hash(((mul_point(P,hash((seed_x_2,fresh_x_2))),initiator_random_3),(responder_random_3,mul_point(P,hash((seed_y_2,fresh_y_2))),aead_enc(kdf(mul_point(mul_point(P,hash((seed_x_2,fresh_x_2))),hash((seed_y_2,fresh_y_2))),(ipk_3,responder_random_3,mul_point(P,hash((seed_y_2,fresh_y_2))),hash((mul_point(P,hash((seed_x_2,fresh_x_2))),initiator_random_3))),sigma2_info),(mul_point(P,responder_noc_key_3),sign(noc_signing_key,mul_point(P,responder_noc_key_3)),sign(responder_noc_key_3,(mul_point(P,responder_noc_key_3),mul_point(P,hash((seed_y_2,fresh_y_2))),mul_point(P,hash((seed_x_2,fresh_x_2))))),resumption_id_5),ncase_sigma2n,nil)),aead_enc(kdf(mul_point(mul_point(P,hash((seed_y_2,fresh_y_2))),hash((seed_x_2,fresh_x_2))),(ipk_3,hash(((mul_point(P,hash((seed_x_2,fresh_x_2))),initiator_random_3),(responder_random_3,mul_point(P,hash((seed_y_2,fresh_y_2))),aead_enc(kdf(mul_point(mul_point(P,hash((seed_y_2,fresh_y_2))),hash((seed_x_2,fresh_x_2))),(ipk_3,responder_random_3,mul_point(P,hash((seed_y_2,fresh_y_2))),hash((mul_point(P,hash((seed_x_2,fresh_x_2))),initiator_random_3))),sigma2_info),(mul_point(P,responder_noc_key_3),sign(noc_signing_key,mul_point(P,responder_noc_key_3)),sign(responder_noc_key_3,(mul_point(P,responder_noc_key_3),mul_point(P,hash((seed_y_2,fresh_y_2))),mul_point(P,hash((seed_x_2,fresh_x_2))))),resumption_id_5),ncase_sigma2n,nil))))),sigma3_info),(mul_point(P,initiator_noc_key_3),sign(noc_signing_key,mul_point(P,initiator_noc_key_3)),sign(initiator_noc_key_3,(mul_point(P,initiator_noc_key_3),mul_point(P,hash((seed_x_2,fresh_x_2))),mul_point(P,hash((seed_y_2,fresh_y_2)))))),ncase_sigma3n,nil)))),sekeys_info),q_session_keys_r) at {83} in copy a

out(c, ~M_23) with ~M_23 = seed_y_2 at {97} in copy a_2

The attacker has the message dec(mul_point(~M_1,hash((~M_23,~M_19))),~M_21) = q_shared_secret_r in phase 1.
A trace has been found.
RESULT not attacker_p1(q_shared_secret_r[]) is false.
-- Query not attacker_p1(q_session_keys_i[]) in process 1.
Translating the process into Horn clauses...
Completing...
200 rules inserted. Base: 193 rules (76 with conclusion selected). Queue: 99 rules.
400 rules inserted. Base: 368 rules (80 with conclusion selected). Queue: 187 rules.
600 rules inserted. Base: 459 rules (80 with conclusion selected). Queue: 211 rules.
800 rules inserted. Base: 540 rules (85 with conclusion selected). Queue: 225 rules.
1000 rules inserted. Base: 665 rules (95 with conclusion selected). Queue: 250 rules.
1200 rules inserted. Base: 772 rules (95 with conclusion selected). Queue: 237 rules.
1400 rules inserted. Base: 872 rules (95 with conclusion selected). Queue: 218 rules.
1600 rules inserted. Base: 1001 rules (103 with conclusion selected). Queue: 199 rules.
1800 rules inserted. Base: 978 rules (103 with conclusion selected). Queue: 184 rules.
2000 rules inserted. Base: 1065 rules (103 with conclusion selected). Queue: 176 rules.
2200 rules inserted. Base: 1175 rules (110 with conclusion selected). Queue: 184 rules.
2400 rules inserted. Base: 1279 rules (111 with conclusion selected). Queue: 157 rules.
2600 rules inserted. Base: 1375 rules (112 with conclusion selected). Queue: 139 rules.
2800 rules inserted. Base: 1493 rules (112 with conclusion selected). Queue: 100 rules.
3000 rules inserted. Base: 1498 rules (114 with conclusion selected). Queue: 46 rules.
ok, secrecy assumption verified: fact unreachable attacker_p1(q_id_i_i[])
ok, secrecy assumption verified: fact unreachable attacker(q_id_i_i[])
ok, secrecy assumption verified: fact unreachable attacker_p1(q_id_i_r[])
ok, secrecy assumption verified: fact unreachable attacker(q_id_i_r[])
ok, secrecy assumption verified: fact unreachable attacker_p1(q_id_r_i[])
ok, secrecy assumption verified: fact unreachable attacker(q_id_r_i[])
ok, secrecy assumption verified: fact unreachable attacker_p1(q_id_r_r[])
ok, secrecy assumption verified: fact unreachable attacker(q_id_r_r[])
ok, secrecy assumption verified: fact unreachable attacker_p1(q_eph_x[])
ok, secrecy assumption verified: fact unreachable attacker(q_eph_x[])
ok, secrecy assumption verified: fact unreachable attacker(q_eph_y[])
ok, secrecy assumption verified: fact unreachable attacker(q_shared_secret_i[])
ok, secrecy assumption verified: fact unreachable attacker(q_shared_secret_r[])
ok, secrecy assumption verified: fact unreachable attacker_p1(q_session_keys_i[])
ok, secrecy assumption verified: fact unreachable attacker(q_session_keys_i[])
ok, secrecy assumption verified: fact unreachable attacker_p1(q_session_keys_r[])
ok, secrecy assumption verified: fact unreachable attacker(q_session_keys_r[])
ok, secrecy assumption verified: fact unreachable attacker(q_resumption_session_keys_i[])
ok, secrecy assumption verified: fact unreachable attacker(q_resumption_session_keys_r[])
Starting query not attacker_p1(q_session_keys_i[])
RESULT not attacker_p1(q_session_keys_i[]) is true.
-- Query not attacker_p1(q_session_keys_r[]) in process 1.
Translating the process into Horn clauses...
Completing...
200 rules inserted. Base: 193 rules (76 with conclusion selected). Queue: 99 rules.
400 rules inserted. Base: 368 rules (80 with conclusion selected). Queue: 187 rules.
600 rules inserted. Base: 459 rules (80 with conclusion selected). Queue: 211 rules.
800 rules inserted. Base: 540 rules (85 with conclusion selected). Queue: 225 rules.
1000 rules inserted. Base: 665 rules (95 with conclusion selected). Queue: 250 rules.
1200 rules inserted. Base: 772 rules (95 with conclusion selected). Queue: 237 rules.
1400 rules inserted. Base: 872 rules (95 with conclusion selected). Queue: 218 rules.
1600 rules inserted. Base: 1001 rules (103 with conclusion selected). Queue: 199 rules.
1800 rules inserted. Base: 978 rules (103 with conclusion selected). Queue: 184 rules.
2000 rules inserted. Base: 1065 rules (103 with conclusion selected). Queue: 176 rules.
2200 rules inserted. Base: 1175 rules (110 with conclusion selected). Queue: 184 rules.
2400 rules inserted. Base: 1279 rules (111 with conclusion selected). Queue: 157 rules.
2600 rules inserted. Base: 1375 rules (112 with conclusion selected). Queue: 139 rules.
2800 rules inserted. Base: 1493 rules (112 with conclusion selected). Queue: 100 rules.
3000 rules inserted. Base: 1498 rules (114 with conclusion selected). Queue: 46 rules.
ok, secrecy assumption verified: fact unreachable attacker_p1(q_id_i_i[])
ok, secrecy assumption verified: fact unreachable attacker(q_id_i_i[])
ok, secrecy assumption verified: fact unreachable attacker_p1(q_id_i_r[])
ok, secrecy assumption verified: fact unreachable attacker(q_id_i_r[])
ok, secrecy assumption verified: fact unreachable attacker_p1(q_id_r_i[])
ok, secrecy assumption verified: fact unreachable attacker(q_id_r_i[])
ok, secrecy assumption verified: fact unreachable attacker_p1(q_id_r_r[])
ok, secrecy assumption verified: fact unreachable attacker(q_id_r_r[])
ok, secrecy assumption verified: fact unreachable attacker_p1(q_eph_x[])
ok, secrecy assumption verified: fact unreachable attacker(q_eph_x[])
ok, secrecy assumption verified: fact unreachable attacker(q_eph_y[])
ok, secrecy assumption verified: fact unreachable attacker(q_shared_secret_i[])
ok, secrecy assumption verified: fact unreachable attacker(q_shared_secret_r[])
ok, secrecy assumption verified: fact unreachable attacker_p1(q_session_keys_i[])
ok, secrecy assumption verified: fact unreachable attacker(q_session_keys_i[])
ok, secrecy assumption verified: fact unreachable attacker_p1(q_session_keys_r[])
ok, secrecy assumption verified: fact unreachable attacker(q_session_keys_r[])
ok, secrecy assumption verified: fact unreachable attacker(q_resumption_session_keys_i[])
ok, secrecy assumption verified: fact unreachable attacker(q_resumption_session_keys_r[])
Starting query not attacker_p1(q_session_keys_r[])
RESULT not attacker_p1(q_session_keys_r[]) is true.
-- Query not attacker_p1(q_resumption_session_keys_i[]) in process 1.
Translating the process into Horn clauses...
Completing...
200 rules inserted. Base: 193 rules (76 with conclusion selected). Queue: 99 rules.
400 rules inserted. Base: 368 rules (80 with conclusion selected). Queue: 187 rules.
600 rules inserted. Base: 459 rules (80 with conclusion selected). Queue: 211 rules.
800 rules inserted. Base: 540 rules (85 with conclusion selected). Queue: 225 rules.
1000 rules inserted. Base: 665 rules (95 with conclusion selected). Queue: 250 rules.
1200 rules inserted. Base: 772 rules (95 with conclusion selected). Queue: 237 rules.
1400 rules inserted. Base: 872 rules (95 with conclusion selected). Queue: 218 rules.
1600 rules inserted. Base: 1001 rules (103 with conclusion selected). Queue: 199 rules.
1800 rules inserted. Base: 978 rules (103 with conclusion selected). Queue: 184 rules.
2000 rules inserted. Base: 1065 rules (103 with conclusion selected). Queue: 176 rules.
2200 rules inserted. Base: 1175 rules (110 with conclusion selected). Queue: 184 rules.
2400 rules inserted. Base: 1279 rules (111 with conclusion selected). Queue: 157 rules.
2600 rules inserted. Base: 1375 rules (112 with conclusion selected). Queue: 139 rules.
2800 rules inserted. Base: 1493 rules (112 with conclusion selected). Queue: 100 rules.
3000 rules inserted. Base: 1498 rules (114 with conclusion selected). Queue: 46 rules.
ok, secrecy assumption verified: fact unreachable attacker_p1(q_id_i_i[])
ok, secrecy assumption verified: fact unreachable attacker(q_id_i_i[])
ok, secrecy assumption verified: fact unreachable attacker_p1(q_id_i_r[])
ok, secrecy assumption verified: fact unreachable attacker(q_id_i_r[])
ok, secrecy assumption verified: fact unreachable attacker_p1(q_id_r_i[])
ok, secrecy assumption verified: fact unreachable attacker(q_id_r_i[])
ok, secrecy assumption verified: fact unreachable attacker_p1(q_id_r_r[])
ok, secrecy assumption verified: fact unreachable attacker(q_id_r_r[])
ok, secrecy assumption verified: fact unreachable attacker_p1(q_eph_x[])
ok, secrecy assumption verified: fact unreachable attacker(q_eph_x[])
ok, secrecy assumption verified: fact unreachable attacker(q_eph_y[])
ok, secrecy assumption verified: fact unreachable attacker(q_shared_secret_i[])
ok, secrecy assumption verified: fact unreachable attacker(q_shared_secret_r[])
ok, secrecy assumption verified: fact unreachable attacker_p1(q_session_keys_i[])
ok, secrecy assumption verified: fact unreachable attacker(q_session_keys_i[])
ok, secrecy assumption verified: fact unreachable attacker_p1(q_session_keys_r[])
ok, secrecy assumption verified: fact unreachable attacker(q_session_keys_r[])
ok, secrecy assumption verified: fact unreachable attacker(q_resumption_session_keys_i[])
ok, secrecy assumption verified: fact unreachable attacker(q_resumption_session_keys_r[])
Starting query not attacker_p1(q_resumption_session_keys_i[])
goal reachable: attacker_p1(q_resumption_session_keys_i[])

Derivation:
Abbreviations:
fresh_x_1 = fresh_x[!1 = @sid]
initiator_random_2 = initiator_random[!1 = @sid]
fresh_y_1 = fresh_y[msg1_1 = (mul_point(P,hash((seed_x[],fresh_x_1))),initiator_random_2),!1 = @sid_1]
responder_random_2 = responder_random_1[msg1_1 = (mul_point(P,hash((seed_x[],fresh_x_1))),initiator_random_2),!1 = @sid_1]
responder_noc_key_2 = responder_noc_key[!1 = @sid_1]
resumption_id_4 = resumption_id_1[msg1_1 = (mul_point(P,hash((seed_x[],fresh_x_1))),initiator_random_2),!1 = @sid_1]
res_initiator_random_2 = res_initiator_random[msg2 = (responder_random_2,mul_point(P,hash((seed_y[],fresh_y_1))),aead_enc(kdf(mul_point(mul_point(P,hash((seed_y[],fresh_y_1))),hash((seed_x[],fresh_x_1))),(ipk[],responder_random_2,mul_point(P,hash((seed_y[],fresh_y_1))),hash((mul_point(P,hash((seed_x[],fresh_x_1))),initiator_random_2))),sigma2_info),(mul_point(P,responder_noc_key_2),sign(noc_signing_key[],mul_point(P,responder_noc_key_2)),sign(responder_noc_key_2,(mul_point(P,responder_noc_key_2),mul_point(P,hash((seed_y[],fresh_y_1))),mul_point(P,hash((seed_x[],fresh_x_1))))),resumption_id_4),ncase_sigma2n,nil)),!1 = @sid]
initiator_noc_key_2 = initiator_noc_key[!1 = @sid]
resumption_id_5 = resumption_id_3[initiator_resume1_mic_1 = aead_enc(kdf(mul_point(mul_point(P,hash((seed_y[],fresh_y_1))),hash((seed_x[],fresh_x_1))),(res_initiator_random_2,resumption_id_4),sigma1_resume),nil,resume1mic_nonce,nil),resumption_id_2 = resumption_id_4,res_initiator_random_1 = res_initiator_random_2,msg3_1 = aead_enc(kdf(mul_point(mul_point(P,hash((seed_y[],fresh_y_1))),hash((seed_x[],fresh_x_1))),(ipk[],hash(((mul_point(P,hash((seed_x[],fresh_x_1))),initiator_random_2),(responder_random_2,mul_point(P,hash((seed_y[],fresh_y_1))),aead_enc(kdf(mul_point(mul_point(P,hash((seed_y[],fresh_y_1))),hash((seed_x[],fresh_x_1))),(ipk[],responder_random_2,mul_point(P,hash((seed_y[],fresh_y_1))),hash((mul_point(P,hash((seed_x[],fresh_x_1))),initiator_random_2))),sigma2_info),(mul_point(P,responder_noc_key_2),sign(noc_signing_key[],mul_point(P,responder_noc_key_2)),sign(responder_noc_key_2,(mul_point(P,responder_noc_key_2),mul_point(P,hash((seed_y[],fresh_y_1))),mul_point(P,hash((seed_x[],fresh_x_1))))),resumption_id_4),ncase_sigma2n,nil))))),sigma3_info),(mul_point(P,initiator_noc_key_2),sign(noc_signing_key[],mul_point(P,initiator_noc_key_2)),sign(initiator_noc_key_2,(mul_point(P,initiator_noc_key_2),mul_point(P,hash((seed_x[],fresh_x_1))),mul_point(P,hash((seed_y[],fresh_y_1)))))),ncase_sigma3n,nil),msg1_1 = (mul_point(P,hash((seed_x[],fresh_x_1))),initiator_random_2),!1 = @sid_1]

1. The message (mul_point(P,hash((seed_x[],fresh_x_1))),initiator_random_2) may be sent to the attacker at output {18}.
attacker((mul_point(P,hash((seed_x[],fresh_x_1))),initiator_random_2)).

2. By 1, the attacker may know (mul_point(P,hash((seed_x[],fresh_x_1))),initiator_random_2).
Using the function 2-proj-2-tuple the attacker may obtain initiator_random_2.
attacker(initiator_random_2).

3. By 1, the attacker may know (mul_point(P,hash((seed_x[],fresh_x_1))),initiator_random_2).
Using the function 1-proj-2-tuple the attacker may obtain mul_point(P,hash((seed_x[],fresh_x_1))).
attacker(mul_point(P,hash((seed_x[],fresh_x_1)))).

4. By 3, the attacker may know mul_point(P,hash((seed_x[],fresh_x_1))).
By 2, the attacker may know initiator_random_2.
Using the function 2-tuple the attacker may obtain (mul_point(P,hash((seed_x[],fresh_x_1))),initiator_random_2).
attacker((mul_point(P,hash((seed_x[],fresh_x_1))),initiator_random_2)).

5. The message (mul_point(P,hash((seed_x[],fresh_x_1))),initiator_random_2) that the attacker may have by 4 may be received at input {57}.
So the message (responder_random_2,mul_point(P,hash((seed_y[],fresh_y_1))),aead_enc(kdf(mul_point(mul_point(P,hash((seed_y[],fresh_y_1))),hash((seed_x[],fresh_x_1))),(ipk[],responder_random_2,mul_point(P,hash((seed_y[],fresh_y_1))),hash((mul_point(P,hash((seed_x[],fresh_x_1))),initiator_random_2))),sigma2_info),(mul_point(P,responder_noc_key_2),sign(noc_signing_key[],mul_point(P,responder_noc_key_2)),sign(responder_noc_key_2,(mul_point(P,responder_noc_key_2),mul_point(P,hash((seed_y[],fresh_y_1))),mul_point(P,hash((seed_x[],fresh_x_1))))),resumption_id_4),ncase_sigma2n,nil)) may be sent to the attacker at output {70}.
attacker((responder_random_2,mul_point(P,hash((seed_y[],fresh_y_1))),aead_enc(kdf(mul_point(mul_point(P,hash((seed_y[],fresh_y_1))),hash((seed_x[],fresh_x_1))),(ipk[],responder_random_2,mul_point(P,hash((seed_y[],fresh_y_1))),hash((mul_point(P,hash((seed_x[],fresh_x_1))),initiator_random_2))),sigma2_info),(mul_point(P,responder_noc_key_2),sign(noc_signing_key[],mul_point(P,responder_noc_key_2)),sign(responder_noc_key_2,(mul_point(P,responder_noc_key_2),mul_point(P,hash((seed_y[],fresh_y_1))),mul_point(P,hash((seed_x[],fresh_x_1))))),resumption_id_4),ncase_sigma2n,nil))).

6. By 5, the attacker may know (responder_random_2,mul_point(P,hash((seed_y[],fresh_y_1))),aead_enc(kdf(mul_point(mul_point(P,hash((seed_y[],fresh_y_1))),hash((seed_x[],fresh_x_1))),(ipk[],responder_random_2,mul_point(P,hash((seed_y[],fresh_y_1))),hash((mul_point(P,hash((seed_x[],fresh_x_1))),initiator_random_2))),sigma2_info),(mul_point(P,responder_noc_key_2),sign(noc_signing_key[],mul_point(P,responder_noc_key_2)),sign(responder_noc_key_2,(mul_point(P,responder_noc_key_2),mul_point(P,hash((seed_y[],fresh_y_1))),mul_point(P,hash((seed_x[],fresh_x_1))))),resumption_id_4),ncase_sigma2n,nil)).
Using the function 3-proj-3-tuple the attacker may obtain aead_enc(kdf(mul_point(mul_point(P,hash((seed_y[],fresh_y_1))),hash((seed_x[],fresh_x_1))),(ipk[],responder_random_2,mul_point(P,hash((seed_y[],fresh_y_1))),hash((mul_point(P,hash((seed_x[],fresh_x_1))),initiator_random_2))),sigma2_info),(mul_point(P,responder_noc_key_2),sign(noc_signing_key[],mul_point(P,responder_noc_key_2)),sign(responder_noc_key_2,(mul_point(P,responder_noc_key_2),mul_point(P,hash((seed_y[],fresh_y_1))),mul_point(P,hash((seed_x[],fresh_x_1))))),resumption_id_4),ncase_sigma2n,nil).
attacker(aead_enc(kdf(mul_point(mul_point(P,hash((seed_y[],fresh_y_1))),hash((seed_x[],fresh_x_1))),(ipk[],responder_random_2,mul_point(P,hash((seed_y[],fresh_y_1))),hash((mul_point(P,hash((seed_x[],fresh_x_1))),initiator_random_2))),sigma2_info),(mul_point(P,responder_noc_key_2),sign(noc_signing_key[],mul_point(P,responder_noc_key_2)),sign(responder_noc_key_2,(mul_point(P,responder_noc_key_2),mul_point(P,hash((seed_y[],fresh_y_1))),mul_point(P,hash((seed_x[],fresh_x_1))))),resumption_id_4),ncase_sigma2n,nil)).

7. The message (mul_point(P,hash((seed_x[],fresh_x_1))),initiator_random_2) that the attacker may have by 4 may be received at input {57}.
So the message (responder_random_2,mul_point(P,hash((seed_y[],fresh_y_1))),aead_enc(kdf(mul_point(mul_point(P,hash((seed_x[],fresh_x_1))),hash((seed_y[],fresh_y_1))),(ipk[],responder_random_2,mul_point(P,hash((seed_y[],fresh_y_1))),hash((mul_point(P,hash((seed_x[],fresh_x_1))),initiator_random_2))),sigma2_info),(mul_point(P,responder_noc_key_2),sign(noc_signing_key[],mul_point(P,responder_noc_key_2)),sign(responder_noc_key_2,(mul_point(P,responder_noc_key_2),mul_point(P,hash((seed_y[],fresh_y_1))),mul_point(P,hash((seed_x[],fresh_x_1))))),resumption_id_4),ncase_sigma2n,nil)) may be sent to the attacker at output {70}.
attacker((responder_random_2,mul_point(P,hash((seed_y[],fresh_y_1))),aead_enc(kdf(mul_point(mul_point(P,hash((seed_x[],fresh_x_1))),hash((seed_y[],fresh_y_1))),(ipk[],responder_random_2,mul_point(P,hash((seed_y[],fresh_y_1))),hash((mul_point(P,hash((seed_x[],fresh_x_1))),initiator_random_2))),sigma2_info),(mul_point(P,responder_noc_key_2),sign(noc_signing_key[],mul_point(P,responder_noc_key_2)),sign(responder_noc_key_2,(mul_point(P,responder_noc_key_2),mul_point(P,hash((seed_y[],fresh_y_1))),mul_point(P,hash((seed_x[],fresh_x_1))))),resumption_id_4),ncase_sigma2n,nil))).

8. By 7, the attacker may know (responder_random_2,mul_point(P,hash((seed_y[],fresh_y_1))),aead_enc(kdf(mul_point(mul_point(P,hash((seed_x[],fresh_x_1))),hash((seed_y[],fresh_y_1))),(ipk[],responder_random_2,mul_point(P,hash((seed_y[],fresh_y_1))),hash((mul_point(P,hash((seed_x[],fresh_x_1))),initiator_random_2))),sigma2_info),(mul_point(P,responder_noc_key_2),sign(noc_signing_key[],mul_point(P,responder_noc_key_2)),sign(responder_noc_key_2,(mul_point(P,responder_noc_key_2),mul_point(P,hash((seed_y[],fresh_y_1))),mul_point(P,hash((seed_x[],fresh_x_1))))),resumption_id_4),ncase_sigma2n,nil)).
Using the function 2-proj-3-tuple the attacker may obtain mul_point(P,hash((seed_y[],fresh_y_1))).
attacker(mul_point(P,hash((seed_y[],fresh_y_1)))).

9. By 7, the attacker may know (responder_random_2,mul_point(P,hash((seed_y[],fresh_y_1))),aead_enc(kdf(mul_point(mul_point(P,hash((seed_x[],fresh_x_1))),hash((seed_y[],fresh_y_1))),(ipk[],responder_random_2,mul_point(P,hash((seed_y[],fresh_y_1))),hash((mul_point(P,hash((seed_x[],fresh_x_1))),initiator_random_2))),sigma2_info),(mul_point(P,responder_noc_key_2),sign(noc_signing_key[],mul_point(P,responder_noc_key_2)),sign(responder_noc_key_2,(mul_point(P,responder_noc_key_2),mul_point(P,hash((seed_y[],fresh_y_1))),mul_point(P,hash((seed_x[],fresh_x_1))))),resumption_id_4),ncase_sigma2n,nil)).
Using the function 1-proj-3-tuple the attacker may obtain responder_random_2.
attacker(responder_random_2).

10. By 9, the attacker may know responder_random_2.
By 8, the attacker may know mul_point(P,hash((seed_y[],fresh_y_1))).
By 6, the attacker may know aead_enc(kdf(mul_point(mul_point(P,hash((seed_y[],fresh_y_1))),hash((seed_x[],fresh_x_1))),(ipk[],responder_random_2,mul_point(P,hash((seed_y[],fresh_y_1))),hash((mul_point(P,hash((seed_x[],fresh_x_1))),initiator_random_2))),sigma2_info),(mul_point(P,responder_noc_key_2),sign(noc_signing_key[],mul_point(P,responder_noc_key_2)),sign(responder_noc_key_2,(mul_point(P,responder_noc_key_2),mul_point(P,hash((seed_y[],fresh_y_1))),mul_point(P,hash((seed_x[],fresh_x_1))))),resumption_id_4),ncase_sigma2n,nil).
Using the function 3-tuple the attacker may obtain (responder_random_2,mul_point(P,hash((seed_y[],fresh_y_1))),aead_enc(kdf(mul_point(mul_point(P,hash((seed_y[],fresh_y_1))),hash((seed_x[],fresh_x_1))),(ipk[],responder_random_2,mul_point(P,hash((seed_y[],fresh_y_1))),hash((mul_point(P,hash((seed_x[],fresh_x_1))),initiator_random_2))),sigma2_info),(mul_point(P,responder_noc_key_2),sign(noc_signing_key[],mul_point(P,responder_noc_key_2)),sign(responder_noc_key_2,(mul_point(P,responder_noc_key_2),mul_point(P,hash((seed_y[],fresh_y_1))),mul_point(P,hash((seed_x[],fresh_x_1))))),resumption_id_4),ncase_sigma2n,nil)).
attacker((responder_random_2,mul_point(P,hash((seed_y[],fresh_y_1))),aead_enc(kdf(mul_point(mul_point(P,hash((seed_y[],fresh_y_1))),hash((seed_x[],fresh_x_1))),(ipk[],responder_random_2,mul_point(P,hash((seed_y[],fresh_y_1))),hash((mul_point(P,hash((seed_x[],fresh_x_1))),initiator_random_2))),sigma2_info),(mul_point(P,responder_noc_key_2),sign(noc_signing_key[],mul_point(P,responder_noc_key_2)),sign(responder_noc_key_2,(mul_point(P,responder_noc_key_2),mul_point(P,hash((seed_y[],fresh_y_1))),mul_point(P,hash((seed_x[],fresh_x_1))))),resumption_id_4),ncase_sigma2n,nil))).

11. The message (responder_random_2,mul_point(P,hash((seed_y[],fresh_y_1))),aead_enc(kdf(mul_point(mul_point(P,hash((seed_y[],fresh_y_1))),hash((seed_x[],fresh_x_1))),(ipk[],responder_random_2,mul_point(P,hash((seed_y[],fresh_y_1))),hash((mul_point(P,hash((seed_x[],fresh_x_1))),initiator_random_2))),sigma2_info),(mul_point(P,responder_noc_key_2),sign(noc_signing_key[],mul_point(P,responder_noc_key_2)),sign(responder_noc_key_2,(mul_point(P,responder_noc_key_2),mul_point(P,hash((seed_y[],fresh_y_1))),mul_point(P,hash((seed_x[],fresh_x_1))))),resumption_id_4),ncase_sigma2n,nil)) that the attacker may have by 10 may be received at input {19}.
So the message aead_enc(kdf(mul_point(mul_point(P,hash((seed_y[],fresh_y_1))),hash((seed_x[],fresh_x_1))),(ipk[],hash(((mul_point(P,hash((seed_x[],fresh_x_1))),initiator_random_2),(responder_random_2,mul_point(P,hash((seed_y[],fresh_y_1))),aead_enc(kdf(mul_point(mul_point(P,hash((seed_y[],fresh_y_1))),hash((seed_x[],fresh_x_1))),(ipk[],responder_random_2,mul_point(P,hash((seed_y[],fresh_y_1))),hash((mul_point(P,hash((seed_x[],fresh_x_1))),initiator_random_2))),sigma2_info),(mul_point(P,responder_noc_key_2),sign(noc_signing_key[],mul_point(P,responder_noc_key_2)),sign(responder_noc_key_2,(mul_point(P,responder_noc_key_2),mul_point(P,hash((seed_y[],fresh_y_1))),mul_point(P,hash((seed_x[],fresh_x_1))))),resumption_id_4),ncase_sigma2n,nil))))),sigma3_info),(mul_point(P,initiator_noc_key_2),sign(noc_signing_key[],mul_point(P,initiator_noc_key_2)),sign(initiator_noc_key_2,(mul_point(P,initiator_noc_key_2),mul_point(P,hash((seed_x[],fresh_x_1))),mul_point(P,hash((seed_y[],fresh_y_1)))))),ncase_sigma3n,nil) may be sent to the attacker at output {30}.
attacker(aead_enc(kdf(mul_point(mul_point(P,hash((seed_y[],fresh_y_1))),hash((seed_x[],fresh_x_1))),(ipk[],hash(((mul_point(P,hash((seed_x[],fresh_x_1))),initiator_random_2),(responder_random_2,mul_point(P,hash((seed_y[],fresh_y_1))),aead_enc(kdf(mul_point(mul_point(P,hash((seed_y[],fresh_y_1))),hash((seed_x[],fresh_x_1))),(ipk[],responder_random_2,mul_point(P,hash((seed_y[],fresh_y_1))),hash((mul_point(P,hash((seed_x[],fresh_x_1))),initiator_random_2))),sigma2_info),(mul_point(P,responder_noc_key_2),sign(noc_signing_key[],mul_point(P,responder_noc_key_2)),sign(responder_noc_key_2,(mul_point(P,responder_noc_key_2),mul_point(P,hash((seed_y[],fresh_y_1))),mul_point(P,hash((seed_x[],fresh_x_1))))),resumption_id_4),ncase_sigma2n,nil))))),sigma3_info),(mul_point(P,initiator_noc_key_2),sign(noc_signing_key[],mul_point(P,initiator_noc_key_2)),sign(initiator_noc_key_2,(mul_point(P,initiator_noc_key_2),mul_point(P,hash((seed_x[],fresh_x_1))),mul_point(P,hash((seed_y[],fresh_y_1)))))),ncase_sigma3n,nil)).

12. The message (responder_random_2,mul_point(P,hash((seed_y[],fresh_y_1))),aead_enc(kdf(mul_point(mul_point(P,hash((seed_y[],fresh_y_1))),hash((seed_x[],fresh_x_1))),(ipk[],responder_random_2,mul_point(P,hash((seed_y[],fresh_y_1))),hash((mul_point(P,hash((seed_x[],fresh_x_1))),initiator_random_2))),sigma2_info),(mul_point(P,responder_noc_key_2),sign(noc_signing_key[],mul_point(P,responder_noc_key_2)),sign(responder_noc_key_2,(mul_point(P,responder_noc_key_2),mul_point(P,hash((seed_y[],fresh_y_1))),mul_point(P,hash((seed_x[],fresh_x_1))))),resumption_id_4),ncase_sigma2n,nil)) that the attacker may have by 10 may be received at input {19}.
So the message (res_initiator_random_2,resumption_id_4,aead_enc(kdf(mul_point(mul_point(P,hash((seed_y[],fresh_y_1))),hash((seed_x[],fresh_x_1))),(res_initiator_random_2,resumption_id_4),sigma1_resume),nil,resume1mic_nonce,nil)) may be sent to the attacker at output {42}.
attacker((res_initiator_random_2,resumption_id_4,aead_enc(kdf(mul_point(mul_point(P,hash((seed_y[],fresh_y_1))),hash((seed_x[],fresh_x_1))),(res_initiator_random_2,resumption_id_4),sigma1_resume),nil,resume1mic_nonce,nil))).

13. By 12, the attacker may know (res_initiator_random_2,resumption_id_4,aead_enc(kdf(mul_point(mul_point(P,hash((seed_y[],fresh_y_1))),hash((seed_x[],fresh_x_1))),(res_initiator_random_2,resumption_id_4),sigma1_resume),nil,resume1mic_nonce,nil)).
Using the function 3-proj-3-tuple the attacker may obtain aead_enc(kdf(mul_point(mul_point(P,hash((seed_y[],fresh_y_1))),hash((seed_x[],fresh_x_1))),(res_initiator_random_2,resumption_id_4),sigma1_resume),nil,resume1mic_nonce,nil).
attacker(aead_enc(kdf(mul_point(mul_point(P,hash((seed_y[],fresh_y_1))),hash((seed_x[],fresh_x_1))),(res_initiator_random_2,resumption_id_4),sigma1_resume),nil,resume1mic_nonce,nil)).

14. By 12, the attacker may know (res_initiator_random_2,resumption_id_4,aead_enc(kdf(mul_point(mul_point(P,hash((seed_y[],fresh_y_1))),hash((seed_x[],fresh_x_1))),(res_initiator_random_2,resumption_id_4),sigma1_resume),nil,resume1mic_nonce,nil)).
Using the function 2-proj-3-tuple the attacker may obtain resumption_id_4.
attacker(resumption_id_4).

15. By 12, the attacker may know (res_initiator_random_2,resumption_id_4,aead_enc(kdf(mul_point(mul_point(P,hash((seed_y[],fresh_y_1))),hash((seed_x[],fresh_x_1))),(res_initiator_random_2,resumption_id_4),sigma1_resume),nil,resume1mic_nonce,nil)).
Using the function 1-proj-3-tuple the attacker may obtain res_initiator_random_2.
attacker(res_initiator_random_2).

16. By 15, the attacker may know res_initiator_random_2.
By 14, the attacker may know resumption_id_4.
By 13, the attacker may know aead_enc(kdf(mul_point(mul_point(P,hash((seed_y[],fresh_y_1))),hash((seed_x[],fresh_x_1))),(res_initiator_random_2,resumption_id_4),sigma1_resume),nil,resume1mic_nonce,nil).
Using the function 3-tuple the attacker may obtain (res_initiator_random_2,resumption_id_4,aead_enc(kdf(mul_point(mul_point(P,hash((seed_y[],fresh_y_1))),hash((seed_x[],fresh_x_1))),(res_initiator_random_2,resumption_id_4),sigma1_resume),nil,resume1mic_nonce,nil)).
attacker((res_initiator_random_2,resumption_id_4,aead_enc(kdf(mul_point(mul_point(P,hash((seed_y[],fresh_y_1))),hash((seed_x[],fresh_x_1))),(res_initiator_random_2,resumption_id_4),sigma1_resume),nil,resume1mic_nonce,nil))).

17. The message (mul_point(P,hash((seed_x[],fresh_x_1))),initiator_random_2) that the attacker may have by 4 may be received at input {57}.
The message aead_enc(kdf(mul_point(mul_point(P,hash((seed_y[],fresh_y_1))),hash((seed_x[],fresh_x_1))),(ipk[],hash(((mul_point(P,hash((seed_x[],fresh_x_1))),initiator_random_2),(responder_random_2,mul_point(P,hash((seed_y[],fresh_y_1))),aead_enc(kdf(mul_point(mul_point(P,hash((seed_y[],fresh_y_1))),hash((seed_x[],fresh_x_1))),(ipk[],responder_random_2,mul_point(P,hash((seed_y[],fresh_y_1))),hash((mul_point(P,hash((seed_x[],fresh_x_1))),initiator_random_2))),sigma2_info),(mul_point(P,responder_noc_key_2),sign(noc_signing_key[],mul_point(P,responder_noc_key_2)),sign(responder_noc_key_2,(mul_point(P,responder_noc_key_2),mul_point(P,hash((seed_y[],fresh_y_1))),mul_point(P,hash((seed_x[],fresh_x_1))))),resumption_id_4),ncase_sigma2n,nil))))),sigma3_info),(mul_point(P,initiator_noc_key_2),sign(noc_signing_key[],mul_point(P,initiator_noc_key_2)),sign(initiator_noc_key_2,(mul_point(P,initiator_noc_key_2),mul_point(P,hash((seed_x[],fresh_x_1))),mul_point(P,hash((seed_y[],fresh_y_1)))))),ncase_sigma3n,nil) that the attacker may have by 11 may be received at input {71}.
The message (res_initiator_random_2,resumption_id_4,aead_enc(kdf(mul_point(mul_point(P,hash((seed_y[],fresh_y_1))),hash((seed_x[],fresh_x_1))),(res_initiator_random_2,resumption_id_4),sigma1_resume),nil,resume1mic_nonce,nil)) that the attacker may have by 16 may be received at input {84}.
So the message (resumption_id_5,aead_enc(kdf(mul_point(mul_point(P,hash((seed_y[],fresh_y_1))),hash((seed_x[],fresh_x_1))),(res_initiator_random_2,resumption_id_5),sigma2_resume),nil,resume2mic_nonce,nil)) may be sent to the attacker at output {90}.
attacker((resumption_id_5,aead_enc(kdf(mul_point(mul_point(P,hash((seed_y[],fresh_y_1))),hash((seed_x[],fresh_x_1))),(res_initiator_random_2,resumption_id_5),sigma2_resume),nil,resume2mic_nonce,nil))).

18. By 17, the attacker may know (resumption_id_5,aead_enc(kdf(mul_point(mul_point(P,hash((seed_y[],fresh_y_1))),hash((seed_x[],fresh_x_1))),(res_initiator_random_2,resumption_id_5),sigma2_resume),nil,resume2mic_nonce,nil)).
Using the function 2-proj-2-tuple the attacker may obtain aead_enc(kdf(mul_point(mul_point(P,hash((seed_y[],fresh_y_1))),hash((seed_x[],fresh_x_1))),(res_initiator_random_2,resumption_id_5),sigma2_resume),nil,resume2mic_nonce,nil).
attacker(aead_enc(kdf(mul_point(mul_point(P,hash((seed_y[],fresh_y_1))),hash((seed_x[],fresh_x_1))),(res_initiator_random_2,resumption_id_5),sigma2_resume),nil,resume2mic_nonce,nil)).

19. By 17, the attacker may know (resumption_id_5,aead_enc(kdf(mul_point(mul_point(P,hash((seed_y[],fresh_y_1))),hash((seed_x[],fresh_x_1))),(res_initiator_random_2,resumption_id_5),sigma2_resume),nil,resume2mic_nonce,nil)).
Using the function 1-proj-2-tuple the attacker may obtain resumption_id_5.
attacker(resumption_id_5).

20. By 19, the attacker may know resumption_id_5.
By 18, the attacker may know aead_enc(kdf(mul_point(mul_point(P,hash((seed_y[],fresh_y_1))),hash((seed_x[],fresh_x_1))),(res_initiator_random_2,resumption_id_5),sigma2_resume),nil,resume2mic_nonce,nil).
Using the function 2-tuple the attacker may obtain (resumption_id_5,aead_enc(kdf(mul_point(mul_point(P,hash((seed_y[],fresh_y_1))),hash((seed_x[],fresh_x_1))),(res_initiator_random_2,resumption_id_5),sigma2_resume),nil,resume2mic_nonce,nil)).
attacker((resumption_id_5,aead_enc(kdf(mul_point(mul_point(P,hash((seed_y[],fresh_y_1))),hash((seed_x[],fresh_x_1))),(res_initiator_random_2,resumption_id_5),sigma2_resume),nil,resume2mic_nonce,nil))).

21. The message (responder_random_2,mul_point(P,hash((seed_y[],fresh_y_1))),aead_enc(kdf(mul_point(mul_point(P,hash((seed_y[],fresh_y_1))),hash((seed_x[],fresh_x_1))),(ipk[],responder_random_2,mul_point(P,hash((seed_y[],fresh_y_1))),hash((mul_point(P,hash((seed_x[],fresh_x_1))),initiator_random_2))),sigma2_info),(mul_point(P,responder_noc_key_2),sign(noc_signing_key[],mul_point(P,responder_noc_key_2)),sign(responder_noc_key_2,(mul_point(P,responder_noc_key_2),mul_point(P,hash((seed_y[],fresh_y_1))),mul_point(P,hash((seed_x[],fresh_x_1))))),resumption_id_4),ncase_sigma2n,nil)) that the attacker may have by 10 may be received at input {19}.
The message (resumption_id_5,aead_enc(kdf(mul_point(mul_point(P,hash((seed_y[],fresh_y_1))),hash((seed_x[],fresh_x_1))),(res_initiator_random_2,resumption_id_5),sigma2_resume),nil,resume2mic_nonce,nil)) that the attacker may have by 20 may be received at input {43}.
So the message enc(kdf(mul_point(mul_point(P,hash((seed_y[],fresh_y_1))),hash((seed_x[],fresh_x_1))),(res_initiator_random_2,resumption_id_5),sessionresumptionkeys),q_resumption_session_keys_i[]) may be sent to the attacker at output {47}.
attacker(enc(kdf(mul_point(mul_point(P,hash((seed_y[],fresh_y_1))),hash((seed_x[],fresh_x_1))),(res_initiator_random_2,resumption_id_5),sessionresumptionkeys),q_resumption_session_keys_i[])).

22. By 21, the attacker may know enc(kdf(mul_point(mul_point(P,hash((seed_y[],fresh_y_1))),hash((seed_x[],fresh_x_1))),(res_initiator_random_2,resumption_id_5),sessionresumptionkeys),q_resumption_session_keys_i[]).
So the attacker may know enc(kdf(mul_point(mul_point(P,hash((seed_y[],fresh_y_1))),hash((seed_x[],fresh_x_1))),(res_initiator_random_2,resumption_id_5),sessionresumptionkeys),q_resumption_session_keys_i[]) in phase 1.
attacker_p1(enc(kdf(mul_point(mul_point(P,hash((seed_y[],fresh_y_1))),hash((seed_x[],fresh_x_1))),(res_initiator_random_2,resumption_id_5),sessionresumptionkeys),q_resumption_session_keys_i[])).

23. Using the function sessionresumptionkeys the attacker may obtain sessionresumptionkeys in phase 1.
attacker_p1(sessionresumptionkeys).

24. By 19, the attacker may know resumption_id_5.
So the attacker may know resumption_id_5 in phase 1.
attacker_p1(resumption_id_5).

25. By 15, the attacker may know res_initiator_random_2.
So the attacker may know res_initiator_random_2 in phase 1.
attacker_p1(res_initiator_random_2).

26. By 25, the attacker may know res_initiator_random_2 in phase 1.
By 24, the attacker may know resumption_id_5 in phase 1.
Using the function 2-tuple the attacker may obtain (res_initiator_random_2,resumption_id_5) in phase 1.
attacker_p1((res_initiator_random_2,resumption_id_5)).

27. The message (responder_random_2,mul_point(P,hash((seed_y[],fresh_y_1))),aead_enc(kdf(mul_point(mul_point(P,hash((seed_x[],fresh_x_1))),hash((seed_y[],fresh_y_1))),(ipk[],responder_random_2,mul_point(P,hash((seed_y[],fresh_y_1))),hash((mul_point(P,hash((seed_x[],fresh_x_1))),initiator_random_2))),sigma2_info),(mul_point(P,responder_noc_key_2),sign(noc_signing_key[],mul_point(P,responder_noc_key_2)),sign(responder_noc_key_2,(mul_point(P,responder_noc_key_2),mul_point(P,hash((seed_y[],fresh_y_1))),mul_point(P,hash((seed_x[],fresh_x_1))))),resumption_id_4),ncase_sigma2n,nil)) that the attacker may have by 7 may be received at input {19}.
So the message aead_enc(kdf(mul_point(mul_point(P,hash((seed_x[],fresh_x_1))),hash((seed_y[],fresh_y_1))),(ipk[],hash(((mul_point(P,hash((seed_x[],fresh_x_1))),initiator_random_2),(responder_random_2,mul_point(P,hash((seed_y[],fresh_y_1))),aead_enc(kdf(mul_point(mul_point(P,hash((seed_x[],fresh_x_1))),hash((seed_y[],fresh_y_1))),(ipk[],responder_random_2,mul_point(P,hash((seed_y[],fresh_y_1))),hash((mul_point(P,hash((seed_x[],fresh_x_1))),initiator_random_2))),sigma2_info),(mul_point(P,responder_noc_key_2),sign(noc_signing_key[],mul_point(P,responder_noc_key_2)),sign(responder_noc_key_2,(mul_point(P,responder_noc_key_2),mul_point(P,hash((seed_y[],fresh_y_1))),mul_point(P,hash((seed_x[],fresh_x_1))))),resumption_id_4),ncase_sigma2n,nil))))),sigma3_info),(mul_point(P,initiator_noc_key_2),sign(noc_signing_key[],mul_point(P,initiator_noc_key_2)),sign(initiator_noc_key_2,(mul_point(P,initiator_noc_key_2),mul_point(P,hash((seed_x[],fresh_x_1))),mul_point(P,hash((seed_y[],fresh_y_1)))))),ncase_sigma3n,nil) may be sent to the attacker at output {30}.
attacker(aead_enc(kdf(mul_point(mul_point(P,hash((seed_x[],fresh_x_1))),hash((seed_y[],fresh_y_1))),(ipk[],hash(((mul_point(P,hash((seed_x[],fresh_x_1))),initiator_random_2),(responder_random_2,mul_point(P,hash((seed_y[],fresh_y_1))),aead_enc(kdf(mul_point(mul_point(P,hash((seed_x[],fresh_x_1))),hash((seed_y[],fresh_y_1))),(ipk[],responder_random_2,mul_point(P,hash((seed_y[],fresh_y_1))),hash((mul_point(P,hash((seed_x[],fresh_x_1))),initiator_random_2))),sigma2_info),(mul_point(P,responder_noc_key_2),sign(noc_signing_key[],mul_point(P,responder_noc_key_2)),sign(responder_noc_key_2,(mul_point(P,responder_noc_key_2),mul_point(P,hash((seed_y[],fresh_y_1))),mul_point(P,hash((seed_x[],fresh_x_1))))),resumption_id_4),ncase_sigma2n,nil))))),sigma3_info),(mul_point(P,initiator_noc_key_2),sign(noc_signing_key[],mul_point(P,initiator_noc_key_2)),sign(initiator_noc_key_2,(mul_point(P,initiator_noc_key_2),mul_point(P,hash((seed_x[],fresh_x_1))),mul_point(P,hash((seed_y[],fresh_y_1)))))),ncase_sigma3n,nil)).

28. The message (mul_point(P,hash((seed_x[],fresh_x_1))),initiator_random_2) that the attacker may have by 4 may be received at input {57}.
The message aead_enc(kdf(mul_point(mul_point(P,hash((seed_x[],fresh_x_1))),hash((seed_y[],fresh_y_1))),(ipk[],hash(((mul_point(P,hash((seed_x[],fresh_x_1))),initiator_random_2),(responder_random_2,mul_point(P,hash((seed_y[],fresh_y_1))),aead_enc(kdf(mul_point(mul_point(P,hash((seed_x[],fresh_x_1))),hash((seed_y[],fresh_y_1))),(ipk[],responder_random_2,mul_point(P,hash((seed_y[],fresh_y_1))),hash((mul_point(P,hash((seed_x[],fresh_x_1))),initiator_random_2))),sigma2_info),(mul_point(P,responder_noc_key_2),sign(noc_signing_key[],mul_point(P,responder_noc_key_2)),sign(responder_noc_key_2,(mul_point(P,responder_noc_key_2),mul_point(P,hash((seed_y[],fresh_y_1))),mul_point(P,hash((seed_x[],fresh_x_1))))),resumption_id_4),ncase_sigma2n,nil))))),sigma3_info),(mul_point(P,initiator_noc_key_2),sign(noc_signing_key[],mul_point(P,initiator_noc_key_2)),sign(initiator_noc_key_2,(mul_point(P,initiator_noc_key_2),mul_point(P,hash((seed_x[],fresh_x_1))),mul_point(P,hash((seed_y[],fresh_y_1)))))),ncase_sigma3n,nil) that the attacker may have by 27 may be received at input {71}.
So the message fresh_y_1 may be sent to the attacker at output {80}.
attacker(fresh_y_1).

29. By 28, the attacker may know fresh_y_1.
So the attacker may know fresh_y_1 in phase 1.
attacker_p1(fresh_y_1).

30. The message seed_y[] may be sent to the attacker in phase 1 at output {97}.
attacker_p1(seed_y[]).

31. By 30, the attacker may know seed_y[] in phase 1.
By 29, the attacker may know fresh_y_1 in phase 1.
Using the function 2-tuple the attacker may obtain (seed_y[],fresh_y_1) in phase 1.
attacker_p1((seed_y[],fresh_y_1)).

32. By 31, the attacker may know (seed_y[],fresh_y_1) in phase 1.
Using the function hash the attacker may obtain hash((seed_y[],fresh_y_1)) in phase 1.
attacker_p1(hash((seed_y[],fresh_y_1))).

33. By 3, the attacker may know mul_point(P,hash((seed_x[],fresh_x_1))).
So the attacker may know mul_point(P,hash((seed_x[],fresh_x_1))) in phase 1.
attacker_p1(mul_point(P,hash((seed_x[],fresh_x_1)))).

34. By 33, the attacker may know mul_point(P,hash((seed_x[],fresh_x_1))) in phase 1.
By 32, the attacker may know hash((seed_y[],fresh_y_1)) in phase 1.
Using the function mul_point the attacker may obtain mul_point(mul_point(P,hash((seed_y[],fresh_y_1))),hash((seed_x[],fresh_x_1))) in phase 1.
attacker_p1(mul_point(mul_point(P,hash((seed_y[],fresh_y_1))),hash((seed_x[],fresh_x_1)))).

35. By 34, the attacker may know mul_point(mul_point(P,hash((seed_y[],fresh_y_1))),hash((seed_x[],fresh_x_1))) in phase 1.
By 26, the attacker may know (res_initiator_random_2,resumption_id_5) in phase 1.
By 23, the attacker may know sessionresumptionkeys in phase 1.
Using the function kdf the attacker may obtain kdf(mul_point(mul_point(P,hash((seed_y[],fresh_y_1))),hash((seed_x[],fresh_x_1))),(res_initiator_random_2,resumption_id_5),sessionresumptionkeys) in phase 1.
attacker_p1(kdf(mul_point(mul_point(P,hash((seed_y[],fresh_y_1))),hash((seed_x[],fresh_x_1))),(res_initiator_random_2,resumption_id_5),sessionresumptionkeys)).

36. By 35, the attacker may know kdf(mul_point(mul_point(P,hash((seed_y[],fresh_y_1))),hash((seed_x[],fresh_x_1))),(res_initiator_random_2,resumption_id_5),sessionresumptionkeys) in phase 1.
By 22, the attacker may know enc(kdf(mul_point(mul_point(P,hash((seed_y[],fresh_y_1))),hash((seed_x[],fresh_x_1))),(res_initiator_random_2,resumption_id_5),sessionresumptionkeys),q_resumption_session_keys_i[]) in phase 1.
Using the function dec the attacker may obtain q_resumption_session_keys_i[] in phase 1.
attacker_p1(q_resumption_session_keys_i[]).

37. By 36, attacker_p1(q_resumption_session_keys_i[]).
The goal is reached, represented in the following fact:
attacker_p1(q_resumption_session_keys_i[]).


A more detailed output of the traces is available with
  set traceDisplay = long.

new ipk: key creating ipk_3 at {1}

new seed_x: bitstring creating seed_x_2 at {2}

new seed_y: bitstring creating seed_y_2 at {3}

out(c, ~M) with ~M = mul_point(P,noc_signing_key) at {5}

new responder_noc_key: key creating responder_noc_key_3 at {51} in copy a

new initiator_noc_key: key creating initiator_noc_key_3 at {7} in copy a_1

new fresh_x: bitstring creating fresh_x_2 at {13} in copy a_1

new initiator_random: bitstring creating initiator_random_3 at {15} in copy a_1

out(c, (~M_1,~M_2)) with ~M_1 = mul_point(P,hash((seed_x_2,fresh_x_2))), ~M_2 = initiator_random_3 at {18} in copy a_1

in(c, (~M_1,~M_2)) with ~M_1 = mul_point(P,hash((seed_x_2,fresh_x_2))), ~M_2 = initiator_random_3 at {57} in copy a

event start_session_with_initiator(mul_point(P,hash((seed_x_2,fresh_x_2))),initiator_random_3) at {59} in copy a

new fresh_y: bitstring creating fresh_y_2 at {60} in copy a

new responder_random_1: bitstring creating responder_random_3 at {62} in copy a

new resumption_id_1: bitstring creating resumption_id_6 at {63} in copy a

out(c, (~M_3,~M_4,~M_5)) with ~M_3 = responder_random_3, ~M_4 = mul_point(P,hash((seed_y_2,fresh_y_2))), ~M_5 = aead_enc(kdf(mul_point(mul_point(P,hash((seed_x_2,fresh_x_2))),hash((seed_y_2,fresh_y_2))),(ipk_3,responder_random_3,mul_point(P,hash((seed_y_2,fresh_y_2))),hash((mul_point(P,hash((seed_x_2,fresh_x_2))),initiator_random_3))),sigma2_info),(mul_point(P,responder_noc_key_3),sign(noc_signing_key,mul_point(P,responder_noc_key_3)),sign(responder_noc_key_3,(mul_point(P,responder_noc_key_3),mul_point(P,hash((seed_y_2,fresh_y_2))),mul_point(P,hash((seed_x_2,fresh_x_2))))),resumption_id_6),ncase_sigma2n,nil) at {70} in copy a

in(c, (~M_3,~M_4,~M_5)) with ~M_3 = responder_random_3, ~M_4 = mul_point(P,hash((seed_y_2,fresh_y_2))), ~M_5 = aead_enc(kdf(mul_point(mul_point(P,hash((seed_y_2,fresh_y_2))),hash((seed_x_2,fresh_x_2))),(ipk_3,responder_random_3,mul_point(P,hash((seed_y_2,fresh_y_2))),hash((mul_point(P,hash((seed_x_2,fresh_x_2))),initiator_random_3))),sigma2_info),(mul_point(P,responder_noc_key_3),sign(noc_signing_key,mul_point(P,responder_noc_key_3)),sign(responder_noc_key_3,(mul_point(P,responder_noc_key_3),mul_point(P,hash((seed_y_2,fresh_y_2))),mul_point(P,hash((seed_x_2,fresh_x_2))))),resumption_id_6),ncase_sigma2n,nil) at {19} in copy a_1

event start_session_with_responder(mul_point(P,hash((seed_y_2,fresh_y_2))),responder_random_3) at {21} in copy a_1

event accept_responder_identity(mul_point(P,responder_noc_key_3),mul_point(P,hash((seed_y_2,fresh_y_2))),responder_random_3) at {26} in copy a_1

out(c, ~M_6) with ~M_6 = aead_enc(kdf(mul_point(mul_point(P,hash((seed_y_2,fresh_y_2))),hash((seed_x_2,fresh_x_2))),(ipk_3,hash(((mul_point(P,hash((seed_x_2,fresh_x_2))),initiator_random_3),(responder_random_3,mul_point(P,hash((seed_y_2,fresh_y_2))),aead_enc(kdf(mul_point(mul_point(P,hash((seed_y_2,fresh_y_2))),hash((seed_x_2,fresh_x_2))),(ipk_3,responder_random_3,mul_point(P,hash((seed_y_2,fresh_y_2))),hash((mul_point(P,hash((seed_x_2,fresh_x_2))),initiator_random_3))),sigma2_info),(mul_point(P,responder_noc_key_3),sign(noc_signing_key,mul_point(P,responder_noc_key_3)),sign(responder_noc_key_3,(mul_point(P,responder_noc_key_3),mul_point(P,hash((seed_y_2,fresh_y_2))),mul_point(P,hash((seed_x_2,fresh_x_2))))),resumption_id_6),ncase_sigma2n,nil))))),sigma3_info),(mul_point(P,initiator_noc_key_3),sign(noc_signing_key,mul_point(P,initiator_noc_key_3)),sign(initiator_noc_key_3,(mul_point(P,initiator_noc_key_3),mul_point(P,hash((seed_x_2,fresh_x_2))),mul_point(P,hash((seed_y_2,fresh_y_2)))))),ncase_sigma3n,nil) at {30} in copy a_1

event initiator_end(mul_point(P,initiator_noc_key_3),mul_point(P,hash((seed_x_2,fresh_x_2))),initiator_random_3) at {32} in copy a_1

out(c, ~M_7) with ~M_7 = enc(mul_point(P,initiator_noc_key_3),q_id_i_i) at {33} in copy a_1

out(c, ~M_8) with ~M_8 = enc(mul_point(P,responder_noc_key_3),q_id_r_i) at {34} in copy a_1

out(c, ~M_9) with ~M_9 = fresh_x_2 at {35} in copy a_1

out(c, ~M_10) with ~M_10 = enc(hash((seed_x_2,fresh_x_2)),q_eph_x) at {36} in copy a_1

out(c, ~M_11) with ~M_11 = enc(mul_point(mul_point(P,hash((seed_y_2,fresh_y_2))),hash((seed_x_2,fresh_x_2))),q_shared_secret_i) at {37} in copy a_1

out(c, ~M_12) with ~M_12 = enc(kdf(mul_point(mul_point(P,hash((seed_y_2,fresh_y_2))),hash((seed_x_2,fresh_x_2))),(ipk_3,hash(((mul_point(P,hash((seed_x_2,fresh_x_2))),initiator_random_3),(responder_random_3,mul_point(P,hash((seed_y_2,fresh_y_2))),aead_enc(kdf(mul_point(mul_point(P,hash((seed_y_2,fresh_y_2))),hash((seed_x_2,fresh_x_2))),(ipk_3,responder_random_3,mul_point(P,hash((seed_y_2,fresh_y_2))),hash((mul_point(P,hash((seed_x_2,fresh_x_2))),initiator_random_3))),sigma2_info),(mul_point(P,responder_noc_key_3),sign(noc_signing_key,mul_point(P,responder_noc_key_3)),sign(responder_noc_key_3,(mul_point(P,responder_noc_key_3),mul_point(P,hash((seed_y_2,fresh_y_2))),mul_point(P,hash((seed_x_2,fresh_x_2))))),resumption_id_6),ncase_sigma2n,nil)),aead_enc(kdf(mul_point(mul_point(P,hash((seed_y_2,fresh_y_2))),hash((seed_x_2,fresh_x_2))),(ipk_3,hash(((mul_point(P,hash((seed_x_2,fresh_x_2))),initiator_random_3),(responder_random_3,mul_point(P,hash((seed_y_2,fresh_y_2))),aead_enc(kdf(mul_point(mul_point(P,hash((seed_y_2,fresh_y_2))),hash((seed_x_2,fresh_x_2))),(ipk_3,responder_random_3,mul_point(P,hash((seed_y_2,fresh_y_2))),hash((mul_point(P,hash((seed_x_2,fresh_x_2))),initiator_random_3))),sigma2_info),(mul_point(P,responder_noc_key_3),sign(noc_signing_key,mul_point(P,responder_noc_key_3)),sign(responder_noc_key_3,(mul_point(P,responder_noc_key_3),mul_point(P,hash((seed_y_2,fresh_y_2))),mul_point(P,hash((seed_x_2,fresh_x_2))))),resumption_id_6),ncase_sigma2n,nil))))),sigma3_info),(mul_point(P,initiator_noc_key_3),sign(noc_signing_key,mul_point(P,initiator_noc_key_3)),sign(initiator_noc_key_3,(mul_point(P,initiator_noc_key_3),mul_point(P,hash((seed_x_2,fresh_x_2))),mul_point(P,hash((seed_y_2,fresh_y_2)))))),ncase_sigma3n,nil)))),sekeys_info),q_session_keys_i) at {38} in copy a_1

new res_initiator_random: bitstring creating res_initiator_random_3 at {39} in copy a_1

out(c, (~M_13,~M_14,~M_15)) with ~M_13 = res_initiator_random_3, ~M_14 = resumption_id_6, ~M_15 = aead_enc(kdf(mul_point(mul_point(P,hash((seed_y_2,fresh_y_2))),hash((seed_x_2,fresh_x_2))),(res_initiator_random_3,resumption_id_6),sigma1_resume),nil,resume1mic_nonce,nil) at {42} in copy a_1

in(c, ~M_6) with ~M_6 = aead_enc(kdf(mul_point(mul_point(P,hash((seed_y_2,fresh_y_2))),hash((seed_x_2,fresh_x_2))),(ipk_3,hash(((mul_point(P,hash((seed_x_2,fresh_x_2))),initiator_random_3),(responder_random_3,mul_point(P,hash((seed_y_2,fresh_y_2))),aead_enc(kdf(mul_point(mul_point(P,hash((seed_y_2,fresh_y_2))),hash((seed_x_2,fresh_x_2))),(ipk_3,responder_random_3,mul_point(P,hash((seed_y_2,fresh_y_2))),hash((mul_point(P,hash((seed_x_2,fresh_x_2))),initiator_random_3))),sigma2_info),(mul_point(P,responder_noc_key_3),sign(noc_signing_key,mul_point(P,responder_noc_key_3)),sign(responder_noc_key_3,(mul_point(P,responder_noc_key_3),mul_point(P,hash((seed_y_2,fresh_y_2))),mul_point(P,hash((seed_x_2,fresh_x_2))))),resumption_id_6),ncase_sigma2n,nil))))),sigma3_info),(mul_point(P,initiator_noc_key_3),sign(noc_signing_key,mul_point(P,initiator_noc_key_3)),sign(initiator_noc_key_3,(mul_point(P,initiator_noc_key_3),mul_point(P,hash((seed_x_2,fresh_x_2))),mul_point(P,hash((seed_y_2,fresh_y_2)))))),ncase_sigma3n,nil) at {71} in copy a

out(c, ~M_16) with ~M_16 = sigma_finished at {76} in copy a

event responder_end(mul_point(P,responder_noc_key_3),mul_point(P,hash((seed_y_2,fresh_y_2))),responder_random_3) at {77} in copy a

out(c, ~M_17) with ~M_17 = enc(mul_point(P,initiator_noc_key_3),q_id_i_r) at {78} in copy a

out(c, ~M_18) with ~M_18 = enc(mul_point(P,responder_noc_key_3),q_id_r_r) at {79} in copy a

out(c, ~M_19) with ~M_19 = fresh_y_2 at {80} in copy a

out(c, ~M_20) with ~M_20 = enc(hash((seed_y_2,fresh_y_2)),q_eph_y) at {81} in copy a

out(c, ~M_21) with ~M_21 = enc(mul_point(mul_point(P,hash((seed_x_2,fresh_x_2))),hash((seed_y_2,fresh_y_2))),q_shared_secret_r) at {82} in copy a

out(c, ~M_22) with ~M_22 = enc(kdf(mul_point(mul_point(P,hash((seed_x_2,fresh_x_2))),hash((seed_y_2,fresh_y_2))),(ipk_3,hash(((mul_point(P,hash((seed_x_2,fresh_x_2))),initiator_random_3),(responder_random_3,mul_point(P,hash((seed_y_2,fresh_y_2))),aead_enc(kdf(mul_point(mul_point(P,hash((seed_x_2,fresh_x_2))),hash((seed_y_2,fresh_y_2))),(ipk_3,responder_random_3,mul_point(P,hash((seed_y_2,fresh_y_2))),hash((mul_point(P,hash((seed_x_2,fresh_x_2))),initiator_random_3))),sigma2_info),(mul_point(P,responder_noc_key_3),sign(noc_signing_key,mul_point(P,responder_noc_key_3)),sign(responder_noc_key_3,(mul_point(P,responder_noc_key_3),mul_point(P,hash((seed_y_2,fresh_y_2))),mul_point(P,hash((seed_x_2,fresh_x_2))))),resumption_id_6),ncase_sigma2n,nil)),aead_enc(kdf(mul_point(mul_point(P,hash((seed_y_2,fresh_y_2))),hash((seed_x_2,fresh_x_2))),(ipk_3,hash(((mul_point(P,hash((seed_x_2,fresh_x_2))),initiator_random_3),(responder_random_3,mul_point(P,hash((seed_y_2,fresh_y_2))),aead_enc(kdf(mul_point(mul_point(P,hash((seed_y_2,fresh_y_2))),hash((seed_x_2,fresh_x_2))),(ipk_3,responder_random_3,mul_point(P,hash((seed_y_2,fresh_y_2))),hash((mul_point(P,hash((seed_x_2,fresh_x_2))),initiator_random_3))),sigma2_info),(mul_point(P,responder_noc_key_3),sign(noc_signing_key,mul_point(P,responder_noc_key_3)),sign(responder_noc_key_3,(mul_point(P,responder_noc_key_3),mul_point(P,hash((seed_y_2,fresh_y_2))),mul_point(P,hash((seed_x_2,fresh_x_2))))),resumption_id_6),ncase_sigma2n,nil))))),sigma3_info),(mul_point(P,initiator_noc_key_3),sign(noc_signing_key,mul_point(P,initiator_noc_key_3)),sign(initiator_noc_key_3,(mul_point(P,initiator_noc_key_3),mul_point(P,hash((seed_x_2,fresh_x_2))),mul_point(P,hash((seed_y_2,fresh_y_2)))))),ncase_sigma3n,nil)))),sekeys_info),q_session_keys_r) at {83} in copy a

in(c, (~M_13,~M_14,~M_15)) with ~M_13 = res_initiator_random_3, ~M_14 = resumption_id_6, ~M_15 = aead_enc(kdf(mul_point(mul_point(P,hash((seed_y_2,fresh_y_2))),hash((seed_x_2,fresh_x_2))),(res_initiator_random_3,resumption_id_6),sigma1_resume),nil,resume1mic_nonce,nil) at {84} in copy a

new resumption_id_3: bitstring creating resumption_id_7 at {87} in copy a

out(c, (~M_23,~M_24)) with ~M_23 = resumption_id_7, ~M_24 = aead_enc(kdf(mul_point(mul_point(P,hash((seed_x_2,fresh_x_2))),hash((seed_y_2,fresh_y_2))),(res_initiator_random_3,resumption_id_7),sigma2_resume),nil,resume2mic_nonce,nil) at {90} in copy a

out(c, ~M_25) with ~M_25 = enc(kdf(mul_point(mul_point(P,hash((seed_x_2,fresh_x_2))),hash((seed_y_2,fresh_y_2))),(res_initiator_random_3,resumption_id_7),sessionresumptionkeys),q_resumption_session_keys_r) at {92} in copy a

new dummy_1: bitstring creating dummy_2 at {93} in copy a

event did_not_reach_end_responder(dummy_2) at {94} in copy a

in(c, (~M_23,~M_24)) with ~M_23 = resumption_id_7, ~M_24 = aead_enc(kdf(mul_point(mul_point(P,hash((seed_y_2,fresh_y_2))),hash((seed_x_2,fresh_x_2))),(res_initiator_random_3,resumption_id_7),sigma2_resume),nil,resume2mic_nonce,nil) at {43} in copy a_1

out(c, ~M_26) with ~M_26 = enc(kdf(mul_point(mul_point(P,hash((seed_y_2,fresh_y_2))),hash((seed_x_2,fresh_x_2))),(res_initiator_random_3,resumption_id_7),sessionresumptionkeys),q_resumption_session_keys_i) at {47} in copy a_1

new dummy: bitstring creating dummy_3 at {48} in copy a_1

event did_not_reach_end_initiator(dummy_3) at {49} in copy a_1

out(c, ~M_27) with ~M_27 = seed_y_2 at {97} in copy a_2

The attacker has the message dec(kdf(mul_point(~M_1,hash((~M_27,~M_19))),(~M_13,~M_23),sessionresumptionkeys),~M_26) = q_resumption_session_keys_i in phase 1.
A trace has been found.
RESULT not attacker_p1(q_resumption_session_keys_i[]) is false.
-- Query not attacker_p1(q_resumption_session_keys_r[]) in process 1.
Translating the process into Horn clauses...
Completing...
200 rules inserted. Base: 193 rules (76 with conclusion selected). Queue: 99 rules.
400 rules inserted. Base: 368 rules (80 with conclusion selected). Queue: 187 rules.
600 rules inserted. Base: 459 rules (80 with conclusion selected). Queue: 211 rules.
800 rules inserted. Base: 540 rules (85 with conclusion selected). Queue: 225 rules.
1000 rules inserted. Base: 665 rules (95 with conclusion selected). Queue: 250 rules.
1200 rules inserted. Base: 772 rules (95 with conclusion selected). Queue: 237 rules.
1400 rules inserted. Base: 872 rules (95 with conclusion selected). Queue: 218 rules.
1600 rules inserted. Base: 1001 rules (103 with conclusion selected). Queue: 199 rules.
1800 rules inserted. Base: 978 rules (103 with conclusion selected). Queue: 184 rules.
2000 rules inserted. Base: 1065 rules (103 with conclusion selected). Queue: 176 rules.
2200 rules inserted. Base: 1175 rules (110 with conclusion selected). Queue: 184 rules.
2400 rules inserted. Base: 1279 rules (111 with conclusion selected). Queue: 157 rules.
2600 rules inserted. Base: 1375 rules (112 with conclusion selected). Queue: 139 rules.
2800 rules inserted. Base: 1493 rules (112 with conclusion selected). Queue: 100 rules.
3000 rules inserted. Base: 1498 rules (114 with conclusion selected). Queue: 46 rules.
ok, secrecy assumption verified: fact unreachable attacker_p1(q_id_i_i[])
ok, secrecy assumption verified: fact unreachable attacker(q_id_i_i[])
ok, secrecy assumption verified: fact unreachable attacker_p1(q_id_i_r[])
ok, secrecy assumption verified: fact unreachable attacker(q_id_i_r[])
ok, secrecy assumption verified: fact unreachable attacker_p1(q_id_r_i[])
ok, secrecy assumption verified: fact unreachable attacker(q_id_r_i[])
ok, secrecy assumption verified: fact unreachable attacker_p1(q_id_r_r[])
ok, secrecy assumption verified: fact unreachable attacker(q_id_r_r[])
ok, secrecy assumption verified: fact unreachable attacker_p1(q_eph_x[])
ok, secrecy assumption verified: fact unreachable attacker(q_eph_x[])
ok, secrecy assumption verified: fact unreachable attacker(q_eph_y[])
ok, secrecy assumption verified: fact unreachable attacker(q_shared_secret_i[])
ok, secrecy assumption verified: fact unreachable attacker(q_shared_secret_r[])
ok, secrecy assumption verified: fact unreachable attacker_p1(q_session_keys_i[])
ok, secrecy assumption verified: fact unreachable attacker(q_session_keys_i[])
ok, secrecy assumption verified: fact unreachable attacker_p1(q_session_keys_r[])
ok, secrecy assumption verified: fact unreachable attacker(q_session_keys_r[])
ok, secrecy assumption verified: fact unreachable attacker(q_resumption_session_keys_i[])
ok, secrecy assumption verified: fact unreachable attacker(q_resumption_session_keys_r[])
Starting query not attacker_p1(q_resumption_session_keys_r[])
goal reachable: attacker_p1(q_resumption_session_keys_r[])

Derivation:
Abbreviations:
fresh_x_1 = fresh_x[!1 = @sid]
initiator_random_2 = initiator_random[!1 = @sid]
fresh_y_1 = fresh_y[msg1_1 = (mul_point(P,hash((seed_x[],fresh_x_1))),initiator_random_2),!1 = @sid_1]
responder_random_2 = responder_random_1[msg1_1 = (mul_point(P,hash((seed_x[],fresh_x_1))),initiator_random_2),!1 = @sid_1]
responder_noc_key_2 = responder_noc_key[!1 = @sid_1]
resumption_id_4 = resumption_id_1[msg1_1 = (mul_point(P,hash((seed_x[],fresh_x_1))),initiator_random_2),!1 = @sid_1]
res_initiator_random_2 = res_initiator_random[msg2 = (responder_random_2,mul_point(P,hash((seed_y[],fresh_y_1))),aead_enc(kdf(mul_point(mul_point(P,hash((seed_y[],fresh_y_1))),hash((seed_x[],fresh_x_1))),(ipk[],responder_random_2,mul_point(P,hash((seed_y[],fresh_y_1))),hash((mul_point(P,hash((seed_x[],fresh_x_1))),initiator_random_2))),sigma2_info),(mul_point(P,responder_noc_key_2),sign(noc_signing_key[],mul_point(P,responder_noc_key_2)),sign(responder_noc_key_2,(mul_point(P,responder_noc_key_2),mul_point(P,hash((seed_y[],fresh_y_1))),mul_point(P,hash((seed_x[],fresh_x_1))))),resumption_id_4),ncase_sigma2n,nil)),!1 = @sid]
initiator_noc_key_2 = initiator_noc_key[!1 = @sid]
resumption_id_5 = resumption_id_3[initiator_resume1_mic_1 = aead_enc(kdf(mul_point(mul_point(P,hash((seed_y[],fresh_y_1))),hash((seed_x[],fresh_x_1))),(res_initiator_random_2,resumption_id_4),sigma1_resume),nil,resume1mic_nonce,nil),resumption_id_2 = resumption_id_4,res_initiator_random_1 = res_initiator_random_2,msg3_1 = aead_enc(kdf(mul_point(mul_point(P,hash((seed_y[],fresh_y_1))),hash((seed_x[],fresh_x_1))),(ipk[],hash(((mul_point(P,hash((seed_x[],fresh_x_1))),initiator_random_2),(responder_random_2,mul_point(P,hash((seed_y[],fresh_y_1))),aead_enc(kdf(mul_point(mul_point(P,hash((seed_y[],fresh_y_1))),hash((seed_x[],fresh_x_1))),(ipk[],responder_random_2,mul_point(P,hash((seed_y[],fresh_y_1))),hash((mul_point(P,hash((seed_x[],fresh_x_1))),initiator_random_2))),sigma2_info),(mul_point(P,responder_noc_key_2),sign(noc_signing_key[],mul_point(P,responder_noc_key_2)),sign(responder_noc_key_2,(mul_point(P,responder_noc_key_2),mul_point(P,hash((seed_y[],fresh_y_1))),mul_point(P,hash((seed_x[],fresh_x_1))))),resumption_id_4),ncase_sigma2n,nil))))),sigma3_info),(mul_point(P,initiator_noc_key_2),sign(noc_signing_key[],mul_point(P,initiator_noc_key_2)),sign(initiator_noc_key_2,(mul_point(P,initiator_noc_key_2),mul_point(P,hash((seed_x[],fresh_x_1))),mul_point(P,hash((seed_y[],fresh_y_1)))))),ncase_sigma3n,nil),msg1_1 = (mul_point(P,hash((seed_x[],fresh_x_1))),initiator_random_2),!1 = @sid_1]

1. The message (mul_point(P,hash((seed_x[],fresh_x_1))),initiator_random_2) may be sent to the attacker at output {18}.
attacker((mul_point(P,hash((seed_x[],fresh_x_1))),initiator_random_2)).

2. By 1, the attacker may know (mul_point(P,hash((seed_x[],fresh_x_1))),initiator_random_2).
Using the function 2-proj-2-tuple the attacker may obtain initiator_random_2.
attacker(initiator_random_2).

3. By 1, the attacker may know (mul_point(P,hash((seed_x[],fresh_x_1))),initiator_random_2).
Using the function 1-proj-2-tuple the attacker may obtain mul_point(P,hash((seed_x[],fresh_x_1))).
attacker(mul_point(P,hash((seed_x[],fresh_x_1)))).

4. By 3, the attacker may know mul_point(P,hash((seed_x[],fresh_x_1))).
By 2, the attacker may know initiator_random_2.
Using the function 2-tuple the attacker may obtain (mul_point(P,hash((seed_x[],fresh_x_1))),initiator_random_2).
attacker((mul_point(P,hash((seed_x[],fresh_x_1))),initiator_random_2)).

5. The message (mul_point(P,hash((seed_x[],fresh_x_1))),initiator_random_2) that the attacker may have by 4 may be received at input {57}.
So the message (responder_random_2,mul_point(P,hash((seed_y[],fresh_y_1))),aead_enc(kdf(mul_point(mul_point(P,hash((seed_y[],fresh_y_1))),hash((seed_x[],fresh_x_1))),(ipk[],responder_random_2,mul_point(P,hash((seed_y[],fresh_y_1))),hash((mul_point(P,hash((seed_x[],fresh_x_1))),initiator_random_2))),sigma2_info),(mul_point(P,responder_noc_key_2),sign(noc_signing_key[],mul_point(P,responder_noc_key_2)),sign(responder_noc_key_2,(mul_point(P,responder_noc_key_2),mul_point(P,hash((seed_y[],fresh_y_1))),mul_point(P,hash((seed_x[],fresh_x_1))))),resumption_id_4),ncase_sigma2n,nil)) may be sent to the attacker at output {70}.
attacker((responder_random_2,mul_point(P,hash((seed_y[],fresh_y_1))),aead_enc(kdf(mul_point(mul_point(P,hash((seed_y[],fresh_y_1))),hash((seed_x[],fresh_x_1))),(ipk[],responder_random_2,mul_point(P,hash((seed_y[],fresh_y_1))),hash((mul_point(P,hash((seed_x[],fresh_x_1))),initiator_random_2))),sigma2_info),(mul_point(P,responder_noc_key_2),sign(noc_signing_key[],mul_point(P,responder_noc_key_2)),sign(responder_noc_key_2,(mul_point(P,responder_noc_key_2),mul_point(P,hash((seed_y[],fresh_y_1))),mul_point(P,hash((seed_x[],fresh_x_1))))),resumption_id_4),ncase_sigma2n,nil))).

6. By 5, the attacker may know (responder_random_2,mul_point(P,hash((seed_y[],fresh_y_1))),aead_enc(kdf(mul_point(mul_point(P,hash((seed_y[],fresh_y_1))),hash((seed_x[],fresh_x_1))),(ipk[],responder_random_2,mul_point(P,hash((seed_y[],fresh_y_1))),hash((mul_point(P,hash((seed_x[],fresh_x_1))),initiator_random_2))),sigma2_info),(mul_point(P,responder_noc_key_2),sign(noc_signing_key[],mul_point(P,responder_noc_key_2)),sign(responder_noc_key_2,(mul_point(P,responder_noc_key_2),mul_point(P,hash((seed_y[],fresh_y_1))),mul_point(P,hash((seed_x[],fresh_x_1))))),resumption_id_4),ncase_sigma2n,nil)).
Using the function 3-proj-3-tuple the attacker may obtain aead_enc(kdf(mul_point(mul_point(P,hash((seed_y[],fresh_y_1))),hash((seed_x[],fresh_x_1))),(ipk[],responder_random_2,mul_point(P,hash((seed_y[],fresh_y_1))),hash((mul_point(P,hash((seed_x[],fresh_x_1))),initiator_random_2))),sigma2_info),(mul_point(P,responder_noc_key_2),sign(noc_signing_key[],mul_point(P,responder_noc_key_2)),sign(responder_noc_key_2,(mul_point(P,responder_noc_key_2),mul_point(P,hash((seed_y[],fresh_y_1))),mul_point(P,hash((seed_x[],fresh_x_1))))),resumption_id_4),ncase_sigma2n,nil).
attacker(aead_enc(kdf(mul_point(mul_point(P,hash((seed_y[],fresh_y_1))),hash((seed_x[],fresh_x_1))),(ipk[],responder_random_2,mul_point(P,hash((seed_y[],fresh_y_1))),hash((mul_point(P,hash((seed_x[],fresh_x_1))),initiator_random_2))),sigma2_info),(mul_point(P,responder_noc_key_2),sign(noc_signing_key[],mul_point(P,responder_noc_key_2)),sign(responder_noc_key_2,(mul_point(P,responder_noc_key_2),mul_point(P,hash((seed_y[],fresh_y_1))),mul_point(P,hash((seed_x[],fresh_x_1))))),resumption_id_4),ncase_sigma2n,nil)).

7. The message (mul_point(P,hash((seed_x[],fresh_x_1))),initiator_random_2) that the attacker may have by 4 may be received at input {57}.
So the message (responder_random_2,mul_point(P,hash((seed_y[],fresh_y_1))),aead_enc(kdf(mul_point(mul_point(P,hash((seed_x[],fresh_x_1))),hash((seed_y[],fresh_y_1))),(ipk[],responder_random_2,mul_point(P,hash((seed_y[],fresh_y_1))),hash((mul_point(P,hash((seed_x[],fresh_x_1))),initiator_random_2))),sigma2_info),(mul_point(P,responder_noc_key_2),sign(noc_signing_key[],mul_point(P,responder_noc_key_2)),sign(responder_noc_key_2,(mul_point(P,responder_noc_key_2),mul_point(P,hash((seed_y[],fresh_y_1))),mul_point(P,hash((seed_x[],fresh_x_1))))),resumption_id_4),ncase_sigma2n,nil)) may be sent to the attacker at output {70}.
attacker((responder_random_2,mul_point(P,hash((seed_y[],fresh_y_1))),aead_enc(kdf(mul_point(mul_point(P,hash((seed_x[],fresh_x_1))),hash((seed_y[],fresh_y_1))),(ipk[],responder_random_2,mul_point(P,hash((seed_y[],fresh_y_1))),hash((mul_point(P,hash((seed_x[],fresh_x_1))),initiator_random_2))),sigma2_info),(mul_point(P,responder_noc_key_2),sign(noc_signing_key[],mul_point(P,responder_noc_key_2)),sign(responder_noc_key_2,(mul_point(P,responder_noc_key_2),mul_point(P,hash((seed_y[],fresh_y_1))),mul_point(P,hash((seed_x[],fresh_x_1))))),resumption_id_4),ncase_sigma2n,nil))).

8. By 7, the attacker may know (responder_random_2,mul_point(P,hash((seed_y[],fresh_y_1))),aead_enc(kdf(mul_point(mul_point(P,hash((seed_x[],fresh_x_1))),hash((seed_y[],fresh_y_1))),(ipk[],responder_random_2,mul_point(P,hash((seed_y[],fresh_y_1))),hash((mul_point(P,hash((seed_x[],fresh_x_1))),initiator_random_2))),sigma2_info),(mul_point(P,responder_noc_key_2),sign(noc_signing_key[],mul_point(P,responder_noc_key_2)),sign(responder_noc_key_2,(mul_point(P,responder_noc_key_2),mul_point(P,hash((seed_y[],fresh_y_1))),mul_point(P,hash((seed_x[],fresh_x_1))))),resumption_id_4),ncase_sigma2n,nil)).
Using the function 2-proj-3-tuple the attacker may obtain mul_point(P,hash((seed_y[],fresh_y_1))).
attacker(mul_point(P,hash((seed_y[],fresh_y_1)))).

9. By 7, the attacker may know (responder_random_2,mul_point(P,hash((seed_y[],fresh_y_1))),aead_enc(kdf(mul_point(mul_point(P,hash((seed_x[],fresh_x_1))),hash((seed_y[],fresh_y_1))),(ipk[],responder_random_2,mul_point(P,hash((seed_y[],fresh_y_1))),hash((mul_point(P,hash((seed_x[],fresh_x_1))),initiator_random_2))),sigma2_info),(mul_point(P,responder_noc_key_2),sign(noc_signing_key[],mul_point(P,responder_noc_key_2)),sign(responder_noc_key_2,(mul_point(P,responder_noc_key_2),mul_point(P,hash((seed_y[],fresh_y_1))),mul_point(P,hash((seed_x[],fresh_x_1))))),resumption_id_4),ncase_sigma2n,nil)).
Using the function 1-proj-3-tuple the attacker may obtain responder_random_2.
attacker(responder_random_2).

10. By 9, the attacker may know responder_random_2.
By 8, the attacker may know mul_point(P,hash((seed_y[],fresh_y_1))).
By 6, the attacker may know aead_enc(kdf(mul_point(mul_point(P,hash((seed_y[],fresh_y_1))),hash((seed_x[],fresh_x_1))),(ipk[],responder_random_2,mul_point(P,hash((seed_y[],fresh_y_1))),hash((mul_point(P,hash((seed_x[],fresh_x_1))),initiator_random_2))),sigma2_info),(mul_point(P,responder_noc_key_2),sign(noc_signing_key[],mul_point(P,responder_noc_key_2)),sign(responder_noc_key_2,(mul_point(P,responder_noc_key_2),mul_point(P,hash((seed_y[],fresh_y_1))),mul_point(P,hash((seed_x[],fresh_x_1))))),resumption_id_4),ncase_sigma2n,nil).
Using the function 3-tuple the attacker may obtain (responder_random_2,mul_point(P,hash((seed_y[],fresh_y_1))),aead_enc(kdf(mul_point(mul_point(P,hash((seed_y[],fresh_y_1))),hash((seed_x[],fresh_x_1))),(ipk[],responder_random_2,mul_point(P,hash((seed_y[],fresh_y_1))),hash((mul_point(P,hash((seed_x[],fresh_x_1))),initiator_random_2))),sigma2_info),(mul_point(P,responder_noc_key_2),sign(noc_signing_key[],mul_point(P,responder_noc_key_2)),sign(responder_noc_key_2,(mul_point(P,responder_noc_key_2),mul_point(P,hash((seed_y[],fresh_y_1))),mul_point(P,hash((seed_x[],fresh_x_1))))),resumption_id_4),ncase_sigma2n,nil)).
attacker((responder_random_2,mul_point(P,hash((seed_y[],fresh_y_1))),aead_enc(kdf(mul_point(mul_point(P,hash((seed_y[],fresh_y_1))),hash((seed_x[],fresh_x_1))),(ipk[],responder_random_2,mul_point(P,hash((seed_y[],fresh_y_1))),hash((mul_point(P,hash((seed_x[],fresh_x_1))),initiator_random_2))),sigma2_info),(mul_point(P,responder_noc_key_2),sign(noc_signing_key[],mul_point(P,responder_noc_key_2)),sign(responder_noc_key_2,(mul_point(P,responder_noc_key_2),mul_point(P,hash((seed_y[],fresh_y_1))),mul_point(P,hash((seed_x[],fresh_x_1))))),resumption_id_4),ncase_sigma2n,nil))).

11. The message (responder_random_2,mul_point(P,hash((seed_y[],fresh_y_1))),aead_enc(kdf(mul_point(mul_point(P,hash((seed_y[],fresh_y_1))),hash((seed_x[],fresh_x_1))),(ipk[],responder_random_2,mul_point(P,hash((seed_y[],fresh_y_1))),hash((mul_point(P,hash((seed_x[],fresh_x_1))),initiator_random_2))),sigma2_info),(mul_point(P,responder_noc_key_2),sign(noc_signing_key[],mul_point(P,responder_noc_key_2)),sign(responder_noc_key_2,(mul_point(P,responder_noc_key_2),mul_point(P,hash((seed_y[],fresh_y_1))),mul_point(P,hash((seed_x[],fresh_x_1))))),resumption_id_4),ncase_sigma2n,nil)) that the attacker may have by 10 may be received at input {19}.
So the message aead_enc(kdf(mul_point(mul_point(P,hash((seed_y[],fresh_y_1))),hash((seed_x[],fresh_x_1))),(ipk[],hash(((mul_point(P,hash((seed_x[],fresh_x_1))),initiator_random_2),(responder_random_2,mul_point(P,hash((seed_y[],fresh_y_1))),aead_enc(kdf(mul_point(mul_point(P,hash((seed_y[],fresh_y_1))),hash((seed_x[],fresh_x_1))),(ipk[],responder_random_2,mul_point(P,hash((seed_y[],fresh_y_1))),hash((mul_point(P,hash((seed_x[],fresh_x_1))),initiator_random_2))),sigma2_info),(mul_point(P,responder_noc_key_2),sign(noc_signing_key[],mul_point(P,responder_noc_key_2)),sign(responder_noc_key_2,(mul_point(P,responder_noc_key_2),mul_point(P,hash((seed_y[],fresh_y_1))),mul_point(P,hash((seed_x[],fresh_x_1))))),resumption_id_4),ncase_sigma2n,nil))))),sigma3_info),(mul_point(P,initiator_noc_key_2),sign(noc_signing_key[],mul_point(P,initiator_noc_key_2)),sign(initiator_noc_key_2,(mul_point(P,initiator_noc_key_2),mul_point(P,hash((seed_x[],fresh_x_1))),mul_point(P,hash((seed_y[],fresh_y_1)))))),ncase_sigma3n,nil) may be sent to the attacker at output {30}.
attacker(aead_enc(kdf(mul_point(mul_point(P,hash((seed_y[],fresh_y_1))),hash((seed_x[],fresh_x_1))),(ipk[],hash(((mul_point(P,hash((seed_x[],fresh_x_1))),initiator_random_2),(responder_random_2,mul_point(P,hash((seed_y[],fresh_y_1))),aead_enc(kdf(mul_point(mul_point(P,hash((seed_y[],fresh_y_1))),hash((seed_x[],fresh_x_1))),(ipk[],responder_random_2,mul_point(P,hash((seed_y[],fresh_y_1))),hash((mul_point(P,hash((seed_x[],fresh_x_1))),initiator_random_2))),sigma2_info),(mul_point(P,responder_noc_key_2),sign(noc_signing_key[],mul_point(P,responder_noc_key_2)),sign(responder_noc_key_2,(mul_point(P,responder_noc_key_2),mul_point(P,hash((seed_y[],fresh_y_1))),mul_point(P,hash((seed_x[],fresh_x_1))))),resumption_id_4),ncase_sigma2n,nil))))),sigma3_info),(mul_point(P,initiator_noc_key_2),sign(noc_signing_key[],mul_point(P,initiator_noc_key_2)),sign(initiator_noc_key_2,(mul_point(P,initiator_noc_key_2),mul_point(P,hash((seed_x[],fresh_x_1))),mul_point(P,hash((seed_y[],fresh_y_1)))))),ncase_sigma3n,nil)).

12. The message (responder_random_2,mul_point(P,hash((seed_y[],fresh_y_1))),aead_enc(kdf(mul_point(mul_point(P,hash((seed_y[],fresh_y_1))),hash((seed_x[],fresh_x_1))),(ipk[],responder_random_2,mul_point(P,hash((seed_y[],fresh_y_1))),hash((mul_point(P,hash((seed_x[],fresh_x_1))),initiator_random_2))),sigma2_info),(mul_point(P,responder_noc_key_2),sign(noc_signing_key[],mul_point(P,responder_noc_key_2)),sign(responder_noc_key_2,(mul_point(P,responder_noc_key_2),mul_point(P,hash((seed_y[],fresh_y_1))),mul_point(P,hash((seed_x[],fresh_x_1))))),resumption_id_4),ncase_sigma2n,nil)) that the attacker may have by 10 may be received at input {19}.
So the message (res_initiator_random_2,resumption_id_4,aead_enc(kdf(mul_point(mul_point(P,hash((seed_y[],fresh_y_1))),hash((seed_x[],fresh_x_1))),(res_initiator_random_2,resumption_id_4),sigma1_resume),nil,resume1mic_nonce,nil)) may be sent to the attacker at output {42}.
attacker((res_initiator_random_2,resumption_id_4,aead_enc(kdf(mul_point(mul_point(P,hash((seed_y[],fresh_y_1))),hash((seed_x[],fresh_x_1))),(res_initiator_random_2,resumption_id_4),sigma1_resume),nil,resume1mic_nonce,nil))).

13. By 12, the attacker may know (res_initiator_random_2,resumption_id_4,aead_enc(kdf(mul_point(mul_point(P,hash((seed_y[],fresh_y_1))),hash((seed_x[],fresh_x_1))),(res_initiator_random_2,resumption_id_4),sigma1_resume),nil,resume1mic_nonce,nil)).
Using the function 3-proj-3-tuple the attacker may obtain aead_enc(kdf(mul_point(mul_point(P,hash((seed_y[],fresh_y_1))),hash((seed_x[],fresh_x_1))),(res_initiator_random_2,resumption_id_4),sigma1_resume),nil,resume1mic_nonce,nil).
attacker(aead_enc(kdf(mul_point(mul_point(P,hash((seed_y[],fresh_y_1))),hash((seed_x[],fresh_x_1))),(res_initiator_random_2,resumption_id_4),sigma1_resume),nil,resume1mic_nonce,nil)).

14. By 12, the attacker may know (res_initiator_random_2,resumption_id_4,aead_enc(kdf(mul_point(mul_point(P,hash((seed_y[],fresh_y_1))),hash((seed_x[],fresh_x_1))),(res_initiator_random_2,resumption_id_4),sigma1_resume),nil,resume1mic_nonce,nil)).
Using the function 2-proj-3-tuple the attacker may obtain resumption_id_4.
attacker(resumption_id_4).

15. By 12, the attacker may know (res_initiator_random_2,resumption_id_4,aead_enc(kdf(mul_point(mul_point(P,hash((seed_y[],fresh_y_1))),hash((seed_x[],fresh_x_1))),(res_initiator_random_2,resumption_id_4),sigma1_resume),nil,resume1mic_nonce,nil)).
Using the function 1-proj-3-tuple the attacker may obtain res_initiator_random_2.
attacker(res_initiator_random_2).

16. By 15, the attacker may know res_initiator_random_2.
By 14, the attacker may know resumption_id_4.
By 13, the attacker may know aead_enc(kdf(mul_point(mul_point(P,hash((seed_y[],fresh_y_1))),hash((seed_x[],fresh_x_1))),(res_initiator_random_2,resumption_id_4),sigma1_resume),nil,resume1mic_nonce,nil).
Using the function 3-tuple the attacker may obtain (res_initiator_random_2,resumption_id_4,aead_enc(kdf(mul_point(mul_point(P,hash((seed_y[],fresh_y_1))),hash((seed_x[],fresh_x_1))),(res_initiator_random_2,resumption_id_4),sigma1_resume),nil,resume1mic_nonce,nil)).
attacker((res_initiator_random_2,resumption_id_4,aead_enc(kdf(mul_point(mul_point(P,hash((seed_y[],fresh_y_1))),hash((seed_x[],fresh_x_1))),(res_initiator_random_2,resumption_id_4),sigma1_resume),nil,resume1mic_nonce,nil))).

17. The message (mul_point(P,hash((seed_x[],fresh_x_1))),initiator_random_2) that the attacker may have by 4 may be received at input {57}.
The message aead_enc(kdf(mul_point(mul_point(P,hash((seed_y[],fresh_y_1))),hash((seed_x[],fresh_x_1))),(ipk[],hash(((mul_point(P,hash((seed_x[],fresh_x_1))),initiator_random_2),(responder_random_2,mul_point(P,hash((seed_y[],fresh_y_1))),aead_enc(kdf(mul_point(mul_point(P,hash((seed_y[],fresh_y_1))),hash((seed_x[],fresh_x_1))),(ipk[],responder_random_2,mul_point(P,hash((seed_y[],fresh_y_1))),hash((mul_point(P,hash((seed_x[],fresh_x_1))),initiator_random_2))),sigma2_info),(mul_point(P,responder_noc_key_2),sign(noc_signing_key[],mul_point(P,responder_noc_key_2)),sign(responder_noc_key_2,(mul_point(P,responder_noc_key_2),mul_point(P,hash((seed_y[],fresh_y_1))),mul_point(P,hash((seed_x[],fresh_x_1))))),resumption_id_4),ncase_sigma2n,nil))))),sigma3_info),(mul_point(P,initiator_noc_key_2),sign(noc_signing_key[],mul_point(P,initiator_noc_key_2)),sign(initiator_noc_key_2,(mul_point(P,initiator_noc_key_2),mul_point(P,hash((seed_x[],fresh_x_1))),mul_point(P,hash((seed_y[],fresh_y_1)))))),ncase_sigma3n,nil) that the attacker may have by 11 may be received at input {71}.
The message (res_initiator_random_2,resumption_id_4,aead_enc(kdf(mul_point(mul_point(P,hash((seed_y[],fresh_y_1))),hash((seed_x[],fresh_x_1))),(res_initiator_random_2,resumption_id_4),sigma1_resume),nil,resume1mic_nonce,nil)) that the attacker may have by 16 may be received at input {84}.
So the message enc(kdf(mul_point(mul_point(P,hash((seed_y[],fresh_y_1))),hash((seed_x[],fresh_x_1))),(res_initiator_random_2,resumption_id_5),sessionresumptionkeys),q_resumption_session_keys_r[]) may be sent to the attacker at output {92}.
attacker(enc(kdf(mul_point(mul_point(P,hash((seed_y[],fresh_y_1))),hash((seed_x[],fresh_x_1))),(res_initiator_random_2,resumption_id_5),sessionresumptionkeys),q_resumption_session_keys_r[])).

18. By 17, the attacker may know enc(kdf(mul_point(mul_point(P,hash((seed_y[],fresh_y_1))),hash((seed_x[],fresh_x_1))),(res_initiator_random_2,resumption_id_5),sessionresumptionkeys),q_resumption_session_keys_r[]).
So the attacker may know enc(kdf(mul_point(mul_point(P,hash((seed_y[],fresh_y_1))),hash((seed_x[],fresh_x_1))),(res_initiator_random_2,resumption_id_5),sessionresumptionkeys),q_resumption_session_keys_r[]) in phase 1.
attacker_p1(enc(kdf(mul_point(mul_point(P,hash((seed_y[],fresh_y_1))),hash((seed_x[],fresh_x_1))),(res_initiator_random_2,resumption_id_5),sessionresumptionkeys),q_resumption_session_keys_r[])).

19. Using the function sessionresumptionkeys the attacker may obtain sessionresumptionkeys in phase 1.
attacker_p1(sessionresumptionkeys).

20. The message (mul_point(P,hash((seed_x[],fresh_x_1))),initiator_random_2) that the attacker may have by 4 may be received at input {57}.
The message aead_enc(kdf(mul_point(mul_point(P,hash((seed_y[],fresh_y_1))),hash((seed_x[],fresh_x_1))),(ipk[],hash(((mul_point(P,hash((seed_x[],fresh_x_1))),initiator_random_2),(responder_random_2,mul_point(P,hash((seed_y[],fresh_y_1))),aead_enc(kdf(mul_point(mul_point(P,hash((seed_y[],fresh_y_1))),hash((seed_x[],fresh_x_1))),(ipk[],responder_random_2,mul_point(P,hash((seed_y[],fresh_y_1))),hash((mul_point(P,hash((seed_x[],fresh_x_1))),initiator_random_2))),sigma2_info),(mul_point(P,responder_noc_key_2),sign(noc_signing_key[],mul_point(P,responder_noc_key_2)),sign(responder_noc_key_2,(mul_point(P,responder_noc_key_2),mul_point(P,hash((seed_y[],fresh_y_1))),mul_point(P,hash((seed_x[],fresh_x_1))))),resumption_id_4),ncase_sigma2n,nil))))),sigma3_info),(mul_point(P,initiator_noc_key_2),sign(noc_signing_key[],mul_point(P,initiator_noc_key_2)),sign(initiator_noc_key_2,(mul_point(P,initiator_noc_key_2),mul_point(P,hash((seed_x[],fresh_x_1))),mul_point(P,hash((seed_y[],fresh_y_1)))))),ncase_sigma3n,nil) that the attacker may have by 11 may be received at input {71}.
The message (res_initiator_random_2,resumption_id_4,aead_enc(kdf(mul_point(mul_point(P,hash((seed_y[],fresh_y_1))),hash((seed_x[],fresh_x_1))),(res_initiator_random_2,resumption_id_4),sigma1_resume),nil,resume1mic_nonce,nil)) that the attacker may have by 16 may be received at input {84}.
So the message (resumption_id_5,aead_enc(kdf(mul_point(mul_point(P,hash((seed_y[],fresh_y_1))),hash((seed_x[],fresh_x_1))),(res_initiator_random_2,resumption_id_5),sigma2_resume),nil,resume2mic_nonce,nil)) may be sent to the attacker at output {90}.
attacker((resumption_id_5,aead_enc(kdf(mul_point(mul_point(P,hash((seed_y[],fresh_y_1))),hash((seed_x[],fresh_x_1))),(res_initiator_random_2,resumption_id_5),sigma2_resume),nil,resume2mic_nonce,nil))).

21. By 20, the attacker may know (resumption_id_5,aead_enc(kdf(mul_point(mul_point(P,hash((seed_y[],fresh_y_1))),hash((seed_x[],fresh_x_1))),(res_initiator_random_2,resumption_id_5),sigma2_resume),nil,resume2mic_nonce,nil)).
Using the function 1-proj-2-tuple the attacker may obtain resumption_id_5.
attacker(resumption_id_5).

22. By 21, the attacker may know resumption_id_5.
So the attacker may know resumption_id_5 in phase 1.
attacker_p1(resumption_id_5).

23. By 15, the attacker may know res_initiator_random_2.
So the attacker may know res_initiator_random_2 in phase 1.
attacker_p1(res_initiator_random_2).

24. By 23, the attacker may know res_initiator_random_2 in phase 1.
By 22, the attacker may know resumption_id_5 in phase 1.
Using the function 2-tuple the attacker may obtain (res_initiator_random_2,resumption_id_5) in phase 1.
attacker_p1((res_initiator_random_2,resumption_id_5)).

25. The message (responder_random_2,mul_point(P,hash((seed_y[],fresh_y_1))),aead_enc(kdf(mul_point(mul_point(P,hash((seed_x[],fresh_x_1))),hash((seed_y[],fresh_y_1))),(ipk[],responder_random_2,mul_point(P,hash((seed_y[],fresh_y_1))),hash((mul_point(P,hash((seed_x[],fresh_x_1))),initiator_random_2))),sigma2_info),(mul_point(P,responder_noc_key_2),sign(noc_signing_key[],mul_point(P,responder_noc_key_2)),sign(responder_noc_key_2,(mul_point(P,responder_noc_key_2),mul_point(P,hash((seed_y[],fresh_y_1))),mul_point(P,hash((seed_x[],fresh_x_1))))),resumption_id_4),ncase_sigma2n,nil)) that the attacker may have by 7 may be received at input {19}.
So the message aead_enc(kdf(mul_point(mul_point(P,hash((seed_x[],fresh_x_1))),hash((seed_y[],fresh_y_1))),(ipk[],hash(((mul_point(P,hash((seed_x[],fresh_x_1))),initiator_random_2),(responder_random_2,mul_point(P,hash((seed_y[],fresh_y_1))),aead_enc(kdf(mul_point(mul_point(P,hash((seed_x[],fresh_x_1))),hash((seed_y[],fresh_y_1))),(ipk[],responder_random_2,mul_point(P,hash((seed_y[],fresh_y_1))),hash((mul_point(P,hash((seed_x[],fresh_x_1))),initiator_random_2))),sigma2_info),(mul_point(P,responder_noc_key_2),sign(noc_signing_key[],mul_point(P,responder_noc_key_2)),sign(responder_noc_key_2,(mul_point(P,responder_noc_key_2),mul_point(P,hash((seed_y[],fresh_y_1))),mul_point(P,hash((seed_x[],fresh_x_1))))),resumption_id_4),ncase_sigma2n,nil))))),sigma3_info),(mul_point(P,initiator_noc_key_2),sign(noc_signing_key[],mul_point(P,initiator_noc_key_2)),sign(initiator_noc_key_2,(mul_point(P,initiator_noc_key_2),mul_point(P,hash((seed_x[],fresh_x_1))),mul_point(P,hash((seed_y[],fresh_y_1)))))),ncase_sigma3n,nil) may be sent to the attacker at output {30}.
attacker(aead_enc(kdf(mul_point(mul_point(P,hash((seed_x[],fresh_x_1))),hash((seed_y[],fresh_y_1))),(ipk[],hash(((mul_point(P,hash((seed_x[],fresh_x_1))),initiator_random_2),(responder_random_2,mul_point(P,hash((seed_y[],fresh_y_1))),aead_enc(kdf(mul_point(mul_point(P,hash((seed_x[],fresh_x_1))),hash((seed_y[],fresh_y_1))),(ipk[],responder_random_2,mul_point(P,hash((seed_y[],fresh_y_1))),hash((mul_point(P,hash((seed_x[],fresh_x_1))),initiator_random_2))),sigma2_info),(mul_point(P,responder_noc_key_2),sign(noc_signing_key[],mul_point(P,responder_noc_key_2)),sign(responder_noc_key_2,(mul_point(P,responder_noc_key_2),mul_point(P,hash((seed_y[],fresh_y_1))),mul_point(P,hash((seed_x[],fresh_x_1))))),resumption_id_4),ncase_sigma2n,nil))))),sigma3_info),(mul_point(P,initiator_noc_key_2),sign(noc_signing_key[],mul_point(P,initiator_noc_key_2)),sign(initiator_noc_key_2,(mul_point(P,initiator_noc_key_2),mul_point(P,hash((seed_x[],fresh_x_1))),mul_point(P,hash((seed_y[],fresh_y_1)))))),ncase_sigma3n,nil)).

26. The message (mul_point(P,hash((seed_x[],fresh_x_1))),initiator_random_2) that the attacker may have by 4 may be received at input {57}.
The message aead_enc(kdf(mul_point(mul_point(P,hash((seed_x[],fresh_x_1))),hash((seed_y[],fresh_y_1))),(ipk[],hash(((mul_point(P,hash((seed_x[],fresh_x_1))),initiator_random_2),(responder_random_2,mul_point(P,hash((seed_y[],fresh_y_1))),aead_enc(kdf(mul_point(mul_point(P,hash((seed_x[],fresh_x_1))),hash((seed_y[],fresh_y_1))),(ipk[],responder_random_2,mul_point(P,hash((seed_y[],fresh_y_1))),hash((mul_point(P,hash((seed_x[],fresh_x_1))),initiator_random_2))),sigma2_info),(mul_point(P,responder_noc_key_2),sign(noc_signing_key[],mul_point(P,responder_noc_key_2)),sign(responder_noc_key_2,(mul_point(P,responder_noc_key_2),mul_point(P,hash((seed_y[],fresh_y_1))),mul_point(P,hash((seed_x[],fresh_x_1))))),resumption_id_4),ncase_sigma2n,nil))))),sigma3_info),(mul_point(P,initiator_noc_key_2),sign(noc_signing_key[],mul_point(P,initiator_noc_key_2)),sign(initiator_noc_key_2,(mul_point(P,initiator_noc_key_2),mul_point(P,hash((seed_x[],fresh_x_1))),mul_point(P,hash((seed_y[],fresh_y_1)))))),ncase_sigma3n,nil) that the attacker may have by 25 may be received at input {71}.
So the message fresh_y_1 may be sent to the attacker at output {80}.
attacker(fresh_y_1).

27. By 26, the attacker may know fresh_y_1.
So the attacker may know fresh_y_1 in phase 1.
attacker_p1(fresh_y_1).

28. The message seed_y[] may be sent to the attacker in phase 1 at output {97}.
attacker_p1(seed_y[]).

29. By 28, the attacker may know seed_y[] in phase 1.
By 27, the attacker may know fresh_y_1 in phase 1.
Using the function 2-tuple the attacker may obtain (seed_y[],fresh_y_1) in phase 1.
attacker_p1((seed_y[],fresh_y_1)).

30. By 29, the attacker may know (seed_y[],fresh_y_1) in phase 1.
Using the function hash the attacker may obtain hash((seed_y[],fresh_y_1)) in phase 1.
attacker_p1(hash((seed_y[],fresh_y_1))).

31. By 3, the attacker may know mul_point(P,hash((seed_x[],fresh_x_1))).
So the attacker may know mul_point(P,hash((seed_x[],fresh_x_1))) in phase 1.
attacker_p1(mul_point(P,hash((seed_x[],fresh_x_1)))).

32. By 31, the attacker may know mul_point(P,hash((seed_x[],fresh_x_1))) in phase 1.
By 30, the attacker may know hash((seed_y[],fresh_y_1)) in phase 1.
Using the function mul_point the attacker may obtain mul_point(mul_point(P,hash((seed_y[],fresh_y_1))),hash((seed_x[],fresh_x_1))) in phase 1.
attacker_p1(mul_point(mul_point(P,hash((seed_y[],fresh_y_1))),hash((seed_x[],fresh_x_1)))).

33. By 32, the attacker may know mul_point(mul_point(P,hash((seed_y[],fresh_y_1))),hash((seed_x[],fresh_x_1))) in phase 1.
By 24, the attacker may know (res_initiator_random_2,resumption_id_5) in phase 1.
By 19, the attacker may know sessionresumptionkeys in phase 1.
Using the function kdf the attacker may obtain kdf(mul_point(mul_point(P,hash((seed_y[],fresh_y_1))),hash((seed_x[],fresh_x_1))),(res_initiator_random_2,resumption_id_5),sessionresumptionkeys) in phase 1.
attacker_p1(kdf(mul_point(mul_point(P,hash((seed_y[],fresh_y_1))),hash((seed_x[],fresh_x_1))),(res_initiator_random_2,resumption_id_5),sessionresumptionkeys)).

34. By 33, the attacker may know kdf(mul_point(mul_point(P,hash((seed_y[],fresh_y_1))),hash((seed_x[],fresh_x_1))),(res_initiator_random_2,resumption_id_5),sessionresumptionkeys) in phase 1.
By 18, the attacker may know enc(kdf(mul_point(mul_point(P,hash((seed_y[],fresh_y_1))),hash((seed_x[],fresh_x_1))),(res_initiator_random_2,resumption_id_5),sessionresumptionkeys),q_resumption_session_keys_r[]) in phase 1.
Using the function dec the attacker may obtain q_resumption_session_keys_r[] in phase 1.
attacker_p1(q_resumption_session_keys_r[]).

35. By 34, attacker_p1(q_resumption_session_keys_r[]).
The goal is reached, represented in the following fact:
attacker_p1(q_resumption_session_keys_r[]).


A more detailed output of the traces is available with
  set traceDisplay = long.

new ipk: key creating ipk_3 at {1}

new seed_x: bitstring creating seed_x_2 at {2}

new seed_y: bitstring creating seed_y_2 at {3}

out(c, ~M) with ~M = mul_point(P,noc_signing_key) at {5}

new responder_noc_key: key creating responder_noc_key_3 at {51} in copy a

new initiator_noc_key: key creating initiator_noc_key_3 at {7} in copy a_1

new fresh_x: bitstring creating fresh_x_2 at {13} in copy a_1

new initiator_random: bitstring creating initiator_random_3 at {15} in copy a_1

out(c, (~M_1,~M_2)) with ~M_1 = mul_point(P,hash((seed_x_2,fresh_x_2))), ~M_2 = initiator_random_3 at {18} in copy a_1

in(c, (~M_1,~M_2)) with ~M_1 = mul_point(P,hash((seed_x_2,fresh_x_2))), ~M_2 = initiator_random_3 at {57} in copy a

event start_session_with_initiator(mul_point(P,hash((seed_x_2,fresh_x_2))),initiator_random_3) at {59} in copy a

new fresh_y: bitstring creating fresh_y_2 at {60} in copy a

new responder_random_1: bitstring creating responder_random_3 at {62} in copy a

new resumption_id_1: bitstring creating resumption_id_6 at {63} in copy a

out(c, (~M_3,~M_4,~M_5)) with ~M_3 = responder_random_3, ~M_4 = mul_point(P,hash((seed_y_2,fresh_y_2))), ~M_5 = aead_enc(kdf(mul_point(mul_point(P,hash((seed_x_2,fresh_x_2))),hash((seed_y_2,fresh_y_2))),(ipk_3,responder_random_3,mul_point(P,hash((seed_y_2,fresh_y_2))),hash((mul_point(P,hash((seed_x_2,fresh_x_2))),initiator_random_3))),sigma2_info),(mul_point(P,responder_noc_key_3),sign(noc_signing_key,mul_point(P,responder_noc_key_3)),sign(responder_noc_key_3,(mul_point(P,responder_noc_key_3),mul_point(P,hash((seed_y_2,fresh_y_2))),mul_point(P,hash((seed_x_2,fresh_x_2))))),resumption_id_6),ncase_sigma2n,nil) at {70} in copy a

in(c, (~M_3,~M_4,~M_5)) with ~M_3 = responder_random_3, ~M_4 = mul_point(P,hash((seed_y_2,fresh_y_2))), ~M_5 = aead_enc(kdf(mul_point(mul_point(P,hash((seed_y_2,fresh_y_2))),hash((seed_x_2,fresh_x_2))),(ipk_3,responder_random_3,mul_point(P,hash((seed_y_2,fresh_y_2))),hash((mul_point(P,hash((seed_x_2,fresh_x_2))),initiator_random_3))),sigma2_info),(mul_point(P,responder_noc_key_3),sign(noc_signing_key,mul_point(P,responder_noc_key_3)),sign(responder_noc_key_3,(mul_point(P,responder_noc_key_3),mul_point(P,hash((seed_y_2,fresh_y_2))),mul_point(P,hash((seed_x_2,fresh_x_2))))),resumption_id_6),ncase_sigma2n,nil) at {19} in copy a_1

event start_session_with_responder(mul_point(P,hash((seed_y_2,fresh_y_2))),responder_random_3) at {21} in copy a_1

event accept_responder_identity(mul_point(P,responder_noc_key_3),mul_point(P,hash((seed_y_2,fresh_y_2))),responder_random_3) at {26} in copy a_1

out(c, ~M_6) with ~M_6 = aead_enc(kdf(mul_point(mul_point(P,hash((seed_y_2,fresh_y_2))),hash((seed_x_2,fresh_x_2))),(ipk_3,hash(((mul_point(P,hash((seed_x_2,fresh_x_2))),initiator_random_3),(responder_random_3,mul_point(P,hash((seed_y_2,fresh_y_2))),aead_enc(kdf(mul_point(mul_point(P,hash((seed_y_2,fresh_y_2))),hash((seed_x_2,fresh_x_2))),(ipk_3,responder_random_3,mul_point(P,hash((seed_y_2,fresh_y_2))),hash((mul_point(P,hash((seed_x_2,fresh_x_2))),initiator_random_3))),sigma2_info),(mul_point(P,responder_noc_key_3),sign(noc_signing_key,mul_point(P,responder_noc_key_3)),sign(responder_noc_key_3,(mul_point(P,responder_noc_key_3),mul_point(P,hash((seed_y_2,fresh_y_2))),mul_point(P,hash((seed_x_2,fresh_x_2))))),resumption_id_6),ncase_sigma2n,nil))))),sigma3_info),(mul_point(P,initiator_noc_key_3),sign(noc_signing_key,mul_point(P,initiator_noc_key_3)),sign(initiator_noc_key_3,(mul_point(P,initiator_noc_key_3),mul_point(P,hash((seed_x_2,fresh_x_2))),mul_point(P,hash((seed_y_2,fresh_y_2)))))),ncase_sigma3n,nil) at {30} in copy a_1

event initiator_end(mul_point(P,initiator_noc_key_3),mul_point(P,hash((seed_x_2,fresh_x_2))),initiator_random_3) at {32} in copy a_1

out(c, ~M_7) with ~M_7 = enc(mul_point(P,initiator_noc_key_3),q_id_i_i) at {33} in copy a_1

out(c, ~M_8) with ~M_8 = enc(mul_point(P,responder_noc_key_3),q_id_r_i) at {34} in copy a_1

out(c, ~M_9) with ~M_9 = fresh_x_2 at {35} in copy a_1

out(c, ~M_10) with ~M_10 = enc(hash((seed_x_2,fresh_x_2)),q_eph_x) at {36} in copy a_1

out(c, ~M_11) with ~M_11 = enc(mul_point(mul_point(P,hash((seed_y_2,fresh_y_2))),hash((seed_x_2,fresh_x_2))),q_shared_secret_i) at {37} in copy a_1

out(c, ~M_12) with ~M_12 = enc(kdf(mul_point(mul_point(P,hash((seed_y_2,fresh_y_2))),hash((seed_x_2,fresh_x_2))),(ipk_3,hash(((mul_point(P,hash((seed_x_2,fresh_x_2))),initiator_random_3),(responder_random_3,mul_point(P,hash((seed_y_2,fresh_y_2))),aead_enc(kdf(mul_point(mul_point(P,hash((seed_y_2,fresh_y_2))),hash((seed_x_2,fresh_x_2))),(ipk_3,responder_random_3,mul_point(P,hash((seed_y_2,fresh_y_2))),hash((mul_point(P,hash((seed_x_2,fresh_x_2))),initiator_random_3))),sigma2_info),(mul_point(P,responder_noc_key_3),sign(noc_signing_key,mul_point(P,responder_noc_key_3)),sign(responder_noc_key_3,(mul_point(P,responder_noc_key_3),mul_point(P,hash((seed_y_2,fresh_y_2))),mul_point(P,hash((seed_x_2,fresh_x_2))))),resumption_id_6),ncase_sigma2n,nil)),aead_enc(kdf(mul_point(mul_point(P,hash((seed_y_2,fresh_y_2))),hash((seed_x_2,fresh_x_2))),(ipk_3,hash(((mul_point(P,hash((seed_x_2,fresh_x_2))),initiator_random_3),(responder_random_3,mul_point(P,hash((seed_y_2,fresh_y_2))),aead_enc(kdf(mul_point(mul_point(P,hash((seed_y_2,fresh_y_2))),hash((seed_x_2,fresh_x_2))),(ipk_3,responder_random_3,mul_point(P,hash((seed_y_2,fresh_y_2))),hash((mul_point(P,hash((seed_x_2,fresh_x_2))),initiator_random_3))),sigma2_info),(mul_point(P,responder_noc_key_3),sign(noc_signing_key,mul_point(P,responder_noc_key_3)),sign(responder_noc_key_3,(mul_point(P,responder_noc_key_3),mul_point(P,hash((seed_y_2,fresh_y_2))),mul_point(P,hash((seed_x_2,fresh_x_2))))),resumption_id_6),ncase_sigma2n,nil))))),sigma3_info),(mul_point(P,initiator_noc_key_3),sign(noc_signing_key,mul_point(P,initiator_noc_key_3)),sign(initiator_noc_key_3,(mul_point(P,initiator_noc_key_3),mul_point(P,hash((seed_x_2,fresh_x_2))),mul_point(P,hash((seed_y_2,fresh_y_2)))))),ncase_sigma3n,nil)))),sekeys_info),q_session_keys_i) at {38} in copy a_1

new res_initiator_random: bitstring creating res_initiator_random_3 at {39} in copy a_1

out(c, (~M_13,~M_14,~M_15)) with ~M_13 = res_initiator_random_3, ~M_14 = resumption_id_6, ~M_15 = aead_enc(kdf(mul_point(mul_point(P,hash((seed_y_2,fresh_y_2))),hash((seed_x_2,fresh_x_2))),(res_initiator_random_3,resumption_id_6),sigma1_resume),nil,resume1mic_nonce,nil) at {42} in copy a_1

in(c, ~M_6) with ~M_6 = aead_enc(kdf(mul_point(mul_point(P,hash((seed_y_2,fresh_y_2))),hash((seed_x_2,fresh_x_2))),(ipk_3,hash(((mul_point(P,hash((seed_x_2,fresh_x_2))),initiator_random_3),(responder_random_3,mul_point(P,hash((seed_y_2,fresh_y_2))),aead_enc(kdf(mul_point(mul_point(P,hash((seed_y_2,fresh_y_2))),hash((seed_x_2,fresh_x_2))),(ipk_3,responder_random_3,mul_point(P,hash((seed_y_2,fresh_y_2))),hash((mul_point(P,hash((seed_x_2,fresh_x_2))),initiator_random_3))),sigma2_info),(mul_point(P,responder_noc_key_3),sign(noc_signing_key,mul_point(P,responder_noc_key_3)),sign(responder_noc_key_3,(mul_point(P,responder_noc_key_3),mul_point(P,hash((seed_y_2,fresh_y_2))),mul_point(P,hash((seed_x_2,fresh_x_2))))),resumption_id_6),ncase_sigma2n,nil))))),sigma3_info),(mul_point(P,initiator_noc_key_3),sign(noc_signing_key,mul_point(P,initiator_noc_key_3)),sign(initiator_noc_key_3,(mul_point(P,initiator_noc_key_3),mul_point(P,hash((seed_x_2,fresh_x_2))),mul_point(P,hash((seed_y_2,fresh_y_2)))))),ncase_sigma3n,nil) at {71} in copy a

out(c, ~M_16) with ~M_16 = sigma_finished at {76} in copy a

event responder_end(mul_point(P,responder_noc_key_3),mul_point(P,hash((seed_y_2,fresh_y_2))),responder_random_3) at {77} in copy a

out(c, ~M_17) with ~M_17 = enc(mul_point(P,initiator_noc_key_3),q_id_i_r) at {78} in copy a

out(c, ~M_18) with ~M_18 = enc(mul_point(P,responder_noc_key_3),q_id_r_r) at {79} in copy a

out(c, ~M_19) with ~M_19 = fresh_y_2 at {80} in copy a

out(c, ~M_20) with ~M_20 = enc(hash((seed_y_2,fresh_y_2)),q_eph_y) at {81} in copy a

out(c, ~M_21) with ~M_21 = enc(mul_point(mul_point(P,hash((seed_x_2,fresh_x_2))),hash((seed_y_2,fresh_y_2))),q_shared_secret_r) at {82} in copy a

out(c, ~M_22) with ~M_22 = enc(kdf(mul_point(mul_point(P,hash((seed_x_2,fresh_x_2))),hash((seed_y_2,fresh_y_2))),(ipk_3,hash(((mul_point(P,hash((seed_x_2,fresh_x_2))),initiator_random_3),(responder_random_3,mul_point(P,hash((seed_y_2,fresh_y_2))),aead_enc(kdf(mul_point(mul_point(P,hash((seed_x_2,fresh_x_2))),hash((seed_y_2,fresh_y_2))),(ipk_3,responder_random_3,mul_point(P,hash((seed_y_2,fresh_y_2))),hash((mul_point(P,hash((seed_x_2,fresh_x_2))),initiator_random_3))),sigma2_info),(mul_point(P,responder_noc_key_3),sign(noc_signing_key,mul_point(P,responder_noc_key_3)),sign(responder_noc_key_3,(mul_point(P,responder_noc_key_3),mul_point(P,hash((seed_y_2,fresh_y_2))),mul_point(P,hash((seed_x_2,fresh_x_2))))),resumption_id_6),ncase_sigma2n,nil)),aead_enc(kdf(mul_point(mul_point(P,hash((seed_y_2,fresh_y_2))),hash((seed_x_2,fresh_x_2))),(ipk_3,hash(((mul_point(P,hash((seed_x_2,fresh_x_2))),initiator_random_3),(responder_random_3,mul_point(P,hash((seed_y_2,fresh_y_2))),aead_enc(kdf(mul_point(mul_point(P,hash((seed_y_2,fresh_y_2))),hash((seed_x_2,fresh_x_2))),(ipk_3,responder_random_3,mul_point(P,hash((seed_y_2,fresh_y_2))),hash((mul_point(P,hash((seed_x_2,fresh_x_2))),initiator_random_3))),sigma2_info),(mul_point(P,responder_noc_key_3),sign(noc_signing_key,mul_point(P,responder_noc_key_3)),sign(responder_noc_key_3,(mul_point(P,responder_noc_key_3),mul_point(P,hash((seed_y_2,fresh_y_2))),mul_point(P,hash((seed_x_2,fresh_x_2))))),resumption_id_6),ncase_sigma2n,nil))))),sigma3_info),(mul_point(P,initiator_noc_key_3),sign(noc_signing_key,mul_point(P,initiator_noc_key_3)),sign(initiator_noc_key_3,(mul_point(P,initiator_noc_key_3),mul_point(P,hash((seed_x_2,fresh_x_2))),mul_point(P,hash((seed_y_2,fresh_y_2)))))),ncase_sigma3n,nil)))),sekeys_info),q_session_keys_r) at {83} in copy a

in(c, (~M_13,~M_14,~M_15)) with ~M_13 = res_initiator_random_3, ~M_14 = resumption_id_6, ~M_15 = aead_enc(kdf(mul_point(mul_point(P,hash((seed_y_2,fresh_y_2))),hash((seed_x_2,fresh_x_2))),(res_initiator_random_3,resumption_id_6),sigma1_resume),nil,resume1mic_nonce,nil) at {84} in copy a

new resumption_id_3: bitstring creating resumption_id_7 at {87} in copy a

out(c, (~M_23,~M_24)) with ~M_23 = resumption_id_7, ~M_24 = aead_enc(kdf(mul_point(mul_point(P,hash((seed_x_2,fresh_x_2))),hash((seed_y_2,fresh_y_2))),(res_initiator_random_3,resumption_id_7),sigma2_resume),nil,resume2mic_nonce,nil) at {90} in copy a

out(c, ~M_25) with ~M_25 = enc(kdf(mul_point(mul_point(P,hash((seed_x_2,fresh_x_2))),hash((seed_y_2,fresh_y_2))),(res_initiator_random_3,resumption_id_7),sessionresumptionkeys),q_resumption_session_keys_r) at {92} in copy a

new dummy_1: bitstring creating dummy_2 at {93} in copy a

event did_not_reach_end_responder(dummy_2) at {94} in copy a

out(c, ~M_26) with ~M_26 = seed_y_2 at {97} in copy a_2

The attacker has the message dec(kdf(mul_point(~M_1,hash((~M_26,~M_19))),(~M_13,~M_23),sessionresumptionkeys),~M_25) = q_resumption_session_keys_r in phase 1.
A trace has been found.
RESULT not attacker_p1(q_resumption_session_keys_r[]) is false.
-- Query not event(did_not_reach_end_initiator(x_1)) in process 1.
Translating the process into Horn clauses...
Completing...
200 rules inserted. Base: 193 rules (76 with conclusion selected). Queue: 99 rules.
400 rules inserted. Base: 370 rules (80 with conclusion selected). Queue: 187 rules.
600 rules inserted. Base: 459 rules (80 with conclusion selected). Queue: 211 rules.
800 rules inserted. Base: 540 rules (85 with conclusion selected). Queue: 226 rules.
1000 rules inserted. Base: 669 rules (95 with conclusion selected). Queue: 250 rules.
1200 rules inserted. Base: 772 rules (95 with conclusion selected). Queue: 241 rules.
1400 rules inserted. Base: 875 rules (95 with conclusion selected). Queue: 230 rules.
1600 rules inserted. Base: 1002 rules (101 with conclusion selected). Queue: 197 rules.
1800 rules inserted. Base: 984 rules (103 with conclusion selected). Queue: 180 rules.
2000 rules inserted. Base: 1072 rules (103 with conclusion selected). Queue: 185 rules.
2200 rules inserted. Base: 1184 rules (110 with conclusion selected). Queue: 191 rules.
2400 rules inserted. Base: 1289 rules (110 with conclusion selected). Queue: 163 rules.
2600 rules inserted. Base: 1382 rules (111 with conclusion selected). Queue: 144 rules.
2800 rules inserted. Base: 1499 rules (112 with conclusion selected). Queue: 116 rules.
3000 rules inserted. Base: 1526 rules (112 with conclusion selected). Queue: 57 rules.
ok, secrecy assumption verified: fact unreachable attacker_p1(q_id_i_i[])
ok, secrecy assumption verified: fact unreachable attacker(q_id_i_i[])
ok, secrecy assumption verified: fact unreachable attacker_p1(q_id_i_r[])
ok, secrecy assumption verified: fact unreachable attacker(q_id_i_r[])
ok, secrecy assumption verified: fact unreachable attacker_p1(q_id_r_i[])
ok, secrecy assumption verified: fact unreachable attacker(q_id_r_i[])
ok, secrecy assumption verified: fact unreachable attacker_p1(q_id_r_r[])
ok, secrecy assumption verified: fact unreachable attacker(q_id_r_r[])
ok, secrecy assumption verified: fact unreachable attacker_p1(q_eph_x[])
ok, secrecy assumption verified: fact unreachable attacker(q_eph_x[])
ok, secrecy assumption verified: fact unreachable attacker(q_eph_y[])
ok, secrecy assumption verified: fact unreachable attacker(q_shared_secret_i[])
ok, secrecy assumption verified: fact unreachable attacker(q_shared_secret_r[])
ok, secrecy assumption verified: fact unreachable attacker_p1(q_session_keys_i[])
ok, secrecy assumption verified: fact unreachable attacker(q_session_keys_i[])
ok, secrecy assumption verified: fact unreachable attacker_p1(q_session_keys_r[])
ok, secrecy assumption verified: fact unreachable attacker(q_session_keys_r[])
ok, secrecy assumption verified: fact unreachable attacker(q_resumption_session_keys_i[])
ok, secrecy assumption verified: fact unreachable attacker(q_resumption_session_keys_r[])
Starting query not event(did_not_reach_end_initiator(x_1))
goal reachable: event(did_not_reach_end_initiator(dummy_2))
Abbreviations:
fresh_x_1 = fresh_x[!1 = @sid]
initiator_random_2 = initiator_random[!1 = @sid]
fresh_y_1 = fresh_y[msg1_1 = (mul_point(P,hash((seed_x[],fresh_x_1))),initiator_random_2),!1 = @sid_1]
responder_random_2 = responder_random_1[msg1_1 = (mul_point(P,hash((seed_x[],fresh_x_1))),initiator_random_2),!1 = @sid_1]
responder_noc_key_2 = responder_noc_key[!1 = @sid_1]
resumption_id_4 = resumption_id_1[msg1_1 = (mul_point(P,hash((seed_x[],fresh_x_1))),initiator_random_2),!1 = @sid_1]
res_initiator_random_2 = res_initiator_random[msg2 = (responder_random_2,mul_point(P,hash((seed_y[],fresh_y_1))),aead_enc(kdf(mul_point(mul_point(P,hash((seed_y[],fresh_y_1))),hash((seed_x[],fresh_x_1))),(ipk[],responder_random_2,mul_point(P,hash((seed_y[],fresh_y_1))),hash((mul_point(P,hash((seed_x[],fresh_x_1))),initiator_random_2))),sigma2_info),(mul_point(P,responder_noc_key_2),sign(noc_signing_key[],mul_point(P,responder_noc_key_2)),sign(responder_noc_key_2,(mul_point(P,responder_noc_key_2),mul_point(P,hash((seed_y[],fresh_y_1))),mul_point(P,hash((seed_x[],fresh_x_1))))),resumption_id_4),ncase_sigma2n,nil)),!1 = @sid]
initiator_noc_key_2 = initiator_noc_key[!1 = @sid]
resumption_id_5 = resumption_id_3[initiator_resume1_mic_1 = aead_enc(kdf(mul_point(mul_point(P,hash((seed_y[],fresh_y_1))),hash((seed_x[],fresh_x_1))),(res_initiator_random_2,resumption_id_4),sigma1_resume),nil,resume1mic_nonce,nil),resumption_id_2 = resumption_id_4,res_initiator_random_1 = res_initiator_random_2,msg3_1 = aead_enc(kdf(mul_point(mul_point(P,hash((seed_y[],fresh_y_1))),hash((seed_x[],fresh_x_1))),(ipk[],hash(((mul_point(P,hash((seed_x[],fresh_x_1))),initiator_random_2),(responder_random_2,mul_point(P,hash((seed_y[],fresh_y_1))),aead_enc(kdf(mul_point(mul_point(P,hash((seed_y[],fresh_y_1))),hash((seed_x[],fresh_x_1))),(ipk[],responder_random_2,mul_point(P,hash((seed_y[],fresh_y_1))),hash((mul_point(P,hash((seed_x[],fresh_x_1))),initiator_random_2))),sigma2_info),(mul_point(P,responder_noc_key_2),sign(noc_signing_key[],mul_point(P,responder_noc_key_2)),sign(responder_noc_key_2,(mul_point(P,responder_noc_key_2),mul_point(P,hash((seed_y[],fresh_y_1))),mul_point(P,hash((seed_x[],fresh_x_1))))),resumption_id_4),ncase_sigma2n,nil))))),sigma3_info),(mul_point(P,initiator_noc_key_2),sign(noc_signing_key[],mul_point(P,initiator_noc_key_2)),sign(initiator_noc_key_2,(mul_point(P,initiator_noc_key_2),mul_point(P,hash((seed_x[],fresh_x_1))),mul_point(P,hash((seed_y[],fresh_y_1)))))),ncase_sigma3n,nil),msg1_1 = (mul_point(P,hash((seed_x[],fresh_x_1))),initiator_random_2),!1 = @sid_1]
dummy_2 = dummy[responder_resume2_mic = aead_enc(kdf(mul_point(mul_point(P,hash((seed_y[],fresh_y_1))),hash((seed_x[],fresh_x_1))),(res_initiator_random_2,resumption_id_5),sigma2_resume),nil,resume2mic_nonce,nil),res_resumption_id = resumption_id_5,msg2 = (responder_random_2,mul_point(P,hash((seed_y[],fresh_y_1))),aead_enc(kdf(mul_point(mul_point(P,hash((seed_y[],fresh_y_1))),hash((seed_x[],fresh_x_1))),(ipk[],responder_random_2,mul_point(P,hash((seed_y[],fresh_y_1))),hash((mul_point(P,hash((seed_x[],fresh_x_1))),initiator_random_2))),sigma2_info),(mul_point(P,responder_noc_key_2),sign(noc_signing_key[],mul_point(P,responder_noc_key_2)),sign(responder_noc_key_2,(mul_point(P,responder_noc_key_2),mul_point(P,hash((seed_y[],fresh_y_1))),mul_point(P,hash((seed_x[],fresh_x_1))))),resumption_id_4),ncase_sigma2n,nil)),!1 = @sid]

Derivation:
Abbreviations:
fresh_x_1 = fresh_x[!1 = @sid]
initiator_random_2 = initiator_random[!1 = @sid]
fresh_y_1 = fresh_y[msg1_1 = (mul_point(P,hash((seed_x[],fresh_x_1))),initiator_random_2),!1 = @sid_1]
responder_random_2 = responder_random_1[msg1_1 = (mul_point(P,hash((seed_x[],fresh_x_1))),initiator_random_2),!1 = @sid_1]
responder_noc_key_2 = responder_noc_key[!1 = @sid_1]
resumption_id_4 = resumption_id_1[msg1_1 = (mul_point(P,hash((seed_x[],fresh_x_1))),initiator_random_2),!1 = @sid_1]
res_initiator_random_2 = res_initiator_random[msg2 = (responder_random_2,mul_point(P,hash((seed_y[],fresh_y_1))),aead_enc(kdf(mul_point(mul_point(P,hash((seed_y[],fresh_y_1))),hash((seed_x[],fresh_x_1))),(ipk[],responder_random_2,mul_point(P,hash((seed_y[],fresh_y_1))),hash((mul_point(P,hash((seed_x[],fresh_x_1))),initiator_random_2))),sigma2_info),(mul_point(P,responder_noc_key_2),sign(noc_signing_key[],mul_point(P,responder_noc_key_2)),sign(responder_noc_key_2,(mul_point(P,responder_noc_key_2),mul_point(P,hash((seed_y[],fresh_y_1))),mul_point(P,hash((seed_x[],fresh_x_1))))),resumption_id_4),ncase_sigma2n,nil)),!1 = @sid]
initiator_noc_key_2 = initiator_noc_key[!1 = @sid]
resumption_id_5 = resumption_id_3[initiator_resume1_mic_1 = aead_enc(kdf(mul_point(mul_point(P,hash((seed_y[],fresh_y_1))),hash((seed_x[],fresh_x_1))),(res_initiator_random_2,resumption_id_4),sigma1_resume),nil,resume1mic_nonce,nil),resumption_id_2 = resumption_id_4,res_initiator_random_1 = res_initiator_random_2,msg3_1 = aead_enc(kdf(mul_point(mul_point(P,hash((seed_y[],fresh_y_1))),hash((seed_x[],fresh_x_1))),(ipk[],hash(((mul_point(P,hash((seed_x[],fresh_x_1))),initiator_random_2),(responder_random_2,mul_point(P,hash((seed_y[],fresh_y_1))),aead_enc(kdf(mul_point(mul_point(P,hash((seed_y[],fresh_y_1))),hash((seed_x[],fresh_x_1))),(ipk[],responder_random_2,mul_point(P,hash((seed_y[],fresh_y_1))),hash((mul_point(P,hash((seed_x[],fresh_x_1))),initiator_random_2))),sigma2_info),(mul_point(P,responder_noc_key_2),sign(noc_signing_key[],mul_point(P,responder_noc_key_2)),sign(responder_noc_key_2,(mul_point(P,responder_noc_key_2),mul_point(P,hash((seed_y[],fresh_y_1))),mul_point(P,hash((seed_x[],fresh_x_1))))),resumption_id_4),ncase_sigma2n,nil))))),sigma3_info),(mul_point(P,initiator_noc_key_2),sign(noc_signing_key[],mul_point(P,initiator_noc_key_2)),sign(initiator_noc_key_2,(mul_point(P,initiator_noc_key_2),mul_point(P,hash((seed_x[],fresh_x_1))),mul_point(P,hash((seed_y[],fresh_y_1)))))),ncase_sigma3n,nil),msg1_1 = (mul_point(P,hash((seed_x[],fresh_x_1))),initiator_random_2),!1 = @sid_1]
dummy_2 = dummy[responder_resume2_mic = aead_enc(kdf(mul_point(mul_point(P,hash((seed_y[],fresh_y_1))),hash((seed_x[],fresh_x_1))),(res_initiator_random_2,resumption_id_5),sigma2_resume),nil,resume2mic_nonce,nil),res_resumption_id = resumption_id_5,msg2 = (responder_random_2,mul_point(P,hash((seed_y[],fresh_y_1))),aead_enc(kdf(mul_point(mul_point(P,hash((seed_y[],fresh_y_1))),hash((seed_x[],fresh_x_1))),(ipk[],responder_random_2,mul_point(P,hash((seed_y[],fresh_y_1))),hash((mul_point(P,hash((seed_x[],fresh_x_1))),initiator_random_2))),sigma2_info),(mul_point(P,responder_noc_key_2),sign(noc_signing_key[],mul_point(P,responder_noc_key_2)),sign(responder_noc_key_2,(mul_point(P,responder_noc_key_2),mul_point(P,hash((seed_y[],fresh_y_1))),mul_point(P,hash((seed_x[],fresh_x_1))))),resumption_id_4),ncase_sigma2n,nil)),!1 = @sid]

1. The message (mul_point(P,hash((seed_x[],fresh_x_1))),initiator_random_2) may be sent to the attacker at output {18}.
attacker((mul_point(P,hash((seed_x[],fresh_x_1))),initiator_random_2)).

2. By 1, the attacker may know (mul_point(P,hash((seed_x[],fresh_x_1))),initiator_random_2).
Using the function 2-proj-2-tuple the attacker may obtain initiator_random_2.
attacker(initiator_random_2).

3. By 1, the attacker may know (mul_point(P,hash((seed_x[],fresh_x_1))),initiator_random_2).
Using the function 1-proj-2-tuple the attacker may obtain mul_point(P,hash((seed_x[],fresh_x_1))).
attacker(mul_point(P,hash((seed_x[],fresh_x_1)))).

4. By 3, the attacker may know mul_point(P,hash((seed_x[],fresh_x_1))).
By 2, the attacker may know initiator_random_2.
Using the function 2-tuple the attacker may obtain (mul_point(P,hash((seed_x[],fresh_x_1))),initiator_random_2).
attacker((mul_point(P,hash((seed_x[],fresh_x_1))),initiator_random_2)).

5. The message (mul_point(P,hash((seed_x[],fresh_x_1))),initiator_random_2) that the attacker may have by 4 may be received at input {57}.
So the message (responder_random_2,mul_point(P,hash((seed_y[],fresh_y_1))),aead_enc(kdf(mul_point(mul_point(P,hash((seed_y[],fresh_y_1))),hash((seed_x[],fresh_x_1))),(ipk[],responder_random_2,mul_point(P,hash((seed_y[],fresh_y_1))),hash((mul_point(P,hash((seed_x[],fresh_x_1))),initiator_random_2))),sigma2_info),(mul_point(P,responder_noc_key_2),sign(noc_signing_key[],mul_point(P,responder_noc_key_2)),sign(responder_noc_key_2,(mul_point(P,responder_noc_key_2),mul_point(P,hash((seed_y[],fresh_y_1))),mul_point(P,hash((seed_x[],fresh_x_1))))),resumption_id_4),ncase_sigma2n,nil)) may be sent to the attacker at output {70}.
attacker((responder_random_2,mul_point(P,hash((seed_y[],fresh_y_1))),aead_enc(kdf(mul_point(mul_point(P,hash((seed_y[],fresh_y_1))),hash((seed_x[],fresh_x_1))),(ipk[],responder_random_2,mul_point(P,hash((seed_y[],fresh_y_1))),hash((mul_point(P,hash((seed_x[],fresh_x_1))),initiator_random_2))),sigma2_info),(mul_point(P,responder_noc_key_2),sign(noc_signing_key[],mul_point(P,responder_noc_key_2)),sign(responder_noc_key_2,(mul_point(P,responder_noc_key_2),mul_point(P,hash((seed_y[],fresh_y_1))),mul_point(P,hash((seed_x[],fresh_x_1))))),resumption_id_4),ncase_sigma2n,nil))).

6. By 5, the attacker may know (responder_random_2,mul_point(P,hash((seed_y[],fresh_y_1))),aead_enc(kdf(mul_point(mul_point(P,hash((seed_y[],fresh_y_1))),hash((seed_x[],fresh_x_1))),(ipk[],responder_random_2,mul_point(P,hash((seed_y[],fresh_y_1))),hash((mul_point(P,hash((seed_x[],fresh_x_1))),initiator_random_2))),sigma2_info),(mul_point(P,responder_noc_key_2),sign(noc_signing_key[],mul_point(P,responder_noc_key_2)),sign(responder_noc_key_2,(mul_point(P,responder_noc_key_2),mul_point(P,hash((seed_y[],fresh_y_1))),mul_point(P,hash((seed_x[],fresh_x_1))))),resumption_id_4),ncase_sigma2n,nil)).
Using the function 3-proj-3-tuple the attacker may obtain aead_enc(kdf(mul_point(mul_point(P,hash((seed_y[],fresh_y_1))),hash((seed_x[],fresh_x_1))),(ipk[],responder_random_2,mul_point(P,hash((seed_y[],fresh_y_1))),hash((mul_point(P,hash((seed_x[],fresh_x_1))),initiator_random_2))),sigma2_info),(mul_point(P,responder_noc_key_2),sign(noc_signing_key[],mul_point(P,responder_noc_key_2)),sign(responder_noc_key_2,(mul_point(P,responder_noc_key_2),mul_point(P,hash((seed_y[],fresh_y_1))),mul_point(P,hash((seed_x[],fresh_x_1))))),resumption_id_4),ncase_sigma2n,nil).
attacker(aead_enc(kdf(mul_point(mul_point(P,hash((seed_y[],fresh_y_1))),hash((seed_x[],fresh_x_1))),(ipk[],responder_random_2,mul_point(P,hash((seed_y[],fresh_y_1))),hash((mul_point(P,hash((seed_x[],fresh_x_1))),initiator_random_2))),sigma2_info),(mul_point(P,responder_noc_key_2),sign(noc_signing_key[],mul_point(P,responder_noc_key_2)),sign(responder_noc_key_2,(mul_point(P,responder_noc_key_2),mul_point(P,hash((seed_y[],fresh_y_1))),mul_point(P,hash((seed_x[],fresh_x_1))))),resumption_id_4),ncase_sigma2n,nil)).

7. The message (mul_point(P,hash((seed_x[],fresh_x_1))),initiator_random_2) that the attacker may have by 4 may be received at input {57}.
So the message (responder_random_2,mul_point(P,hash((seed_y[],fresh_y_1))),aead_enc(kdf(mul_point(mul_point(P,hash((seed_x[],fresh_x_1))),hash((seed_y[],fresh_y_1))),(ipk[],responder_random_2,mul_point(P,hash((seed_y[],fresh_y_1))),hash((mul_point(P,hash((seed_x[],fresh_x_1))),initiator_random_2))),sigma2_info),(mul_point(P,responder_noc_key_2),sign(noc_signing_key[],mul_point(P,responder_noc_key_2)),sign(responder_noc_key_2,(mul_point(P,responder_noc_key_2),mul_point(P,hash((seed_y[],fresh_y_1))),mul_point(P,hash((seed_x[],fresh_x_1))))),resumption_id_4),ncase_sigma2n,nil)) may be sent to the attacker at output {70}.
attacker((responder_random_2,mul_point(P,hash((seed_y[],fresh_y_1))),aead_enc(kdf(mul_point(mul_point(P,hash((seed_x[],fresh_x_1))),hash((seed_y[],fresh_y_1))),(ipk[],responder_random_2,mul_point(P,hash((seed_y[],fresh_y_1))),hash((mul_point(P,hash((seed_x[],fresh_x_1))),initiator_random_2))),sigma2_info),(mul_point(P,responder_noc_key_2),sign(noc_signing_key[],mul_point(P,responder_noc_key_2)),sign(responder_noc_key_2,(mul_point(P,responder_noc_key_2),mul_point(P,hash((seed_y[],fresh_y_1))),mul_point(P,hash((seed_x[],fresh_x_1))))),resumption_id_4),ncase_sigma2n,nil))).

8. By 7, the attacker may know (responder_random_2,mul_point(P,hash((seed_y[],fresh_y_1))),aead_enc(kdf(mul_point(mul_point(P,hash((seed_x[],fresh_x_1))),hash((seed_y[],fresh_y_1))),(ipk[],responder_random_2,mul_point(P,hash((seed_y[],fresh_y_1))),hash((mul_point(P,hash((seed_x[],fresh_x_1))),initiator_random_2))),sigma2_info),(mul_point(P,responder_noc_key_2),sign(noc_signing_key[],mul_point(P,responder_noc_key_2)),sign(responder_noc_key_2,(mul_point(P,responder_noc_key_2),mul_point(P,hash((seed_y[],fresh_y_1))),mul_point(P,hash((seed_x[],fresh_x_1))))),resumption_id_4),ncase_sigma2n,nil)).
Using the function 2-proj-3-tuple the attacker may obtain mul_point(P,hash((seed_y[],fresh_y_1))).
attacker(mul_point(P,hash((seed_y[],fresh_y_1)))).

9. By 7, the attacker may know (responder_random_2,mul_point(P,hash((seed_y[],fresh_y_1))),aead_enc(kdf(mul_point(mul_point(P,hash((seed_x[],fresh_x_1))),hash((seed_y[],fresh_y_1))),(ipk[],responder_random_2,mul_point(P,hash((seed_y[],fresh_y_1))),hash((mul_point(P,hash((seed_x[],fresh_x_1))),initiator_random_2))),sigma2_info),(mul_point(P,responder_noc_key_2),sign(noc_signing_key[],mul_point(P,responder_noc_key_2)),sign(responder_noc_key_2,(mul_point(P,responder_noc_key_2),mul_point(P,hash((seed_y[],fresh_y_1))),mul_point(P,hash((seed_x[],fresh_x_1))))),resumption_id_4),ncase_sigma2n,nil)).
Using the function 1-proj-3-tuple the attacker may obtain responder_random_2.
attacker(responder_random_2).

10. By 9, the attacker may know responder_random_2.
By 8, the attacker may know mul_point(P,hash((seed_y[],fresh_y_1))).
By 6, the attacker may know aead_enc(kdf(mul_point(mul_point(P,hash((seed_y[],fresh_y_1))),hash((seed_x[],fresh_x_1))),(ipk[],responder_random_2,mul_point(P,hash((seed_y[],fresh_y_1))),hash((mul_point(P,hash((seed_x[],fresh_x_1))),initiator_random_2))),sigma2_info),(mul_point(P,responder_noc_key_2),sign(noc_signing_key[],mul_point(P,responder_noc_key_2)),sign(responder_noc_key_2,(mul_point(P,responder_noc_key_2),mul_point(P,hash((seed_y[],fresh_y_1))),mul_point(P,hash((seed_x[],fresh_x_1))))),resumption_id_4),ncase_sigma2n,nil).
Using the function 3-tuple the attacker may obtain (responder_random_2,mul_point(P,hash((seed_y[],fresh_y_1))),aead_enc(kdf(mul_point(mul_point(P,hash((seed_y[],fresh_y_1))),hash((seed_x[],fresh_x_1))),(ipk[],responder_random_2,mul_point(P,hash((seed_y[],fresh_y_1))),hash((mul_point(P,hash((seed_x[],fresh_x_1))),initiator_random_2))),sigma2_info),(mul_point(P,responder_noc_key_2),sign(noc_signing_key[],mul_point(P,responder_noc_key_2)),sign(responder_noc_key_2,(mul_point(P,responder_noc_key_2),mul_point(P,hash((seed_y[],fresh_y_1))),mul_point(P,hash((seed_x[],fresh_x_1))))),resumption_id_4),ncase_sigma2n,nil)).
attacker((responder_random_2,mul_point(P,hash((seed_y[],fresh_y_1))),aead_enc(kdf(mul_point(mul_point(P,hash((seed_y[],fresh_y_1))),hash((seed_x[],fresh_x_1))),(ipk[],responder_random_2,mul_point(P,hash((seed_y[],fresh_y_1))),hash((mul_point(P,hash((seed_x[],fresh_x_1))),initiator_random_2))),sigma2_info),(mul_point(P,responder_noc_key_2),sign(noc_signing_key[],mul_point(P,responder_noc_key_2)),sign(responder_noc_key_2,(mul_point(P,responder_noc_key_2),mul_point(P,hash((seed_y[],fresh_y_1))),mul_point(P,hash((seed_x[],fresh_x_1))))),resumption_id_4),ncase_sigma2n,nil))).

11. The message (responder_random_2,mul_point(P,hash((seed_y[],fresh_y_1))),aead_enc(kdf(mul_point(mul_point(P,hash((seed_y[],fresh_y_1))),hash((seed_x[],fresh_x_1))),(ipk[],responder_random_2,mul_point(P,hash((seed_y[],fresh_y_1))),hash((mul_point(P,hash((seed_x[],fresh_x_1))),initiator_random_2))),sigma2_info),(mul_point(P,responder_noc_key_2),sign(noc_signing_key[],mul_point(P,responder_noc_key_2)),sign(responder_noc_key_2,(mul_point(P,responder_noc_key_2),mul_point(P,hash((seed_y[],fresh_y_1))),mul_point(P,hash((seed_x[],fresh_x_1))))),resumption_id_4),ncase_sigma2n,nil)) that the attacker may have by 10 may be received at input {19}.
So the message aead_enc(kdf(mul_point(mul_point(P,hash((seed_y[],fresh_y_1))),hash((seed_x[],fresh_x_1))),(ipk[],hash(((mul_point(P,hash((seed_x[],fresh_x_1))),initiator_random_2),(responder_random_2,mul_point(P,hash((seed_y[],fresh_y_1))),aead_enc(kdf(mul_point(mul_point(P,hash((seed_y[],fresh_y_1))),hash((seed_x[],fresh_x_1))),(ipk[],responder_random_2,mul_point(P,hash((seed_y[],fresh_y_1))),hash((mul_point(P,hash((seed_x[],fresh_x_1))),initiator_random_2))),sigma2_info),(mul_point(P,responder_noc_key_2),sign(noc_signing_key[],mul_point(P,responder_noc_key_2)),sign(responder_noc_key_2,(mul_point(P,responder_noc_key_2),mul_point(P,hash((seed_y[],fresh_y_1))),mul_point(P,hash((seed_x[],fresh_x_1))))),resumption_id_4),ncase_sigma2n,nil))))),sigma3_info),(mul_point(P,initiator_noc_key_2),sign(noc_signing_key[],mul_point(P,initiator_noc_key_2)),sign(initiator_noc_key_2,(mul_point(P,initiator_noc_key_2),mul_point(P,hash((seed_x[],fresh_x_1))),mul_point(P,hash((seed_y[],fresh_y_1)))))),ncase_sigma3n,nil) may be sent to the attacker at output {30}.
attacker(aead_enc(kdf(mul_point(mul_point(P,hash((seed_y[],fresh_y_1))),hash((seed_x[],fresh_x_1))),(ipk[],hash(((mul_point(P,hash((seed_x[],fresh_x_1))),initiator_random_2),(responder_random_2,mul_point(P,hash((seed_y[],fresh_y_1))),aead_enc(kdf(mul_point(mul_point(P,hash((seed_y[],fresh_y_1))),hash((seed_x[],fresh_x_1))),(ipk[],responder_random_2,mul_point(P,hash((seed_y[],fresh_y_1))),hash((mul_point(P,hash((seed_x[],fresh_x_1))),initiator_random_2))),sigma2_info),(mul_point(P,responder_noc_key_2),sign(noc_signing_key[],mul_point(P,responder_noc_key_2)),sign(responder_noc_key_2,(mul_point(P,responder_noc_key_2),mul_point(P,hash((seed_y[],fresh_y_1))),mul_point(P,hash((seed_x[],fresh_x_1))))),resumption_id_4),ncase_sigma2n,nil))))),sigma3_info),(mul_point(P,initiator_noc_key_2),sign(noc_signing_key[],mul_point(P,initiator_noc_key_2)),sign(initiator_noc_key_2,(mul_point(P,initiator_noc_key_2),mul_point(P,hash((seed_x[],fresh_x_1))),mul_point(P,hash((seed_y[],fresh_y_1)))))),ncase_sigma3n,nil)).

12. The message (responder_random_2,mul_point(P,hash((seed_y[],fresh_y_1))),aead_enc(kdf(mul_point(mul_point(P,hash((seed_y[],fresh_y_1))),hash((seed_x[],fresh_x_1))),(ipk[],responder_random_2,mul_point(P,hash((seed_y[],fresh_y_1))),hash((mul_point(P,hash((seed_x[],fresh_x_1))),initiator_random_2))),sigma2_info),(mul_point(P,responder_noc_key_2),sign(noc_signing_key[],mul_point(P,responder_noc_key_2)),sign(responder_noc_key_2,(mul_point(P,responder_noc_key_2),mul_point(P,hash((seed_y[],fresh_y_1))),mul_point(P,hash((seed_x[],fresh_x_1))))),resumption_id_4),ncase_sigma2n,nil)) that the attacker may have by 10 may be received at input {19}.
So the message (res_initiator_random_2,resumption_id_4,aead_enc(kdf(mul_point(mul_point(P,hash((seed_y[],fresh_y_1))),hash((seed_x[],fresh_x_1))),(res_initiator_random_2,resumption_id_4),sigma1_resume),nil,resume1mic_nonce,nil)) may be sent to the attacker at output {42}.
attacker((res_initiator_random_2,resumption_id_4,aead_enc(kdf(mul_point(mul_point(P,hash((seed_y[],fresh_y_1))),hash((seed_x[],fresh_x_1))),(res_initiator_random_2,resumption_id_4),sigma1_resume),nil,resume1mic_nonce,nil))).

13. By 12, the attacker may know (res_initiator_random_2,resumption_id_4,aead_enc(kdf(mul_point(mul_point(P,hash((seed_y[],fresh_y_1))),hash((seed_x[],fresh_x_1))),(res_initiator_random_2,resumption_id_4),sigma1_resume),nil,resume1mic_nonce,nil)).
Using the function 3-proj-3-tuple the attacker may obtain aead_enc(kdf(mul_point(mul_point(P,hash((seed_y[],fresh_y_1))),hash((seed_x[],fresh_x_1))),(res_initiator_random_2,resumption_id_4),sigma1_resume),nil,resume1mic_nonce,nil).
attacker(aead_enc(kdf(mul_point(mul_point(P,hash((seed_y[],fresh_y_1))),hash((seed_x[],fresh_x_1))),(res_initiator_random_2,resumption_id_4),sigma1_resume),nil,resume1mic_nonce,nil)).

14. By 12, the attacker may know (res_initiator_random_2,resumption_id_4,aead_enc(kdf(mul_point(mul_point(P,hash((seed_y[],fresh_y_1))),hash((seed_x[],fresh_x_1))),(res_initiator_random_2,resumption_id_4),sigma1_resume),nil,resume1mic_nonce,nil)).
Using the function 2-proj-3-tuple the attacker may obtain resumption_id_4.
attacker(resumption_id_4).

15. By 12, the attacker may know (res_initiator_random_2,resumption_id_4,aead_enc(kdf(mul_point(mul_point(P,hash((seed_y[],fresh_y_1))),hash((seed_x[],fresh_x_1))),(res_initiator_random_2,resumption_id_4),sigma1_resume),nil,resume1mic_nonce,nil)).
Using the function 1-proj-3-tuple the attacker may obtain res_initiator_random_2.
attacker(res_initiator_random_2).

16. By 15, the attacker may know res_initiator_random_2.
By 14, the attacker may know resumption_id_4.
By 13, the attacker may know aead_enc(kdf(mul_point(mul_point(P,hash((seed_y[],fresh_y_1))),hash((seed_x[],fresh_x_1))),(res_initiator_random_2,resumption_id_4),sigma1_resume),nil,resume1mic_nonce,nil).
Using the function 3-tuple the attacker may obtain (res_initiator_random_2,resumption_id_4,aead_enc(kdf(mul_point(mul_point(P,hash((seed_y[],fresh_y_1))),hash((seed_x[],fresh_x_1))),(res_initiator_random_2,resumption_id_4),sigma1_resume),nil,resume1mic_nonce,nil)).
attacker((res_initiator_random_2,resumption_id_4,aead_enc(kdf(mul_point(mul_point(P,hash((seed_y[],fresh_y_1))),hash((seed_x[],fresh_x_1))),(res_initiator_random_2,resumption_id_4),sigma1_resume),nil,resume1mic_nonce,nil))).

17. The message (mul_point(P,hash((seed_x[],fresh_x_1))),initiator_random_2) that the attacker may have by 4 may be received at input {57}.
The message aead_enc(kdf(mul_point(mul_point(P,hash((seed_y[],fresh_y_1))),hash((seed_x[],fresh_x_1))),(ipk[],hash(((mul_point(P,hash((seed_x[],fresh_x_1))),initiator_random_2),(responder_random_2,mul_point(P,hash((seed_y[],fresh_y_1))),aead_enc(kdf(mul_point(mul_point(P,hash((seed_y[],fresh_y_1))),hash((seed_x[],fresh_x_1))),(ipk[],responder_random_2,mul_point(P,hash((seed_y[],fresh_y_1))),hash((mul_point(P,hash((seed_x[],fresh_x_1))),initiator_random_2))),sigma2_info),(mul_point(P,responder_noc_key_2),sign(noc_signing_key[],mul_point(P,responder_noc_key_2)),sign(responder_noc_key_2,(mul_point(P,responder_noc_key_2),mul_point(P,hash((seed_y[],fresh_y_1))),mul_point(P,hash((seed_x[],fresh_x_1))))),resumption_id_4),ncase_sigma2n,nil))))),sigma3_info),(mul_point(P,initiator_noc_key_2),sign(noc_signing_key[],mul_point(P,initiator_noc_key_2)),sign(initiator_noc_key_2,(mul_point(P,initiator_noc_key_2),mul_point(P,hash((seed_x[],fresh_x_1))),mul_point(P,hash((seed_y[],fresh_y_1)))))),ncase_sigma3n,nil) that the attacker may have by 11 may be received at input {71}.
The message (res_initiator_random_2,resumption_id_4,aead_enc(kdf(mul_point(mul_point(P,hash((seed_y[],fresh_y_1))),hash((seed_x[],fresh_x_1))),(res_initiator_random_2,resumption_id_4),sigma1_resume),nil,resume1mic_nonce,nil)) that the attacker may have by 16 may be received at input {84}.
So the message (resumption_id_5,aead_enc(kdf(mul_point(mul_point(P,hash((seed_y[],fresh_y_1))),hash((seed_x[],fresh_x_1))),(res_initiator_random_2,resumption_id_5),sigma2_resume),nil,resume2mic_nonce,nil)) may be sent to the attacker at output {90}.
attacker((resumption_id_5,aead_enc(kdf(mul_point(mul_point(P,hash((seed_y[],fresh_y_1))),hash((seed_x[],fresh_x_1))),(res_initiator_random_2,resumption_id_5),sigma2_resume),nil,resume2mic_nonce,nil))).

18. By 17, the attacker may know (resumption_id_5,aead_enc(kdf(mul_point(mul_point(P,hash((seed_y[],fresh_y_1))),hash((seed_x[],fresh_x_1))),(res_initiator_random_2,resumption_id_5),sigma2_resume),nil,resume2mic_nonce,nil)).
Using the function 2-proj-2-tuple the attacker may obtain aead_enc(kdf(mul_point(mul_point(P,hash((seed_y[],fresh_y_1))),hash((seed_x[],fresh_x_1))),(res_initiator_random_2,resumption_id_5),sigma2_resume),nil,resume2mic_nonce,nil).
attacker(aead_enc(kdf(mul_point(mul_point(P,hash((seed_y[],fresh_y_1))),hash((seed_x[],fresh_x_1))),(res_initiator_random_2,resumption_id_5),sigma2_resume),nil,resume2mic_nonce,nil)).

19. By 17, the attacker may know (resumption_id_5,aead_enc(kdf(mul_point(mul_point(P,hash((seed_y[],fresh_y_1))),hash((seed_x[],fresh_x_1))),(res_initiator_random_2,resumption_id_5),sigma2_resume),nil,resume2mic_nonce,nil)).
Using the function 1-proj-2-tuple the attacker may obtain resumption_id_5.
attacker(resumption_id_5).

20. By 19, the attacker may know resumption_id_5.
By 18, the attacker may know aead_enc(kdf(mul_point(mul_point(P,hash((seed_y[],fresh_y_1))),hash((seed_x[],fresh_x_1))),(res_initiator_random_2,resumption_id_5),sigma2_resume),nil,resume2mic_nonce,nil).
Using the function 2-tuple the attacker may obtain (resumption_id_5,aead_enc(kdf(mul_point(mul_point(P,hash((seed_y[],fresh_y_1))),hash((seed_x[],fresh_x_1))),(res_initiator_random_2,resumption_id_5),sigma2_resume),nil,resume2mic_nonce,nil)).
attacker((resumption_id_5,aead_enc(kdf(mul_point(mul_point(P,hash((seed_y[],fresh_y_1))),hash((seed_x[],fresh_x_1))),(res_initiator_random_2,resumption_id_5),sigma2_resume),nil,resume2mic_nonce,nil))).

21. The message (responder_random_2,mul_point(P,hash((seed_y[],fresh_y_1))),aead_enc(kdf(mul_point(mul_point(P,hash((seed_y[],fresh_y_1))),hash((seed_x[],fresh_x_1))),(ipk[],responder_random_2,mul_point(P,hash((seed_y[],fresh_y_1))),hash((mul_point(P,hash((seed_x[],fresh_x_1))),initiator_random_2))),sigma2_info),(mul_point(P,responder_noc_key_2),sign(noc_signing_key[],mul_point(P,responder_noc_key_2)),sign(responder_noc_key_2,(mul_point(P,responder_noc_key_2),mul_point(P,hash((seed_y[],fresh_y_1))),mul_point(P,hash((seed_x[],fresh_x_1))))),resumption_id_4),ncase_sigma2n,nil)) that the attacker may have by 10 may be received at input {19}.
The message (resumption_id_5,aead_enc(kdf(mul_point(mul_point(P,hash((seed_y[],fresh_y_1))),hash((seed_x[],fresh_x_1))),(res_initiator_random_2,resumption_id_5),sigma2_resume),nil,resume2mic_nonce,nil)) that the attacker may have by 20 may be received at input {43}.
So event did_not_reach_end_initiator(dummy_2) may be executed at {49}.
event(did_not_reach_end_initiator(dummy_2)).

22. By 21, event(did_not_reach_end_initiator(dummy_2)).
The goal is reached, represented in the following fact:
event(did_not_reach_end_initiator(dummy_2)).


A more detailed output of the traces is available with
  set traceDisplay = long.

new ipk: key creating ipk_3 at {1}

new seed_x: bitstring creating seed_x_2 at {2}

new seed_y: bitstring creating seed_y_2 at {3}

out(c, ~M) with ~M = mul_point(P,noc_signing_key) at {5}

new responder_noc_key: key creating responder_noc_key_3 at {51} in copy a

new initiator_noc_key: key creating initiator_noc_key_3 at {7} in copy a_1

new fresh_x: bitstring creating fresh_x_2 at {13} in copy a_1

new initiator_random: bitstring creating initiator_random_3 at {15} in copy a_1

out(c, (~M_1,~M_2)) with ~M_1 = mul_point(P,hash((seed_x_2,fresh_x_2))), ~M_2 = initiator_random_3 at {18} in copy a_1

in(c, (~M_1,~M_2)) with ~M_1 = mul_point(P,hash((seed_x_2,fresh_x_2))), ~M_2 = initiator_random_3 at {57} in copy a

event start_session_with_initiator(mul_point(P,hash((seed_x_2,fresh_x_2))),initiator_random_3) at {59} in copy a

new fresh_y: bitstring creating fresh_y_2 at {60} in copy a

new responder_random_1: bitstring creating responder_random_3 at {62} in copy a

new resumption_id_1: bitstring creating resumption_id_6 at {63} in copy a

out(c, (~M_3,~M_4,~M_5)) with ~M_3 = responder_random_3, ~M_4 = mul_point(P,hash((seed_y_2,fresh_y_2))), ~M_5 = aead_enc(kdf(mul_point(mul_point(P,hash((seed_x_2,fresh_x_2))),hash((seed_y_2,fresh_y_2))),(ipk_3,responder_random_3,mul_point(P,hash((seed_y_2,fresh_y_2))),hash((mul_point(P,hash((seed_x_2,fresh_x_2))),initiator_random_3))),sigma2_info),(mul_point(P,responder_noc_key_3),sign(noc_signing_key,mul_point(P,responder_noc_key_3)),sign(responder_noc_key_3,(mul_point(P,responder_noc_key_3),mul_point(P,hash((seed_y_2,fresh_y_2))),mul_point(P,hash((seed_x_2,fresh_x_2))))),resumption_id_6),ncase_sigma2n,nil) at {70} in copy a

in(c, (~M_3,~M_4,~M_5)) with ~M_3 = responder_random_3, ~M_4 = mul_point(P,hash((seed_y_2,fresh_y_2))), ~M_5 = aead_enc(kdf(mul_point(mul_point(P,hash((seed_y_2,fresh_y_2))),hash((seed_x_2,fresh_x_2))),(ipk_3,responder_random_3,mul_point(P,hash((seed_y_2,fresh_y_2))),hash((mul_point(P,hash((seed_x_2,fresh_x_2))),initiator_random_3))),sigma2_info),(mul_point(P,responder_noc_key_3),sign(noc_signing_key,mul_point(P,responder_noc_key_3)),sign(responder_noc_key_3,(mul_point(P,responder_noc_key_3),mul_point(P,hash((seed_y_2,fresh_y_2))),mul_point(P,hash((seed_x_2,fresh_x_2))))),resumption_id_6),ncase_sigma2n,nil) at {19} in copy a_1

event start_session_with_responder(mul_point(P,hash((seed_y_2,fresh_y_2))),responder_random_3) at {21} in copy a_1

event accept_responder_identity(mul_point(P,responder_noc_key_3),mul_point(P,hash((seed_y_2,fresh_y_2))),responder_random_3) at {26} in copy a_1

out(c, ~M_6) with ~M_6 = aead_enc(kdf(mul_point(mul_point(P,hash((seed_y_2,fresh_y_2))),hash((seed_x_2,fresh_x_2))),(ipk_3,hash(((mul_point(P,hash((seed_x_2,fresh_x_2))),initiator_random_3),(responder_random_3,mul_point(P,hash((seed_y_2,fresh_y_2))),aead_enc(kdf(mul_point(mul_point(P,hash((seed_y_2,fresh_y_2))),hash((seed_x_2,fresh_x_2))),(ipk_3,responder_random_3,mul_point(P,hash((seed_y_2,fresh_y_2))),hash((mul_point(P,hash((seed_x_2,fresh_x_2))),initiator_random_3))),sigma2_info),(mul_point(P,responder_noc_key_3),sign(noc_signing_key,mul_point(P,responder_noc_key_3)),sign(responder_noc_key_3,(mul_point(P,responder_noc_key_3),mul_point(P,hash((seed_y_2,fresh_y_2))),mul_point(P,hash((seed_x_2,fresh_x_2))))),resumption_id_6),ncase_sigma2n,nil))))),sigma3_info),(mul_point(P,initiator_noc_key_3),sign(noc_signing_key,mul_point(P,initiator_noc_key_3)),sign(initiator_noc_key_3,(mul_point(P,initiator_noc_key_3),mul_point(P,hash((seed_x_2,fresh_x_2))),mul_point(P,hash((seed_y_2,fresh_y_2)))))),ncase_sigma3n,nil) at {30} in copy a_1

event initiator_end(mul_point(P,initiator_noc_key_3),mul_point(P,hash((seed_x_2,fresh_x_2))),initiator_random_3) at {32} in copy a_1

out(c, ~M_7) with ~M_7 = enc(mul_point(P,initiator_noc_key_3),q_id_i_i) at {33} in copy a_1

out(c, ~M_8) with ~M_8 = enc(mul_point(P,responder_noc_key_3),q_id_r_i) at {34} in copy a_1

out(c, ~M_9) with ~M_9 = fresh_x_2 at {35} in copy a_1

out(c, ~M_10) with ~M_10 = enc(hash((seed_x_2,fresh_x_2)),q_eph_x) at {36} in copy a_1

out(c, ~M_11) with ~M_11 = enc(mul_point(mul_point(P,hash((seed_y_2,fresh_y_2))),hash((seed_x_2,fresh_x_2))),q_shared_secret_i) at {37} in copy a_1

out(c, ~M_12) with ~M_12 = enc(kdf(mul_point(mul_point(P,hash((seed_y_2,fresh_y_2))),hash((seed_x_2,fresh_x_2))),(ipk_3,hash(((mul_point(P,hash((seed_x_2,fresh_x_2))),initiator_random_3),(responder_random_3,mul_point(P,hash((seed_y_2,fresh_y_2))),aead_enc(kdf(mul_point(mul_point(P,hash((seed_y_2,fresh_y_2))),hash((seed_x_2,fresh_x_2))),(ipk_3,responder_random_3,mul_point(P,hash((seed_y_2,fresh_y_2))),hash((mul_point(P,hash((seed_x_2,fresh_x_2))),initiator_random_3))),sigma2_info),(mul_point(P,responder_noc_key_3),sign(noc_signing_key,mul_point(P,responder_noc_key_3)),sign(responder_noc_key_3,(mul_point(P,responder_noc_key_3),mul_point(P,hash((seed_y_2,fresh_y_2))),mul_point(P,hash((seed_x_2,fresh_x_2))))),resumption_id_6),ncase_sigma2n,nil)),aead_enc(kdf(mul_point(mul_point(P,hash((seed_y_2,fresh_y_2))),hash((seed_x_2,fresh_x_2))),(ipk_3,hash(((mul_point(P,hash((seed_x_2,fresh_x_2))),initiator_random_3),(responder_random_3,mul_point(P,hash((seed_y_2,fresh_y_2))),aead_enc(kdf(mul_point(mul_point(P,hash((seed_y_2,fresh_y_2))),hash((seed_x_2,fresh_x_2))),(ipk_3,responder_random_3,mul_point(P,hash((seed_y_2,fresh_y_2))),hash((mul_point(P,hash((seed_x_2,fresh_x_2))),initiator_random_3))),sigma2_info),(mul_point(P,responder_noc_key_3),sign(noc_signing_key,mul_point(P,responder_noc_key_3)),sign(responder_noc_key_3,(mul_point(P,responder_noc_key_3),mul_point(P,hash((seed_y_2,fresh_y_2))),mul_point(P,hash((seed_x_2,fresh_x_2))))),resumption_id_6),ncase_sigma2n,nil))))),sigma3_info),(mul_point(P,initiator_noc_key_3),sign(noc_signing_key,mul_point(P,initiator_noc_key_3)),sign(initiator_noc_key_3,(mul_point(P,initiator_noc_key_3),mul_point(P,hash((seed_x_2,fresh_x_2))),mul_point(P,hash((seed_y_2,fresh_y_2)))))),ncase_sigma3n,nil)))),sekeys_info),q_session_keys_i) at {38} in copy a_1

new res_initiator_random: bitstring creating res_initiator_random_3 at {39} in copy a_1

out(c, (~M_13,~M_14,~M_15)) with ~M_13 = res_initiator_random_3, ~M_14 = resumption_id_6, ~M_15 = aead_enc(kdf(mul_point(mul_point(P,hash((seed_y_2,fresh_y_2))),hash((seed_x_2,fresh_x_2))),(res_initiator_random_3,resumption_id_6),sigma1_resume),nil,resume1mic_nonce,nil) at {42} in copy a_1

in(c, ~M_6) with ~M_6 = aead_enc(kdf(mul_point(mul_point(P,hash((seed_y_2,fresh_y_2))),hash((seed_x_2,fresh_x_2))),(ipk_3,hash(((mul_point(P,hash((seed_x_2,fresh_x_2))),initiator_random_3),(responder_random_3,mul_point(P,hash((seed_y_2,fresh_y_2))),aead_enc(kdf(mul_point(mul_point(P,hash((seed_y_2,fresh_y_2))),hash((seed_x_2,fresh_x_2))),(ipk_3,responder_random_3,mul_point(P,hash((seed_y_2,fresh_y_2))),hash((mul_point(P,hash((seed_x_2,fresh_x_2))),initiator_random_3))),sigma2_info),(mul_point(P,responder_noc_key_3),sign(noc_signing_key,mul_point(P,responder_noc_key_3)),sign(responder_noc_key_3,(mul_point(P,responder_noc_key_3),mul_point(P,hash((seed_y_2,fresh_y_2))),mul_point(P,hash((seed_x_2,fresh_x_2))))),resumption_id_6),ncase_sigma2n,nil))))),sigma3_info),(mul_point(P,initiator_noc_key_3),sign(noc_signing_key,mul_point(P,initiator_noc_key_3)),sign(initiator_noc_key_3,(mul_point(P,initiator_noc_key_3),mul_point(P,hash((seed_x_2,fresh_x_2))),mul_point(P,hash((seed_y_2,fresh_y_2)))))),ncase_sigma3n,nil) at {71} in copy a

out(c, ~M_16) with ~M_16 = sigma_finished at {76} in copy a

event responder_end(mul_point(P,responder_noc_key_3),mul_point(P,hash((seed_y_2,fresh_y_2))),responder_random_3) at {77} in copy a

out(c, ~M_17) with ~M_17 = enc(mul_point(P,initiator_noc_key_3),q_id_i_r) at {78} in copy a

out(c, ~M_18) with ~M_18 = enc(mul_point(P,responder_noc_key_3),q_id_r_r) at {79} in copy a

out(c, ~M_19) with ~M_19 = fresh_y_2 at {80} in copy a

out(c, ~M_20) with ~M_20 = enc(hash((seed_y_2,fresh_y_2)),q_eph_y) at {81} in copy a

out(c, ~M_21) with ~M_21 = enc(mul_point(mul_point(P,hash((seed_x_2,fresh_x_2))),hash((seed_y_2,fresh_y_2))),q_shared_secret_r) at {82} in copy a

out(c, ~M_22) with ~M_22 = enc(kdf(mul_point(mul_point(P,hash((seed_x_2,fresh_x_2))),hash((seed_y_2,fresh_y_2))),(ipk_3,hash(((mul_point(P,hash((seed_x_2,fresh_x_2))),initiator_random_3),(responder_random_3,mul_point(P,hash((seed_y_2,fresh_y_2))),aead_enc(kdf(mul_point(mul_point(P,hash((seed_x_2,fresh_x_2))),hash((seed_y_2,fresh_y_2))),(ipk_3,responder_random_3,mul_point(P,hash((seed_y_2,fresh_y_2))),hash((mul_point(P,hash((seed_x_2,fresh_x_2))),initiator_random_3))),sigma2_info),(mul_point(P,responder_noc_key_3),sign(noc_signing_key,mul_point(P,responder_noc_key_3)),sign(responder_noc_key_3,(mul_point(P,responder_noc_key_3),mul_point(P,hash((seed_y_2,fresh_y_2))),mul_point(P,hash((seed_x_2,fresh_x_2))))),resumption_id_6),ncase_sigma2n,nil)),aead_enc(kdf(mul_point(mul_point(P,hash((seed_y_2,fresh_y_2))),hash((seed_x_2,fresh_x_2))),(ipk_3,hash(((mul_point(P,hash((seed_x_2,fresh_x_2))),initiator_random_3),(responder_random_3,mul_point(P,hash((seed_y_2,fresh_y_2))),aead_enc(kdf(mul_point(mul_point(P,hash((seed_y_2,fresh_y_2))),hash((seed_x_2,fresh_x_2))),(ipk_3,responder_random_3,mul_point(P,hash((seed_y_2,fresh_y_2))),hash((mul_point(P,hash((seed_x_2,fresh_x_2))),initiator_random_3))),sigma2_info),(mul_point(P,responder_noc_key_3),sign(noc_signing_key,mul_point(P,responder_noc_key_3)),sign(responder_noc_key_3,(mul_point(P,responder_noc_key_3),mul_point(P,hash((seed_y_2,fresh_y_2))),mul_point(P,hash((seed_x_2,fresh_x_2))))),resumption_id_6),ncase_sigma2n,nil))))),sigma3_info),(mul_point(P,initiator_noc_key_3),sign(noc_signing_key,mul_point(P,initiator_noc_key_3)),sign(initiator_noc_key_3,(mul_point(P,initiator_noc_key_3),mul_point(P,hash((seed_x_2,fresh_x_2))),mul_point(P,hash((seed_y_2,fresh_y_2)))))),ncase_sigma3n,nil)))),sekeys_info),q_session_keys_r) at {83} in copy a

in(c, (~M_13,~M_14,~M_15)) with ~M_13 = res_initiator_random_3, ~M_14 = resumption_id_6, ~M_15 = aead_enc(kdf(mul_point(mul_point(P,hash((seed_y_2,fresh_y_2))),hash((seed_x_2,fresh_x_2))),(res_initiator_random_3,resumption_id_6),sigma1_resume),nil,resume1mic_nonce,nil) at {84} in copy a

new resumption_id_3: bitstring creating resumption_id_7 at {87} in copy a

out(c, (~M_23,~M_24)) with ~M_23 = resumption_id_7, ~M_24 = aead_enc(kdf(mul_point(mul_point(P,hash((seed_x_2,fresh_x_2))),hash((seed_y_2,fresh_y_2))),(res_initiator_random_3,resumption_id_7),sigma2_resume),nil,resume2mic_nonce,nil) at {90} in copy a

out(c, ~M_25) with ~M_25 = enc(kdf(mul_point(mul_point(P,hash((seed_x_2,fresh_x_2))),hash((seed_y_2,fresh_y_2))),(res_initiator_random_3,resumption_id_7),sessionresumptionkeys),q_resumption_session_keys_r) at {92} in copy a

new dummy_1: bitstring creating dummy_3 at {93} in copy a

event did_not_reach_end_responder(dummy_3) at {94} in copy a

in(c, (~M_23,~M_24)) with ~M_23 = resumption_id_7, ~M_24 = aead_enc(kdf(mul_point(mul_point(P,hash((seed_y_2,fresh_y_2))),hash((seed_x_2,fresh_x_2))),(res_initiator_random_3,resumption_id_7),sigma2_resume),nil,resume2mic_nonce,nil) at {43} in copy a_1

out(c, ~M_26) with ~M_26 = enc(kdf(mul_point(mul_point(P,hash((seed_y_2,fresh_y_2))),hash((seed_x_2,fresh_x_2))),(res_initiator_random_3,resumption_id_7),sessionresumptionkeys),q_resumption_session_keys_i) at {47} in copy a_1

new dummy: bitstring creating dummy_4 at {48} in copy a_1

event did_not_reach_end_initiator(dummy_4) at {49} in copy a_1 (goal)

The event did_not_reach_end_initiator(dummy_4) is executed at {49} in copy a_1.
A trace has been found.
RESULT not event(did_not_reach_end_initiator(x_1)) is false.
-- Query not event(did_not_reach_end_responder(x_1)) in process 1.
Translating the process into Horn clauses...
Completing...
200 rules inserted. Base: 193 rules (76 with conclusion selected). Queue: 99 rules.
400 rules inserted. Base: 370 rules (80 with conclusion selected). Queue: 193 rules.
600 rules inserted. Base: 462 rules (80 with conclusion selected). Queue: 217 rules.
800 rules inserted. Base: 561 rules (85 with conclusion selected). Queue: 240 rules.
1000 rules inserted. Base: 669 rules (95 with conclusion selected). Queue: 248 rules.
1200 rules inserted. Base: 766 rules (95 with conclusion selected). Queue: 249 rules.
1400 rules inserted. Base: 866 rules (95 with conclusion selected). Queue: 239 rules.
1600 rules inserted. Base: 991 rules (101 with conclusion selected). Queue: 222 rules.
1800 rules inserted. Base: 987 rules (103 with conclusion selected). Queue: 201 rules.
2000 rules inserted. Base: 1087 rules (103 with conclusion selected). Queue: 198 rules.
2200 rules inserted. Base: 1182 rules (109 with conclusion selected). Queue: 197 rules.
2400 rules inserted. Base: 1273 rules (112 with conclusion selected). Queue: 194 rules.
2600 rules inserted. Base: 1381 rules (113 with conclusion selected). Queue: 143 rules.
2800 rules inserted. Base: 1486 rules (114 with conclusion selected). Queue: 142 rules.
3000 rules inserted. Base: 1599 rules (114 with conclusion selected). Queue: 92 rules.
3200 rules inserted. Base: 1613 rules (116 with conclusion selected). Queue: 25 rules.
ok, secrecy assumption verified: fact unreachable attacker_p1(q_id_i_i[])
ok, secrecy assumption verified: fact unreachable attacker(q_id_i_i[])
ok, secrecy assumption verified: fact unreachable attacker_p1(q_id_i_r[])
ok, secrecy assumption verified: fact unreachable attacker(q_id_i_r[])
ok, secrecy assumption verified: fact unreachable attacker_p1(q_id_r_i[])
ok, secrecy assumption verified: fact unreachable attacker(q_id_r_i[])
ok, secrecy assumption verified: fact unreachable attacker_p1(q_id_r_r[])
ok, secrecy assumption verified: fact unreachable attacker(q_id_r_r[])
ok, secrecy assumption verified: fact unreachable attacker_p1(q_eph_x[])
ok, secrecy assumption verified: fact unreachable attacker(q_eph_x[])
ok, secrecy assumption verified: fact unreachable attacker(q_eph_y[])
ok, secrecy assumption verified: fact unreachable attacker(q_shared_secret_i[])
ok, secrecy assumption verified: fact unreachable attacker(q_shared_secret_r[])
ok, secrecy assumption verified: fact unreachable attacker_p1(q_session_keys_i[])
ok, secrecy assumption verified: fact unreachable attacker(q_session_keys_i[])
ok, secrecy assumption verified: fact unreachable attacker_p1(q_session_keys_r[])
ok, secrecy assumption verified: fact unreachable attacker(q_session_keys_r[])
ok, secrecy assumption verified: fact unreachable attacker(q_resumption_session_keys_i[])
ok, secrecy assumption verified: fact unreachable attacker(q_resumption_session_keys_r[])
Starting query not event(did_not_reach_end_responder(x_1))
goal reachable: event(did_not_reach_end_responder(dummy_2))
Abbreviations:
fresh_x_1 = fresh_x[!1 = @sid]
initiator_random_2 = initiator_random[!1 = @sid]
fresh_y_1 = fresh_y[msg1_1 = (mul_point(P,hash((seed_x[],fresh_x_1))),initiator_random_2),!1 = @sid_1]
responder_random_2 = responder_random_1[msg1_1 = (mul_point(P,hash((seed_x[],fresh_x_1))),initiator_random_2),!1 = @sid_1]
responder_noc_key_2 = responder_noc_key[!1 = @sid_1]
resumption_id_4 = resumption_id_1[msg1_1 = (mul_point(P,hash((seed_x[],fresh_x_1))),initiator_random_2),!1 = @sid_1]
res_initiator_random_2 = res_initiator_random[msg2 = (responder_random_2,mul_point(P,hash((seed_y[],fresh_y_1))),aead_enc(kdf(mul_point(mul_point(P,hash((seed_y[],fresh_y_1))),hash((seed_x[],fresh_x_1))),(ipk[],responder_random_2,mul_point(P,hash((seed_y[],fresh_y_1))),hash((mul_point(P,hash((seed_x[],fresh_x_1))),initiator_random_2))),sigma2_info),(mul_point(P,responder_noc_key_2),sign(noc_signing_key[],mul_point(P,responder_noc_key_2)),sign(responder_noc_key_2,(mul_point(P,responder_noc_key_2),mul_point(P,hash((seed_y[],fresh_y_1))),mul_point(P,hash((seed_x[],fresh_x_1))))),resumption_id_4),ncase_sigma2n,nil)),!1 = @sid]
initiator_noc_key_2 = initiator_noc_key[!1 = @sid]
dummy_2 = dummy_1[initiator_resume1_mic_1 = aead_enc(kdf(mul_point(mul_point(P,hash((seed_y[],fresh_y_1))),hash((seed_x[],fresh_x_1))),(res_initiator_random_2,resumption_id_4),sigma1_resume),nil,resume1mic_nonce,nil),resumption_id_2 = resumption_id_4,res_initiator_random_1 = res_initiator_random_2,msg3_1 = aead_enc(kdf(mul_point(mul_point(P,hash((seed_y[],fresh_y_1))),hash((seed_x[],fresh_x_1))),(ipk[],hash(((mul_point(P,hash((seed_x[],fresh_x_1))),initiator_random_2),(responder_random_2,mul_point(P,hash((seed_y[],fresh_y_1))),aead_enc(kdf(mul_point(mul_point(P,hash((seed_y[],fresh_y_1))),hash((seed_x[],fresh_x_1))),(ipk[],responder_random_2,mul_point(P,hash((seed_y[],fresh_y_1))),hash((mul_point(P,hash((seed_x[],fresh_x_1))),initiator_random_2))),sigma2_info),(mul_point(P,responder_noc_key_2),sign(noc_signing_key[],mul_point(P,responder_noc_key_2)),sign(responder_noc_key_2,(mul_point(P,responder_noc_key_2),mul_point(P,hash((seed_y[],fresh_y_1))),mul_point(P,hash((seed_x[],fresh_x_1))))),resumption_id_4),ncase_sigma2n,nil))))),sigma3_info),(mul_point(P,initiator_noc_key_2),sign(noc_signing_key[],mul_point(P,initiator_noc_key_2)),sign(initiator_noc_key_2,(mul_point(P,initiator_noc_key_2),mul_point(P,hash((seed_x[],fresh_x_1))),mul_point(P,hash((seed_y[],fresh_y_1)))))),ncase_sigma3n,nil),msg1_1 = (mul_point(P,hash((seed_x[],fresh_x_1))),initiator_random_2),!1 = @sid_1]

Derivation:
Abbreviations:
fresh_x_1 = fresh_x[!1 = @sid]
initiator_random_2 = initiator_random[!1 = @sid]
fresh_y_1 = fresh_y[msg1_1 = (mul_point(P,hash((seed_x[],fresh_x_1))),initiator_random_2),!1 = @sid_1]
responder_random_2 = responder_random_1[msg1_1 = (mul_point(P,hash((seed_x[],fresh_x_1))),initiator_random_2),!1 = @sid_1]
responder_noc_key_2 = responder_noc_key[!1 = @sid_1]
resumption_id_4 = resumption_id_1[msg1_1 = (mul_point(P,hash((seed_x[],fresh_x_1))),initiator_random_2),!1 = @sid_1]
res_initiator_random_2 = res_initiator_random[msg2 = (responder_random_2,mul_point(P,hash((seed_y[],fresh_y_1))),aead_enc(kdf(mul_point(mul_point(P,hash((seed_y[],fresh_y_1))),hash((seed_x[],fresh_x_1))),(ipk[],responder_random_2,mul_point(P,hash((seed_y[],fresh_y_1))),hash((mul_point(P,hash((seed_x[],fresh_x_1))),initiator_random_2))),sigma2_info),(mul_point(P,responder_noc_key_2),sign(noc_signing_key[],mul_point(P,responder_noc_key_2)),sign(responder_noc_key_2,(mul_point(P,responder_noc_key_2),mul_point(P,hash((seed_y[],fresh_y_1))),mul_point(P,hash((seed_x[],fresh_x_1))))),resumption_id_4),ncase_sigma2n,nil)),!1 = @sid]
initiator_noc_key_2 = initiator_noc_key[!1 = @sid]
dummy_2 = dummy_1[initiator_resume1_mic_1 = aead_enc(kdf(mul_point(mul_point(P,hash((seed_y[],fresh_y_1))),hash((seed_x[],fresh_x_1))),(res_initiator_random_2,resumption_id_4),sigma1_resume),nil,resume1mic_nonce,nil),resumption_id_2 = resumption_id_4,res_initiator_random_1 = res_initiator_random_2,msg3_1 = aead_enc(kdf(mul_point(mul_point(P,hash((seed_y[],fresh_y_1))),hash((seed_x[],fresh_x_1))),(ipk[],hash(((mul_point(P,hash((seed_x[],fresh_x_1))),initiator_random_2),(responder_random_2,mul_point(P,hash((seed_y[],fresh_y_1))),aead_enc(kdf(mul_point(mul_point(P,hash((seed_y[],fresh_y_1))),hash((seed_x[],fresh_x_1))),(ipk[],responder_random_2,mul_point(P,hash((seed_y[],fresh_y_1))),hash((mul_point(P,hash((seed_x[],fresh_x_1))),initiator_random_2))),sigma2_info),(mul_point(P,responder_noc_key_2),sign(noc_signing_key[],mul_point(P,responder_noc_key_2)),sign(responder_noc_key_2,(mul_point(P,responder_noc_key_2),mul_point(P,hash((seed_y[],fresh_y_1))),mul_point(P,hash((seed_x[],fresh_x_1))))),resumption_id_4),ncase_sigma2n,nil))))),sigma3_info),(mul_point(P,initiator_noc_key_2),sign(noc_signing_key[],mul_point(P,initiator_noc_key_2)),sign(initiator_noc_key_2,(mul_point(P,initiator_noc_key_2),mul_point(P,hash((seed_x[],fresh_x_1))),mul_point(P,hash((seed_y[],fresh_y_1)))))),ncase_sigma3n,nil),msg1_1 = (mul_point(P,hash((seed_x[],fresh_x_1))),initiator_random_2),!1 = @sid_1]

1. The message (mul_point(P,hash((seed_x[],fresh_x_1))),initiator_random_2) may be sent to the attacker at output {18}.
attacker((mul_point(P,hash((seed_x[],fresh_x_1))),initiator_random_2)).

2. By 1, the attacker may know (mul_point(P,hash((seed_x[],fresh_x_1))),initiator_random_2).
Using the function 2-proj-2-tuple the attacker may obtain initiator_random_2.
attacker(initiator_random_2).

3. By 1, the attacker may know (mul_point(P,hash((seed_x[],fresh_x_1))),initiator_random_2).
Using the function 1-proj-2-tuple the attacker may obtain mul_point(P,hash((seed_x[],fresh_x_1))).
attacker(mul_point(P,hash((seed_x[],fresh_x_1)))).

4. By 3, the attacker may know mul_point(P,hash((seed_x[],fresh_x_1))).
By 2, the attacker may know initiator_random_2.
Using the function 2-tuple the attacker may obtain (mul_point(P,hash((seed_x[],fresh_x_1))),initiator_random_2).
attacker((mul_point(P,hash((seed_x[],fresh_x_1))),initiator_random_2)).

5. The message (mul_point(P,hash((seed_x[],fresh_x_1))),initiator_random_2) that the attacker may have by 4 may be received at input {57}.
So the message (responder_random_2,mul_point(P,hash((seed_y[],fresh_y_1))),aead_enc(kdf(mul_point(mul_point(P,hash((seed_y[],fresh_y_1))),hash((seed_x[],fresh_x_1))),(ipk[],responder_random_2,mul_point(P,hash((seed_y[],fresh_y_1))),hash((mul_point(P,hash((seed_x[],fresh_x_1))),initiator_random_2))),sigma2_info),(mul_point(P,responder_noc_key_2),sign(noc_signing_key[],mul_point(P,responder_noc_key_2)),sign(responder_noc_key_2,(mul_point(P,responder_noc_key_2),mul_point(P,hash((seed_y[],fresh_y_1))),mul_point(P,hash((seed_x[],fresh_x_1))))),resumption_id_4),ncase_sigma2n,nil)) may be sent to the attacker at output {70}.
attacker((responder_random_2,mul_point(P,hash((seed_y[],fresh_y_1))),aead_enc(kdf(mul_point(mul_point(P,hash((seed_y[],fresh_y_1))),hash((seed_x[],fresh_x_1))),(ipk[],responder_random_2,mul_point(P,hash((seed_y[],fresh_y_1))),hash((mul_point(P,hash((seed_x[],fresh_x_1))),initiator_random_2))),sigma2_info),(mul_point(P,responder_noc_key_2),sign(noc_signing_key[],mul_point(P,responder_noc_key_2)),sign(responder_noc_key_2,(mul_point(P,responder_noc_key_2),mul_point(P,hash((seed_y[],fresh_y_1))),mul_point(P,hash((seed_x[],fresh_x_1))))),resumption_id_4),ncase_sigma2n,nil))).

6. By 5, the attacker may know (responder_random_2,mul_point(P,hash((seed_y[],fresh_y_1))),aead_enc(kdf(mul_point(mul_point(P,hash((seed_y[],fresh_y_1))),hash((seed_x[],fresh_x_1))),(ipk[],responder_random_2,mul_point(P,hash((seed_y[],fresh_y_1))),hash((mul_point(P,hash((seed_x[],fresh_x_1))),initiator_random_2))),sigma2_info),(mul_point(P,responder_noc_key_2),sign(noc_signing_key[],mul_point(P,responder_noc_key_2)),sign(responder_noc_key_2,(mul_point(P,responder_noc_key_2),mul_point(P,hash((seed_y[],fresh_y_1))),mul_point(P,hash((seed_x[],fresh_x_1))))),resumption_id_4),ncase_sigma2n,nil)).
Using the function 3-proj-3-tuple the attacker may obtain aead_enc(kdf(mul_point(mul_point(P,hash((seed_y[],fresh_y_1))),hash((seed_x[],fresh_x_1))),(ipk[],responder_random_2,mul_point(P,hash((seed_y[],fresh_y_1))),hash((mul_point(P,hash((seed_x[],fresh_x_1))),initiator_random_2))),sigma2_info),(mul_point(P,responder_noc_key_2),sign(noc_signing_key[],mul_point(P,responder_noc_key_2)),sign(responder_noc_key_2,(mul_point(P,responder_noc_key_2),mul_point(P,hash((seed_y[],fresh_y_1))),mul_point(P,hash((seed_x[],fresh_x_1))))),resumption_id_4),ncase_sigma2n,nil).
attacker(aead_enc(kdf(mul_point(mul_point(P,hash((seed_y[],fresh_y_1))),hash((seed_x[],fresh_x_1))),(ipk[],responder_random_2,mul_point(P,hash((seed_y[],fresh_y_1))),hash((mul_point(P,hash((seed_x[],fresh_x_1))),initiator_random_2))),sigma2_info),(mul_point(P,responder_noc_key_2),sign(noc_signing_key[],mul_point(P,responder_noc_key_2)),sign(responder_noc_key_2,(mul_point(P,responder_noc_key_2),mul_point(P,hash((seed_y[],fresh_y_1))),mul_point(P,hash((seed_x[],fresh_x_1))))),resumption_id_4),ncase_sigma2n,nil)).

7. The message (mul_point(P,hash((seed_x[],fresh_x_1))),initiator_random_2) that the attacker may have by 4 may be received at input {57}.
So the message (responder_random_2,mul_point(P,hash((seed_y[],fresh_y_1))),aead_enc(kdf(mul_point(mul_point(P,hash((seed_x[],fresh_x_1))),hash((seed_y[],fresh_y_1))),(ipk[],responder_random_2,mul_point(P,hash((seed_y[],fresh_y_1))),hash((mul_point(P,hash((seed_x[],fresh_x_1))),initiator_random_2))),sigma2_info),(mul_point(P,responder_noc_key_2),sign(noc_signing_key[],mul_point(P,responder_noc_key_2)),sign(responder_noc_key_2,(mul_point(P,responder_noc_key_2),mul_point(P,hash((seed_y[],fresh_y_1))),mul_point(P,hash((seed_x[],fresh_x_1))))),resumption_id_4),ncase_sigma2n,nil)) may be sent to the attacker at output {70}.
attacker((responder_random_2,mul_point(P,hash((seed_y[],fresh_y_1))),aead_enc(kdf(mul_point(mul_point(P,hash((seed_x[],fresh_x_1))),hash((seed_y[],fresh_y_1))),(ipk[],responder_random_2,mul_point(P,hash((seed_y[],fresh_y_1))),hash((mul_point(P,hash((seed_x[],fresh_x_1))),initiator_random_2))),sigma2_info),(mul_point(P,responder_noc_key_2),sign(noc_signing_key[],mul_point(P,responder_noc_key_2)),sign(responder_noc_key_2,(mul_point(P,responder_noc_key_2),mul_point(P,hash((seed_y[],fresh_y_1))),mul_point(P,hash((seed_x[],fresh_x_1))))),resumption_id_4),ncase_sigma2n,nil))).

8. By 7, the attacker may know (responder_random_2,mul_point(P,hash((seed_y[],fresh_y_1))),aead_enc(kdf(mul_point(mul_point(P,hash((seed_x[],fresh_x_1))),hash((seed_y[],fresh_y_1))),(ipk[],responder_random_2,mul_point(P,hash((seed_y[],fresh_y_1))),hash((mul_point(P,hash((seed_x[],fresh_x_1))),initiator_random_2))),sigma2_info),(mul_point(P,responder_noc_key_2),sign(noc_signing_key[],mul_point(P,responder_noc_key_2)),sign(responder_noc_key_2,(mul_point(P,responder_noc_key_2),mul_point(P,hash((seed_y[],fresh_y_1))),mul_point(P,hash((seed_x[],fresh_x_1))))),resumption_id_4),ncase_sigma2n,nil)).
Using the function 2-proj-3-tuple the attacker may obtain mul_point(P,hash((seed_y[],fresh_y_1))).
attacker(mul_point(P,hash((seed_y[],fresh_y_1)))).

9. By 7, the attacker may know (responder_random_2,mul_point(P,hash((seed_y[],fresh_y_1))),aead_enc(kdf(mul_point(mul_point(P,hash((seed_x[],fresh_x_1))),hash((seed_y[],fresh_y_1))),(ipk[],responder_random_2,mul_point(P,hash((seed_y[],fresh_y_1))),hash((mul_point(P,hash((seed_x[],fresh_x_1))),initiator_random_2))),sigma2_info),(mul_point(P,responder_noc_key_2),sign(noc_signing_key[],mul_point(P,responder_noc_key_2)),sign(responder_noc_key_2,(mul_point(P,responder_noc_key_2),mul_point(P,hash((seed_y[],fresh_y_1))),mul_point(P,hash((seed_x[],fresh_x_1))))),resumption_id_4),ncase_sigma2n,nil)).
Using the function 1-proj-3-tuple the attacker may obtain responder_random_2.
attacker(responder_random_2).

10. By 9, the attacker may know responder_random_2.
By 8, the attacker may know mul_point(P,hash((seed_y[],fresh_y_1))).
By 6, the attacker may know aead_enc(kdf(mul_point(mul_point(P,hash((seed_y[],fresh_y_1))),hash((seed_x[],fresh_x_1))),(ipk[],responder_random_2,mul_point(P,hash((seed_y[],fresh_y_1))),hash((mul_point(P,hash((seed_x[],fresh_x_1))),initiator_random_2))),sigma2_info),(mul_point(P,responder_noc_key_2),sign(noc_signing_key[],mul_point(P,responder_noc_key_2)),sign(responder_noc_key_2,(mul_point(P,responder_noc_key_2),mul_point(P,hash((seed_y[],fresh_y_1))),mul_point(P,hash((seed_x[],fresh_x_1))))),resumption_id_4),ncase_sigma2n,nil).
Using the function 3-tuple the attacker may obtain (responder_random_2,mul_point(P,hash((seed_y[],fresh_y_1))),aead_enc(kdf(mul_point(mul_point(P,hash((seed_y[],fresh_y_1))),hash((seed_x[],fresh_x_1))),(ipk[],responder_random_2,mul_point(P,hash((seed_y[],fresh_y_1))),hash((mul_point(P,hash((seed_x[],fresh_x_1))),initiator_random_2))),sigma2_info),(mul_point(P,responder_noc_key_2),sign(noc_signing_key[],mul_point(P,responder_noc_key_2)),sign(responder_noc_key_2,(mul_point(P,responder_noc_key_2),mul_point(P,hash((seed_y[],fresh_y_1))),mul_point(P,hash((seed_x[],fresh_x_1))))),resumption_id_4),ncase_sigma2n,nil)).
attacker((responder_random_2,mul_point(P,hash((seed_y[],fresh_y_1))),aead_enc(kdf(mul_point(mul_point(P,hash((seed_y[],fresh_y_1))),hash((seed_x[],fresh_x_1))),(ipk[],responder_random_2,mul_point(P,hash((seed_y[],fresh_y_1))),hash((mul_point(P,hash((seed_x[],fresh_x_1))),initiator_random_2))),sigma2_info),(mul_point(P,responder_noc_key_2),sign(noc_signing_key[],mul_point(P,responder_noc_key_2)),sign(responder_noc_key_2,(mul_point(P,responder_noc_key_2),mul_point(P,hash((seed_y[],fresh_y_1))),mul_point(P,hash((seed_x[],fresh_x_1))))),resumption_id_4),ncase_sigma2n,nil))).

11. The message (responder_random_2,mul_point(P,hash((seed_y[],fresh_y_1))),aead_enc(kdf(mul_point(mul_point(P,hash((seed_y[],fresh_y_1))),hash((seed_x[],fresh_x_1))),(ipk[],responder_random_2,mul_point(P,hash((seed_y[],fresh_y_1))),hash((mul_point(P,hash((seed_x[],fresh_x_1))),initiator_random_2))),sigma2_info),(mul_point(P,responder_noc_key_2),sign(noc_signing_key[],mul_point(P,responder_noc_key_2)),sign(responder_noc_key_2,(mul_point(P,responder_noc_key_2),mul_point(P,hash((seed_y[],fresh_y_1))),mul_point(P,hash((seed_x[],fresh_x_1))))),resumption_id_4),ncase_sigma2n,nil)) that the attacker may have by 10 may be received at input {19}.
So the message aead_enc(kdf(mul_point(mul_point(P,hash((seed_y[],fresh_y_1))),hash((seed_x[],fresh_x_1))),(ipk[],hash(((mul_point(P,hash((seed_x[],fresh_x_1))),initiator_random_2),(responder_random_2,mul_point(P,hash((seed_y[],fresh_y_1))),aead_enc(kdf(mul_point(mul_point(P,hash((seed_y[],fresh_y_1))),hash((seed_x[],fresh_x_1))),(ipk[],responder_random_2,mul_point(P,hash((seed_y[],fresh_y_1))),hash((mul_point(P,hash((seed_x[],fresh_x_1))),initiator_random_2))),sigma2_info),(mul_point(P,responder_noc_key_2),sign(noc_signing_key[],mul_point(P,responder_noc_key_2)),sign(responder_noc_key_2,(mul_point(P,responder_noc_key_2),mul_point(P,hash((seed_y[],fresh_y_1))),mul_point(P,hash((seed_x[],fresh_x_1))))),resumption_id_4),ncase_sigma2n,nil))))),sigma3_info),(mul_point(P,initiator_noc_key_2),sign(noc_signing_key[],mul_point(P,initiator_noc_key_2)),sign(initiator_noc_key_2,(mul_point(P,initiator_noc_key_2),mul_point(P,hash((seed_x[],fresh_x_1))),mul_point(P,hash((seed_y[],fresh_y_1)))))),ncase_sigma3n,nil) may be sent to the attacker at output {30}.
attacker(aead_enc(kdf(mul_point(mul_point(P,hash((seed_y[],fresh_y_1))),hash((seed_x[],fresh_x_1))),(ipk[],hash(((mul_point(P,hash((seed_x[],fresh_x_1))),initiator_random_2),(responder_random_2,mul_point(P,hash((seed_y[],fresh_y_1))),aead_enc(kdf(mul_point(mul_point(P,hash((seed_y[],fresh_y_1))),hash((seed_x[],fresh_x_1))),(ipk[],responder_random_2,mul_point(P,hash((seed_y[],fresh_y_1))),hash((mul_point(P,hash((seed_x[],fresh_x_1))),initiator_random_2))),sigma2_info),(mul_point(P,responder_noc_key_2),sign(noc_signing_key[],mul_point(P,responder_noc_key_2)),sign(responder_noc_key_2,(mul_point(P,responder_noc_key_2),mul_point(P,hash((seed_y[],fresh_y_1))),mul_point(P,hash((seed_x[],fresh_x_1))))),resumption_id_4),ncase_sigma2n,nil))))),sigma3_info),(mul_point(P,initiator_noc_key_2),sign(noc_signing_key[],mul_point(P,initiator_noc_key_2)),sign(initiator_noc_key_2,(mul_point(P,initiator_noc_key_2),mul_point(P,hash((seed_x[],fresh_x_1))),mul_point(P,hash((seed_y[],fresh_y_1)))))),ncase_sigma3n,nil)).

12. The message (responder_random_2,mul_point(P,hash((seed_y[],fresh_y_1))),aead_enc(kdf(mul_point(mul_point(P,hash((seed_y[],fresh_y_1))),hash((seed_x[],fresh_x_1))),(ipk[],responder_random_2,mul_point(P,hash((seed_y[],fresh_y_1))),hash((mul_point(P,hash((seed_x[],fresh_x_1))),initiator_random_2))),sigma2_info),(mul_point(P,responder_noc_key_2),sign(noc_signing_key[],mul_point(P,responder_noc_key_2)),sign(responder_noc_key_2,(mul_point(P,responder_noc_key_2),mul_point(P,hash((seed_y[],fresh_y_1))),mul_point(P,hash((seed_x[],fresh_x_1))))),resumption_id_4),ncase_sigma2n,nil)) that the attacker may have by 10 may be received at input {19}.
So the message (res_initiator_random_2,resumption_id_4,aead_enc(kdf(mul_point(mul_point(P,hash((seed_y[],fresh_y_1))),hash((seed_x[],fresh_x_1))),(res_initiator_random_2,resumption_id_4),sigma1_resume),nil,resume1mic_nonce,nil)) may be sent to the attacker at output {42}.
attacker((res_initiator_random_2,resumption_id_4,aead_enc(kdf(mul_point(mul_point(P,hash((seed_y[],fresh_y_1))),hash((seed_x[],fresh_x_1))),(res_initiator_random_2,resumption_id_4),sigma1_resume),nil,resume1mic_nonce,nil))).

13. By 12, the attacker may know (res_initiator_random_2,resumption_id_4,aead_enc(kdf(mul_point(mul_point(P,hash((seed_y[],fresh_y_1))),hash((seed_x[],fresh_x_1))),(res_initiator_random_2,resumption_id_4),sigma1_resume),nil,resume1mic_nonce,nil)).
Using the function 3-proj-3-tuple the attacker may obtain aead_enc(kdf(mul_point(mul_point(P,hash((seed_y[],fresh_y_1))),hash((seed_x[],fresh_x_1))),(res_initiator_random_2,resumption_id_4),sigma1_resume),nil,resume1mic_nonce,nil).
attacker(aead_enc(kdf(mul_point(mul_point(P,hash((seed_y[],fresh_y_1))),hash((seed_x[],fresh_x_1))),(res_initiator_random_2,resumption_id_4),sigma1_resume),nil,resume1mic_nonce,nil)).

14. By 12, the attacker may know (res_initiator_random_2,resumption_id_4,aead_enc(kdf(mul_point(mul_point(P,hash((seed_y[],fresh_y_1))),hash((seed_x[],fresh_x_1))),(res_initiator_random_2,resumption_id_4),sigma1_resume),nil,resume1mic_nonce,nil)).
Using the function 2-proj-3-tuple the attacker may obtain resumption_id_4.
attacker(resumption_id_4).

15. By 12, the attacker may know (res_initiator_random_2,resumption_id_4,aead_enc(kdf(mul_point(mul_point(P,hash((seed_y[],fresh_y_1))),hash((seed_x[],fresh_x_1))),(res_initiator_random_2,resumption_id_4),sigma1_resume),nil,resume1mic_nonce,nil)).
Using the function 1-proj-3-tuple the attacker may obtain res_initiator_random_2.
attacker(res_initiator_random_2).

16. By 15, the attacker may know res_initiator_random_2.
By 14, the attacker may know resumption_id_4.
By 13, the attacker may know aead_enc(kdf(mul_point(mul_point(P,hash((seed_y[],fresh_y_1))),hash((seed_x[],fresh_x_1))),(res_initiator_random_2,resumption_id_4),sigma1_resume),nil,resume1mic_nonce,nil).
Using the function 3-tuple the attacker may obtain (res_initiator_random_2,resumption_id_4,aead_enc(kdf(mul_point(mul_point(P,hash((seed_y[],fresh_y_1))),hash((seed_x[],fresh_x_1))),(res_initiator_random_2,resumption_id_4),sigma1_resume),nil,resume1mic_nonce,nil)).
attacker((res_initiator_random_2,resumption_id_4,aead_enc(kdf(mul_point(mul_point(P,hash((seed_y[],fresh_y_1))),hash((seed_x[],fresh_x_1))),(res_initiator_random_2,resumption_id_4),sigma1_resume),nil,resume1mic_nonce,nil))).

17. The message (mul_point(P,hash((seed_x[],fresh_x_1))),initiator_random_2) that the attacker may have by 4 may be received at input {57}.
The message aead_enc(kdf(mul_point(mul_point(P,hash((seed_y[],fresh_y_1))),hash((seed_x[],fresh_x_1))),(ipk[],hash(((mul_point(P,hash((seed_x[],fresh_x_1))),initiator_random_2),(responder_random_2,mul_point(P,hash((seed_y[],fresh_y_1))),aead_enc(kdf(mul_point(mul_point(P,hash((seed_y[],fresh_y_1))),hash((seed_x[],fresh_x_1))),(ipk[],responder_random_2,mul_point(P,hash((seed_y[],fresh_y_1))),hash((mul_point(P,hash((seed_x[],fresh_x_1))),initiator_random_2))),sigma2_info),(mul_point(P,responder_noc_key_2),sign(noc_signing_key[],mul_point(P,responder_noc_key_2)),sign(responder_noc_key_2,(mul_point(P,responder_noc_key_2),mul_point(P,hash((seed_y[],fresh_y_1))),mul_point(P,hash((seed_x[],fresh_x_1))))),resumption_id_4),ncase_sigma2n,nil))))),sigma3_info),(mul_point(P,initiator_noc_key_2),sign(noc_signing_key[],mul_point(P,initiator_noc_key_2)),sign(initiator_noc_key_2,(mul_point(P,initiator_noc_key_2),mul_point(P,hash((seed_x[],fresh_x_1))),mul_point(P,hash((seed_y[],fresh_y_1)))))),ncase_sigma3n,nil) that the attacker may have by 11 may be received at input {71}.
The message (res_initiator_random_2,resumption_id_4,aead_enc(kdf(mul_point(mul_point(P,hash((seed_y[],fresh_y_1))),hash((seed_x[],fresh_x_1))),(res_initiator_random_2,resumption_id_4),sigma1_resume),nil,resume1mic_nonce,nil)) that the attacker may have by 16 may be received at input {84}.
So event did_not_reach_end_responder(dummy_2) may be executed at {94}.
event(did_not_reach_end_responder(dummy_2)).

18. By 17, event(did_not_reach_end_responder(dummy_2)).
The goal is reached, represented in the following fact:
event(did_not_reach_end_responder(dummy_2)).


A more detailed output of the traces is available with
  set traceDisplay = long.

new ipk: key creating ipk_3 at {1}

new seed_x: bitstring creating seed_x_2 at {2}

new seed_y: bitstring creating seed_y_2 at {3}

out(c, ~M) with ~M = mul_point(P,noc_signing_key) at {5}

new responder_noc_key: key creating responder_noc_key_3 at {51} in copy a

new initiator_noc_key: key creating initiator_noc_key_3 at {7} in copy a_1

new fresh_x: bitstring creating fresh_x_2 at {13} in copy a_1

new initiator_random: bitstring creating initiator_random_3 at {15} in copy a_1

out(c, (~M_1,~M_2)) with ~M_1 = mul_point(P,hash((seed_x_2,fresh_x_2))), ~M_2 = initiator_random_3 at {18} in copy a_1

in(c, (~M_1,~M_2)) with ~M_1 = mul_point(P,hash((seed_x_2,fresh_x_2))), ~M_2 = initiator_random_3 at {57} in copy a

event start_session_with_initiator(mul_point(P,hash((seed_x_2,fresh_x_2))),initiator_random_3) at {59} in copy a

new fresh_y: bitstring creating fresh_y_2 at {60} in copy a

new responder_random_1: bitstring creating responder_random_3 at {62} in copy a

new resumption_id_1: bitstring creating resumption_id_5 at {63} in copy a

out(c, (~M_3,~M_4,~M_5)) with ~M_3 = responder_random_3, ~M_4 = mul_point(P,hash((seed_y_2,fresh_y_2))), ~M_5 = aead_enc(kdf(mul_point(mul_point(P,hash((seed_x_2,fresh_x_2))),hash((seed_y_2,fresh_y_2))),(ipk_3,responder_random_3,mul_point(P,hash((seed_y_2,fresh_y_2))),hash((mul_point(P,hash((seed_x_2,fresh_x_2))),initiator_random_3))),sigma2_info),(mul_point(P,responder_noc_key_3),sign(noc_signing_key,mul_point(P,responder_noc_key_3)),sign(responder_noc_key_3,(mul_point(P,responder_noc_key_3),mul_point(P,hash((seed_y_2,fresh_y_2))),mul_point(P,hash((seed_x_2,fresh_x_2))))),resumption_id_5),ncase_sigma2n,nil) at {70} in copy a

in(c, (~M_3,~M_4,~M_5)) with ~M_3 = responder_random_3, ~M_4 = mul_point(P,hash((seed_y_2,fresh_y_2))), ~M_5 = aead_enc(kdf(mul_point(mul_point(P,hash((seed_y_2,fresh_y_2))),hash((seed_x_2,fresh_x_2))),(ipk_3,responder_random_3,mul_point(P,hash((seed_y_2,fresh_y_2))),hash((mul_point(P,hash((seed_x_2,fresh_x_2))),initiator_random_3))),sigma2_info),(mul_point(P,responder_noc_key_3),sign(noc_signing_key,mul_point(P,responder_noc_key_3)),sign(responder_noc_key_3,(mul_point(P,responder_noc_key_3),mul_point(P,hash((seed_y_2,fresh_y_2))),mul_point(P,hash((seed_x_2,fresh_x_2))))),resumption_id_5),ncase_sigma2n,nil) at {19} in copy a_1

event start_session_with_responder(mul_point(P,hash((seed_y_2,fresh_y_2))),responder_random_3) at {21} in copy a_1

event accept_responder_identity(mul_point(P,responder_noc_key_3),mul_point(P,hash((seed_y_2,fresh_y_2))),responder_random_3) at {26} in copy a_1

out(c, ~M_6) with ~M_6 = aead_enc(kdf(mul_point(mul_point(P,hash((seed_y_2,fresh_y_2))),hash((seed_x_2,fresh_x_2))),(ipk_3,hash(((mul_point(P,hash((seed_x_2,fresh_x_2))),initiator_random_3),(responder_random_3,mul_point(P,hash((seed_y_2,fresh_y_2))),aead_enc(kdf(mul_point(mul_point(P,hash((seed_y_2,fresh_y_2))),hash((seed_x_2,fresh_x_2))),(ipk_3,responder_random_3,mul_point(P,hash((seed_y_2,fresh_y_2))),hash((mul_point(P,hash((seed_x_2,fresh_x_2))),initiator_random_3))),sigma2_info),(mul_point(P,responder_noc_key_3),sign(noc_signing_key,mul_point(P,responder_noc_key_3)),sign(responder_noc_key_3,(mul_point(P,responder_noc_key_3),mul_point(P,hash((seed_y_2,fresh_y_2))),mul_point(P,hash((seed_x_2,fresh_x_2))))),resumption_id_5),ncase_sigma2n,nil))))),sigma3_info),(mul_point(P,initiator_noc_key_3),sign(noc_signing_key,mul_point(P,initiator_noc_key_3)),sign(initiator_noc_key_3,(mul_point(P,initiator_noc_key_3),mul_point(P,hash((seed_x_2,fresh_x_2))),mul_point(P,hash((seed_y_2,fresh_y_2)))))),ncase_sigma3n,nil) at {30} in copy a_1

event initiator_end(mul_point(P,initiator_noc_key_3),mul_point(P,hash((seed_x_2,fresh_x_2))),initiator_random_3) at {32} in copy a_1

out(c, ~M_7) with ~M_7 = enc(mul_point(P,initiator_noc_key_3),q_id_i_i) at {33} in copy a_1

out(c, ~M_8) with ~M_8 = enc(mul_point(P,responder_noc_key_3),q_id_r_i) at {34} in copy a_1

out(c, ~M_9) with ~M_9 = fresh_x_2 at {35} in copy a_1

out(c, ~M_10) with ~M_10 = enc(hash((seed_x_2,fresh_x_2)),q_eph_x) at {36} in copy a_1

out(c, ~M_11) with ~M_11 = enc(mul_point(mul_point(P,hash((seed_y_2,fresh_y_2))),hash((seed_x_2,fresh_x_2))),q_shared_secret_i) at {37} in copy a_1

out(c, ~M_12) with ~M_12 = enc(kdf(mul_point(mul_point(P,hash((seed_y_2,fresh_y_2))),hash((seed_x_2,fresh_x_2))),(ipk_3,hash(((mul_point(P,hash((seed_x_2,fresh_x_2))),initiator_random_3),(responder_random_3,mul_point(P,hash((seed_y_2,fresh_y_2))),aead_enc(kdf(mul_point(mul_point(P,hash((seed_y_2,fresh_y_2))),hash((seed_x_2,fresh_x_2))),(ipk_3,responder_random_3,mul_point(P,hash((seed_y_2,fresh_y_2))),hash((mul_point(P,hash((seed_x_2,fresh_x_2))),initiator_random_3))),sigma2_info),(mul_point(P,responder_noc_key_3),sign(noc_signing_key,mul_point(P,responder_noc_key_3)),sign(responder_noc_key_3,(mul_point(P,responder_noc_key_3),mul_point(P,hash((seed_y_2,fresh_y_2))),mul_point(P,hash((seed_x_2,fresh_x_2))))),resumption_id_5),ncase_sigma2n,nil)),aead_enc(kdf(mul_point(mul_point(P,hash((seed_y_2,fresh_y_2))),hash((seed_x_2,fresh_x_2))),(ipk_3,hash(((mul_point(P,hash((seed_x_2,fresh_x_2))),initiator_random_3),(responder_random_3,mul_point(P,hash((seed_y_2,fresh_y_2))),aead_enc(kdf(mul_point(mul_point(P,hash((seed_y_2,fresh_y_2))),hash((seed_x_2,fresh_x_2))),(ipk_3,responder_random_3,mul_point(P,hash((seed_y_2,fresh_y_2))),hash((mul_point(P,hash((seed_x_2,fresh_x_2))),initiator_random_3))),sigma2_info),(mul_point(P,responder_noc_key_3),sign(noc_signing_key,mul_point(P,responder_noc_key_3)),sign(responder_noc_key_3,(mul_point(P,responder_noc_key_3),mul_point(P,hash((seed_y_2,fresh_y_2))),mul_point(P,hash((seed_x_2,fresh_x_2))))),resumption_id_5),ncase_sigma2n,nil))))),sigma3_info),(mul_point(P,initiator_noc_key_3),sign(noc_signing_key,mul_point(P,initiator_noc_key_3)),sign(initiator_noc_key_3,(mul_point(P,initiator_noc_key_3),mul_point(P,hash((seed_x_2,fresh_x_2))),mul_point(P,hash((seed_y_2,fresh_y_2)))))),ncase_sigma3n,nil)))),sekeys_info),q_session_keys_i) at {38} in copy a_1

new res_initiator_random: bitstring creating res_initiator_random_3 at {39} in copy a_1

out(c, (~M_13,~M_14,~M_15)) with ~M_13 = res_initiator_random_3, ~M_14 = resumption_id_5, ~M_15 = aead_enc(kdf(mul_point(mul_point(P,hash((seed_y_2,fresh_y_2))),hash((seed_x_2,fresh_x_2))),(res_initiator_random_3,resumption_id_5),sigma1_resume),nil,resume1mic_nonce,nil) at {42} in copy a_1

in(c, ~M_6) with ~M_6 = aead_enc(kdf(mul_point(mul_point(P,hash((seed_y_2,fresh_y_2))),hash((seed_x_2,fresh_x_2))),(ipk_3,hash(((mul_point(P,hash((seed_x_2,fresh_x_2))),initiator_random_3),(responder_random_3,mul_point(P,hash((seed_y_2,fresh_y_2))),aead_enc(kdf(mul_point(mul_point(P,hash((seed_y_2,fresh_y_2))),hash((seed_x_2,fresh_x_2))),(ipk_3,responder_random_3,mul_point(P,hash((seed_y_2,fresh_y_2))),hash((mul_point(P,hash((seed_x_2,fresh_x_2))),initiator_random_3))),sigma2_info),(mul_point(P,responder_noc_key_3),sign(noc_signing_key,mul_point(P,responder_noc_key_3)),sign(responder_noc_key_3,(mul_point(P,responder_noc_key_3),mul_point(P,hash((seed_y_2,fresh_y_2))),mul_point(P,hash((seed_x_2,fresh_x_2))))),resumption_id_5),ncase_sigma2n,nil))))),sigma3_info),(mul_point(P,initiator_noc_key_3),sign(noc_signing_key,mul_point(P,initiator_noc_key_3)),sign(initiator_noc_key_3,(mul_point(P,initiator_noc_key_3),mul_point(P,hash((seed_x_2,fresh_x_2))),mul_point(P,hash((seed_y_2,fresh_y_2)))))),ncase_sigma3n,nil) at {71} in copy a

out(c, ~M_16) with ~M_16 = sigma_finished at {76} in copy a

event responder_end(mul_point(P,responder_noc_key_3),mul_point(P,hash((seed_y_2,fresh_y_2))),responder_random_3) at {77} in copy a

out(c, ~M_17) with ~M_17 = enc(mul_point(P,initiator_noc_key_3),q_id_i_r) at {78} in copy a

out(c, ~M_18) with ~M_18 = enc(mul_point(P,responder_noc_key_3),q_id_r_r) at {79} in copy a

out(c, ~M_19) with ~M_19 = fresh_y_2 at {80} in copy a

out(c, ~M_20) with ~M_20 = enc(hash((seed_y_2,fresh_y_2)),q_eph_y) at {81} in copy a

out(c, ~M_21) with ~M_21 = enc(mul_point(mul_point(P,hash((seed_x_2,fresh_x_2))),hash((seed_y_2,fresh_y_2))),q_shared_secret_r) at {82} in copy a

out(c, ~M_22) with ~M_22 = enc(kdf(mul_point(mul_point(P,hash((seed_x_2,fresh_x_2))),hash((seed_y_2,fresh_y_2))),(ipk_3,hash(((mul_point(P,hash((seed_x_2,fresh_x_2))),initiator_random_3),(responder_random_3,mul_point(P,hash((seed_y_2,fresh_y_2))),aead_enc(kdf(mul_point(mul_point(P,hash((seed_x_2,fresh_x_2))),hash((seed_y_2,fresh_y_2))),(ipk_3,responder_random_3,mul_point(P,hash((seed_y_2,fresh_y_2))),hash((mul_point(P,hash((seed_x_2,fresh_x_2))),initiator_random_3))),sigma2_info),(mul_point(P,responder_noc_key_3),sign(noc_signing_key,mul_point(P,responder_noc_key_3)),sign(responder_noc_key_3,(mul_point(P,responder_noc_key_3),mul_point(P,hash((seed_y_2,fresh_y_2))),mul_point(P,hash((seed_x_2,fresh_x_2))))),resumption_id_5),ncase_sigma2n,nil)),aead_enc(kdf(mul_point(mul_point(P,hash((seed_y_2,fresh_y_2))),hash((seed_x_2,fresh_x_2))),(ipk_3,hash(((mul_point(P,hash((seed_x_2,fresh_x_2))),initiator_random_3),(responder_random_3,mul_point(P,hash((seed_y_2,fresh_y_2))),aead_enc(kdf(mul_point(mul_point(P,hash((seed_y_2,fresh_y_2))),hash((seed_x_2,fresh_x_2))),(ipk_3,responder_random_3,mul_point(P,hash((seed_y_2,fresh_y_2))),hash((mul_point(P,hash((seed_x_2,fresh_x_2))),initiator_random_3))),sigma2_info),(mul_point(P,responder_noc_key_3),sign(noc_signing_key,mul_point(P,responder_noc_key_3)),sign(responder_noc_key_3,(mul_point(P,responder_noc_key_3),mul_point(P,hash((seed_y_2,fresh_y_2))),mul_point(P,hash((seed_x_2,fresh_x_2))))),resumption_id_5),ncase_sigma2n,nil))))),sigma3_info),(mul_point(P,initiator_noc_key_3),sign(noc_signing_key,mul_point(P,initiator_noc_key_3)),sign(initiator_noc_key_3,(mul_point(P,initiator_noc_key_3),mul_point(P,hash((seed_x_2,fresh_x_2))),mul_point(P,hash((seed_y_2,fresh_y_2)))))),ncase_sigma3n,nil)))),sekeys_info),q_session_keys_r) at {83} in copy a

in(c, (~M_13,~M_14,~M_15)) with ~M_13 = res_initiator_random_3, ~M_14 = resumption_id_5, ~M_15 = aead_enc(kdf(mul_point(mul_point(P,hash((seed_y_2,fresh_y_2))),hash((seed_x_2,fresh_x_2))),(res_initiator_random_3,resumption_id_5),sigma1_resume),nil,resume1mic_nonce,nil) at {84} in copy a

new resumption_id_3: bitstring creating resumption_id_6 at {87} in copy a

out(c, (~M_23,~M_24)) with ~M_23 = resumption_id_6, ~M_24 = aead_enc(kdf(mul_point(mul_point(P,hash((seed_x_2,fresh_x_2))),hash((seed_y_2,fresh_y_2))),(res_initiator_random_3,resumption_id_6),sigma2_resume),nil,resume2mic_nonce,nil) at {90} in copy a

out(c, ~M_25) with ~M_25 = enc(kdf(mul_point(mul_point(P,hash((seed_x_2,fresh_x_2))),hash((seed_y_2,fresh_y_2))),(res_initiator_random_3,resumption_id_6),sessionresumptionkeys),q_resumption_session_keys_r) at {92} in copy a

new dummy_1: bitstring creating dummy_3 at {93} in copy a

event did_not_reach_end_responder(dummy_3) at {94} in copy a (goal)

The event did_not_reach_end_responder(dummy_3) is executed at {94} in copy a.
A trace has been found.
RESULT not event(did_not_reach_end_responder(x_1)) is false.

--------------------------------------------------------------
Verification summary:

Query inj-event(responder_end(noc,k,r)) ==> inj-event(start_session_with_responder(k,r)) && inj-event(accept_responder_identity(noc,k,r)) is true.

Query inj-event(initiator_end(noc,k,r)) ==> inj-event(start_session_with_initiator(k,r)) is true.

Query not attacker_p1(q_id_i_i[]) is true.

Query not attacker_p1(q_id_i_r[]) is true.

Query not attacker_p1(q_id_r_i[]) is true.

Query not attacker_p1(q_id_r_r[]) is true.

Query not attacker_p1(q_eph_x[]) is true.

Query not attacker_p1(q_eph_y[]) is false.

Query not attacker_p1(q_shared_secret_i[]) is false.

Query not attacker_p1(q_shared_secret_r[]) is false.

Query not attacker_p1(q_session_keys_i[]) is true.

Query not attacker_p1(q_session_keys_r[]) is true.

Query not attacker_p1(q_resumption_session_keys_i[]) is false.

Query not attacker_p1(q_resumption_session_keys_r[]) is false.

Query not event(did_not_reach_end_initiator(x_1)) is false.

Query not event(did_not_reach_end_responder(x_1)) is false.

--------------------------------------------------------------

